timestamp,part_id,couple_percage_nm,vitesse_rotation_rpm,nb_cycles_outil,usure_outil_pct,temperature_actuateur,micro_arrets
2023-10-26 08:13:21,P-Usine_B-000001,4.07,2485,2,0.2,37.2,1
2023-10-26 08:09:12,P-Usine_B-000002,4.87,2455,3,0.4,44.4,0
2023-10-26 08:08:43,P-Usine_B-000003,,2423,4,0.6,36.8,2
2023-10-26 08:16:54,P-Usine_B-000004,5.69,2564,5,0.8,42.9,0
2023-10-26 08:17:41,P-Usine_B-000005,5.13,2485,6,1.0,40.4,1
2023-10-26 08:13:10,P-Usine_B-000006,4.63,2480,7,1.2,35.4,2
2023-10-26 08:18:12,P-Usine_B-000007,4.77,2505,8,1.4,43.0,1
2023-10-26 08:13:47,P-Usine_B-000008,5.63,2615,9,1.6,37.8,1
2023-10-26 08:14:47,P-Usine_B-000009,4.23,2524,10,,36.5,0
2023-10-26 08:24:48,P-Usine_B-000010,5.57,2461,11,2.0,43.7,2
2023-10-26 08:19:19,P-Usine_B-000011,5.35,2531,12,2.2,41.7,2
2023-10-26 08:22:23,P-Usine_B-000012,5.13,2568,13,2.4,39.7,2
2023-10-26 08:19:37,P-Usine_B-000013,5.63,2430,14,2.6,37.2,1
2023-10-26 08:25:06,P-Usine_B-000014,4.88,2411,15,2.8,45.0,2
2023-10-26 08:28:02,P-Usine_B-000015,4.63,2423,16,3.0,36.0,1
2023-10-26 08:24:15,P-Usine_B-000016,4.53,2504,17,3.2,42.8,1
2023-10-26 08:25:27,P-Usine_B-000017,5.31,2425,18,3.4,41.3,1
2023-10-26 08:24:43,P-Usine_B-000018,5.45,2538,19,3.6,36.3,1
2023-10-26 08:33:03,P-Usine_B-000019,4.34,2458,20,3.8,37.2,0
2023-10-26 08:33:03,P-Usine_B-000019,4.34,2458,20,3.8,37.2,0
2023-10-26 08:34:16,P-Usine_B-000020,4.95,2500,21,4.0,41.8,0
2023-10-26 08:34:21,P-Usine_B-000021,4.15,2490,22,4.2,37.7,1
2023-10-26 08:36:00,P-Usine_B-000022,4.73,2486,23,4.4,40.4,0
2023-10-26 08:33:35,P-Usine_B-000023,4.04,2582,24,4.6,39.9,2
2023-10-26 08:35:18,P-Usine_B-000024,5.24,2561,25,4.8,40.5,2
2023-10-26 08:35:27,P-Usine_B-000025,5.15,2495,26,5.0,38.6,2
2023-10-26 08:34:17,P-Usine_B-000026,5.8,2569,27,5.2,40.0,1
2023-10-26 08:35:58,P-Usine_B-000027,5.79,2507,28,5.4,36.2,0
2023-10-26 08:39:17,P-Usine_B-000028,5.83,2484,29,5.6,35.3,0
2023-10-26 08:38:30,P-Usine_B-000029,5.93,2404,30,5.8,43.8,0
2023-10-26 08:35:43,P-Usine_B-000030,4.17,2450,31,6.0,44.4,1
2023-10-26 08:41:28,P-Usine_B-000031,4.57,2550,32,6.2,36.9,1
2023-10-26 08:40:10,P-Usine_B-000032,5.41,2416,33,6.4,39.4,0
2023-10-26 08:44:57,P-Usine_B-000033,5.33,2535,34,6.6,43.4,1
2023-10-26 08:42:25,P-Usine_B-000034,5.38,2551,35,6.8,40.9,1
2023-10-26 08:46:19,P-Usine_B-000035,5.42,2506,999.9,7.0,37.4,2
2023-10-26 08:49:59,P-Usine_B-000036,5.91,2551,37,7.2,42.4,0
2023-10-26 08:50:56,P-Usine_B-000037,4.07,2505,38,7.4,36.6,0
2023-10-26 08:49:28,P-Usine_B-000038,5.19,2471,39,7.6,43.0,0
2023-10-26 08:52:49,P-Usine_B-000039,5.74,2556,40,7.8,44.2,0
2023-10-26 08:53:12,P-Usine_B-000040,5.03,2498,41,8.0,35.8,1
2023-10-26 08:47:14,P-Usine_B-000041,4.16,2576,42,8.2,40.0,1
2023-10-26 08:49:18,P-Usine_B-000042,5.93,2489,43,8.4,35.5,1
2023-10-26 08:54:13,P-Usine_B-000043,4.67,2554,44,8.6,44.8,0
2023-10-26 08:58:48,P-Usine_B-000044,5.21,2598,45,8.8,39.5,0
2023-10-26 08:58:48,P-Usine_B-000044,5.21,2598,45,8.8,39.5,0
2023-10-26 08:52:36,P-Usine_B-000045,5.22,2445,46,9.0,38.9,0
2023-10-26 08:58:45,P-Usine_B-000046,4.95,2475,47,9.2,44.1,2
2023-10-26 08:53:59,P-Usine_B-000047,5.15,2607,48,9.4,36.9,2
2023-10-26 09:00:31,P-Usine_B-000048,4.65,2582,49,9.6,40.0,0
2023-10-26 09:00:31,P-Usine_B-000048,4.65,2582,49,9.6,40.0,0
2023-10-26 09:03:29,P-Usine_B-000049,4.96,2551,50,9.8,40.2,0
2023-10-26 09:03:40,P-Usine_B-000050,5.66,2420,51,10.0,35.9,2
2023-10-26 09:03:40,P-Usine_B-000050,5.66,2420,51,10.0,35.9,2
2023-10-26 09:01:02,P-Usine_B-000051,5.28,2531,52,10.2,35.5,1
2023-10-26 09:07:04,P-Usine_B-000052,5.76,2533,53,10.4,40.9,1
2023-10-26 09:03:58,P-Usine_B-000053,4.07,2518,54,10.6,41.8,2
2023-10-26 09:02:29,P-Usine_B-000054,5.53,2506,55,10.8,36.9,0
2023-10-26 09:06:22,P-Usine_B-000055,4.73,2417,56,11.0,44.5,0
2023-10-26 09:06:22,P-Usine_B-000055,4.73,2417,56,11.0,44.5,0
2023-10-26 09:03:24,P-Usine_B-000056,5.19,2436,57,11.2,43.2,1
2023-10-26 09:02:33,P-Usine_B-000057,5.04,2513,58,11.4,41.6,1
2023-10-26 09:04:42,P-Usine_B-000058,5.39,2537,59,11.6,35.9,2
2023-10-26 09:14:11,P-Usine_B-000059,4.8,2509,60,11.8,42.8,1
2023-10-26 09:10:52,P-Usine_B-000060,4.66,2492,61,12.0,37.3,2
2023-10-26 09:07:11,P-Usine_B-000061,5.89,2582,62,12.2,40.7,0
2023-10-26 09:14:35,P-Usine_B-000062,5.25,2495,63,12.4,40.0,2
2023-10-26 09:08:39,P-Usine_B-000063,4.49,2476,64,12.6,35.5,2
2023-10-26 09:18:03,P-Usine_B-000064,5.5,2480,65,12.8,37.8,2
2023-10-26 09:17:55,P-Usine_B-000065,4.24,2449,66,13.0,42.5,1
2023-10-26 09:10:42,P-Usine_B-000066,4.32,2458,67,13.2,40.1,1
2023-10-26 09:16:14,P-Usine_B-000067,5.45,2460,68,,35.3,1
2023-10-26 09:19:08,P-Usine_B-000068,4.44,2497,69,13.6,36.4,1
2023-10-26 09:14:02,P-Usine_B-000069,4.64,2521,70,13.8,35.8,2
2023-10-26 09:17:55,P-Usine_B-000070,4.89,2507,71,14.0,37.6,2
2023-10-26 09:16:02,P-Usine_B-000071,4.9,2538,72,14.2,38.4,1
2023-10-26 09:17:34,P-Usine_B-000072,5.96,2441,73,14.4,36.3,0
2023-10-26 09:27:15,P-Usine_B-000073,5.58,2483,74,14.6,44.3,2
2023-10-26 09:24:18,P-Usine_B-000074,4.31,2508,75,14.8,43.1,999.9
2023-10-26 09:24:16,,4.51,2533,76,15.0,41.2,0
2023-10-26 09:25:53,P-Usine_B-000076,5.06,2449,77,15.2,36.5,1
2023-10-26 09:27:11,P-Usine_B-000077,5.28,2492,78,15.4,37.7,1
2023-10-26 09:32:51,P-Usine_B-000078,5.53,2516,79,15.6,41.3,0
2023-10-26 09:26:34,P-Usine_B-000079,5.16,2435,80,15.8,38.7,0
2023-10-26 09:28:53,P-Usine_B-000080,4.23,2495,81,16.0,40.8,1
2023-10-26 09:26:19,P-Usine_B-000081,5.55,2456,82,16.2,36.2,1
2023-10-26 09:32:31,P-Usine_B-000082,4.78,2440,83,16.4,39.0,2
2023-10-26 09:33:24,P-Usine_B-000083,4.09,2515,84,16.6,35.7,2
2023-10-26 09:33:10,P-Usine_B-000084,4.31,2549,85,16.8,36.0,2
2023-10-26 09:32:29,P-Usine_B-000085,5.99,2567,86,17.0,41.5,1
2023-10-26 09:34:32,P-Usine_B-000086,4.52,2553,87,17.2,37.2,0
2023-10-26 09:33:47,P-Usine_B-000087,5.18,2513,88,17.4,43.3,2
2023-10-26 09:40:19,P-Usine_B-000088,4.13,2472,89,17.6,43.2,0
2023-10-26 09:40:22,P-Usine_B-000089,5.37,2452,90,999.9,39.0,2
2023-10-26 09:36:37,P-Usine_B-000090,5.15,2455,91,18.0,37.7,1
2023-10-26 09:44:56,P-Usine_B-000091,4.31,2501,92,18.2,43.4,2
2023-10-26 09:45:50,P-Usine_B-000092,5.09,2592,93,18.4,41.5,2
2023-10-26 09:41:28,P-Usine_B-000093,5.52,2485,94,18.6,36.5,1
2023-10-26 09:40:51,P-Usine_B-000094,4.4,2614,95,18.8,43.3,0
2023-10-26 09:43:51,P-Usine_B-000095,5.14,2420,96,19.0,37.3,2
2023-10-26 09:45:52,P-Usine_B-000096,4.7,2473,97,19.2,36.8,2
2023-10-26 09:44:00,P-Usine_B-000097,,2495,98,19.4,35.7,2
2023-10-26 09:50:40,P-Usine_B-000098,4.21,2433,99,19.6,37.0,1
2023-10-26 09:50:40,P-Usine_B-000098,4.21,2433,99,19.6,37.0,1
2023-10-26 09:48:34,P-Usine_B-000099,5.94,2551,100,19.8,39.9,0
2023-10-26 09:45:35,P-Usine_B-000100,5.5,2492,101,20.0,39.2,1
2023-10-26 09:49:55,P-Usine_B-000101,4.65,2599,102,20.2,43.5,2
2023-10-26 09:51:23,P-Usine_B-000102,4.57,2445,103,20.4,36.0,0
2023-10-26 09:49:32,P-Usine_B-000103,5.24,2462,104,20.6,40.6,2
2023-10-26 09:53:06,P-Usine_B-000104,4.81,2525,105,20.8,38.9,0
2023-10-26 09:58:12,P-Usine_B-000105,5.08,2462,106,21.0,35.1,1
2023-10-26 09:59:05,P-Usine_B-000106,4.53,2511,107,21.2,40.9,1
2023-10-26 09:58:54,P-Usine_B-000107,5.39,2506,108,21.4,35.0,2
2023-10-26 10:01:47,P-Usine_B-000108,4.35,2448,109,21.6,35.1,1
2023-10-26 10:00:57,P-Usine_B-000109,4.16,2390,110,21.8,38.5,0
2023-10-26 09:58:11,P-Usine_B-000110,5.89,2427,111,22.0,41.1,0
2023-10-26 10:02:14,P-Usine_B-000111,5.68,2427,112,22.2,45.0,0
2023-10-26 10:02:59,P-Usine_B-000112,4.44,2489,113,22.4,44.6,1
2023-10-26 10:07:10,P-Usine_B-000113,4.35,2457,114,22.6,38.1,0
2023-10-26 10:02:03,P-Usine_B-000114,5.18,2504,115,22.8,42.5,0
2023-10-26 10:06:30,P-Usine_B-000115,5.4,2464,116,23.0,42.9,0
2023-10-26 10:05:50,P-Usine_B-000116,5.65,2497,117,23.2,40.0,0
2023-10-26 10:11:07,P-Usine_B-000117,5.39,2448,118,23.4,37.3,1
2023-10-26 10:05:57,P-Usine_B-000118,5.92,2549,119,23.6,37.1,2
2023-10-26 10:13:39,P-Usine_B-000119,5.35,2522,120,23.8,43.3,0
2023-10-26 10:11:48,P-Usine_B-000120,5.64,2523,121,24.0,36.5,0
2023-10-26 10:14:43,P-Usine_B-000121,4.78,2581,122,24.2,38.9,0
2023-10-26 10:15:57,P-Usine_B-000122,5.4,2411,123,24.4,41.9,0
2023-10-26 10:10:57,P-Usine_B-000123,4.88,2457,124,24.6,42.9,1
2023-10-26 10:11:56,P-Usine_B-000124,4.35,2481,125,24.8,35.3,2
2023-10-26 10:12:12,P-Usine_B-000125,4.01,2437,126,25.0,42.9,0
2023-10-26 10:15:09,P-Usine_B-000126,5.44,2539,127,25.2,36.0,0
2023-10-26 10:17:34,P-Usine_B-000127,5.57,2458,999.9,25.4,44.3,1
2023-10-26 10:15:44,P-Usine_B-000128,5.79,2459,129,25.6,37.5,0
2023-10-26 10:19:17,P-Usine_B-000129,4.93,2441,130,25.8,38.1,0
2023-10-26 10:23:02,P-Usine_B-000130,5.87,2579,131,26.0,42.6,1
2023-10-26 10:18:51,P-Usine_B-000131,5.27,2519,132,26.2,39.6,1
2023-10-26 10:17:32,P-Usine_B-000132,5.14,2475,133,26.4,42.8,0
2023-10-26 10:21:08,P-Usine_B-000133,,2494,134,26.6,38.6,0
2023-10-26 10:21:37,P-Usine_B-000134,5.3,2483,135,26.8,42.4,1
2023-10-26 10:20:29,P-Usine_B-000135,5.35,2469,136,27.0,42.0,0
2023-10-26 10:24:55,P-Usine_B-000136,4.45,2484,137,27.2,44.0,0
2023-10-26 10:28:55,P-Usine_B-000137,5.74,2497,138,27.4,40.9,1
2023-10-26 10:32:34,P-Usine_B-000138,4.2,2531,139,27.6,39.7,0
2023-10-26 10:29:16,P-Usine_B-000139,5.79,2422,140,27.8,35.6,1
2023-10-26 10:28:27,P-Usine_B-000140,4.36,2503,141,28.0,38.1,1
2023-10-26 10:30:29,P-Usine_B-000141,4.61,2496,142,28.2,40.3,2
2023-10-26 10:28:21,P-Usine_B-000142,5.24,2418,143,28.4,38.9,1
2023-10-26 10:31:27,P-Usine_B-000143,5.45,2554,144,28.6,39.1,1
2023-10-26 10:33:59,P-Usine_B-000144,5.91,2355,145,28.8,41.1,1
2023-10-26 10:29:58,P-Usine_B-000145,5.57,2481,146,29.0,37.9,0
2023-10-26 10:32:02,P-Usine_B-000146,4.43,2500,147,29.2,39.3,2
2023-10-26 10:40:18,P-Usine_B-000147,5.44,2478,148,29.4,44.4,2
2023-10-26 10:39:30,P-Usine_B-000148,4.2,2484,149,29.6,36.2,0
2023-10-26 10:42:38,P-Usine_B-000149,5.49,2576,150,29.8,43.2,0
2023-10-26 10:43:18,P-Usine_B-000150,5.19,2531,151,30.0,41.7,0
2023-10-26 10:46:03,P-Usine_B-000151,4.55,2589,152,30.2,41.2,2
2023-10-26 10:43:22,P-Usine_B-000152,5.86,2511,153,30.4,40.3,2
2023-10-26 10:38:27,P-Usine_B-000153,5.99,2598,154,30.6,39.3,1
2023-10-26 10:40:30,P-Usine_B-000154,5.52,2519,155,30.8,37.9,1
2023-10-26 10:44:30,P-Usine_B-000155,5.48,2471,156,31.0,38.7,1
2023-10-26 10:48:56,P-Usine_B-000156,5.0,2396,157,31.2,38.9,0
2023-10-26 10:51:27,P-Usine_B-000157,5.03,999.9,158,31.4,36.0,1
2023-10-26 10:44:22,P-Usine_B-000158,5.25,2568,159,31.6,39.3,2
2023-10-26 10:48:35,P-Usine_B-000159,5.03,2507,160,31.8,39.4,1
2023-10-26 10:50:07,P-Usine_B-000160,5.73,2549,161,32.0,44.2,0
2023-10-26 10:56:05,P-Usine_B-000161,4.61,2531,162,32.2,39.6,2
2023-10-26 10:54:13,P-Usine_B-000162,4.85,2420,163,32.4,42.8,1
2023-10-26 10:48:14,P-Usine_B-000163,5.53,2485,164,32.6,35.6,2
2023-10-26 10:49:30,P-Usine_B-000164,4.02,2425,165,32.8,39.3,2
2023-10-26 10:54:14,P-Usine_B-000165,5.75,2548,166,33.0,42.6,2
2023-10-26 10:51:14,P-Usine_B-000166,4.95,2525,167,33.2,36.2,2
2023-10-26 10:57:32,P-Usine_B-000167,5.41,2616,168,33.4,40.9,0
2023-10-26 10:53:29,P-Usine_B-000168,4.47,2431,169,33.6,36.7,2
2023-10-26 10:57:54,P-Usine_B-000169,4.93,2534,170,33.8,42.7,2
2023-10-26 10:56:18,P-Usine_B-000170,5.35,2452,171,34.0,42.7,1
2023-10-26 10:57:00,P-Usine_B-000171,4.71,2368,172,34.2,44.5,1
2023-10-26 10:59:16,P-Usine_B-000172,5.11,2439,173,34.4,35.6,1
2023-10-26 11:02:22,P-Usine_B-000173,4.39,2565,174,34.6,44.3,0
2023-10-26 11:03:51,P-Usine_B-000174,999.9,2562,175,34.8,39.9,0
2023-10-26 11:03:54,P-Usine_B-000175,4.05,2525,176,35.0,44.2,0
2023-10-26 11:02:20,P-Usine_B-000176,5.93,2501,177,35.2,43.2,0
2023-10-26 11:05:40,P-Usine_B-000177,5.47,2546,178,35.4,39.1,1
2023-10-26 11:10:43,P-Usine_B-000178,5.84,2473,179,35.6,37.2,0
2023-10-26 11:05:05,P-Usine_B-000179,4.01,2518,180,35.8,35.1,2
2023-10-26 11:12:29,P-Usine_B-000180,4.63,2517,181,36.0,35.8,0
2023-10-26 11:09:39,P-Usine_B-000181,5.32,2514,182,36.2,35.9,1
2023-10-26 11:14:00,P-Usine_B-000182,5.68,2566,183,36.4,43.1,1
2023-10-26 11:13:15,P-Usine_B-000183,5.83,2565,184,36.6,39.6,2
2023-10-26 11:14:50,P-Usine_B-000184,5.38,2535,185,36.8,36.5,1
2023-10-26 11:10:46,P-Usine_B-000185,4.31,2518,186,37.0,44.9,0
2023-10-26 11:14:47,P-Usine_B-000186,4.98,2578,187,37.2,40.3,0
2023-10-26 11:18:04,P-Usine_B-000187,4.37,2520,188,37.4,35.8,1
2023-10-26 11:20:26,P-Usine_B-000188,5.23,2546,189,37.6,38.4,2
2023-10-26 11:15:35,P-Usine_B-000189,4.31,2602,190,37.8,44.4,2
2023-10-26 11:23:42,P-Usine_B-000190,5.44,2500,,38.0,43.5,0
2023-10-26 11:16:40,P-Usine_B-000191,5.95,2524,192,38.2,42.6,0
2023-10-26 11:22:11,P-Usine_B-000192,4.96,2583,193,38.4,35.2,1
2023-10-26 11:26:06,P-Usine_B-000193,5.19,2514,194,38.6,39.0,1
2023-10-26 11:25:36,P-Usine_B-000194,4.54,2574,195,38.8,42.6,0
2023-10-26 11:30:22,P-Usine_B-000195,5.29,2546,196,39.0,35.9,1
2023-10-26 11:29:30,P-Usine_B-000196,5.44,2447,197,39.2,35.6,2
2023-10-26 11:32:13,P-Usine_B-000197,5.33,2445,198,39.4,35.3,2
2023-10-26 11:24:33,P-Usine_B-000198,5.47,2522,199,39.6,44.6,0
2023-10-26 11:28:50,P-Usine_B-000199,4.37,2440,200,39.8,35.8,1
2023-10-26 11:31:31,P-Usine_B-000200,5.36,2476,201,40.0,43.2,0
2023-10-26 11:34:49,P-Usine_B-000201,4.44,2542,202,40.2,39.3,1
2023-10-26 11:34:10,P-Usine_B-000202,5.43,999.9,203,40.4,37.9,0
2023-10-26 11:30:09,P-Usine_B-000203,4.26,2485,204,40.6,36.8,1
2023-10-26 11:37:41,P-Usine_B-000204,4.29,2472,205,40.8,43.2,0
2023-10-26 11:31:01,P-Usine_B-000205,5.05,2546,206,41.0,37.4,0
2023-10-26 11:41:04,P-Usine_B-000206,5.47,2568,207,,35.1,0
2023-10-26 11:33:44,P-Usine_B-000207,5.93,2513,208,41.4,41.7,1
2023-10-26 11:36:41,P-Usine_B-000208,5.77,2496,209,41.6,35.4,1
2023-10-26 11:41:15,P-Usine_B-000209,5.79,2562,210,41.8,43.9,2
2023-10-26 11:40:33,P-Usine_B-000210,4.95,2601,211,42.0,37.3,1
2023-10-26 11:43:46,P-Usine_B-000211,5.85,2436,212,42.2,38.0,1
2023-10-26 11:43:46,P-Usine_B-000211,5.85,2436,212,42.2,38.0,1
2023-10-26 11:39:46,P-Usine_B-000212,5.11,2499,213,42.4,44.3,2
2023-10-26 11:42:10,P-Usine_B-000213,5.2,2502,214,42.6,44.0,1
2023-10-26 11:41:55,P-Usine_B-000214,5.23,2488,215,42.8,35.5,2
2023-10-26 11:43:30,P-Usine_B-000215,5.4,2501,216,43.0,40.3,1
2023-10-26 11:49:59,P-Usine_B-000216,4.91,2528,217,43.2,40.9,0
2023-10-26 11:50:26,P-Usine_B-000217,4.69,2507,218,43.4,38.5,1
2023-10-26 11:42:52,P-Usine_B-000218,4.31,2509,219,43.6,41.6,1
2023-10-26 11:50:26,P-Usine_B-000219,5.93,2536,220,43.8,38.3,0
2023-10-26 11:48:51,P-Usine_B-000220,5.26,2528,221,44.0,37.7,0
2023-10-26 11:55:17,P-Usine_B-000221,4.07,2514,222,44.2,42.0,1
2023-10-26 11:53:22,P-Usine_B-000222,4.75,2474,223,44.4,39.9,0
2023-10-26 11:49:58,P-Usine_B-000223,4.69,2460,224,44.6,38.1,0
2023-10-26 11:51:52,P-Usine_B-000224,5.43,2531,225,44.8,41.2,1
2023-10-26 11:51:37,P-Usine_B-000225,4.29,2549,226,45.0,44.9,0
2023-10-26 11:55:21,P-Usine_B-000226,5.65,2394,227,45.2,36.7,0
2023-10-26 12:01:38,P-Usine_B-000227,5.36,2456,228,45.4,35.4,2
2023-10-26 12:02:23,P-Usine_B-000228,5.21,2474,229,45.6,35.5,1
2023-10-26 11:57:01,P-Usine_B-000229,5.03,2477,230,45.8,40.7,2
2023-10-26 11:57:07,P-Usine_B-000230,4.58,2415,231,46.0,43.7,1
2023-10-26 11:57:12,P-Usine_B-000231,5.61,2494,232,46.2,44.7,2
2023-10-26 11:57:12,P-Usine_B-000231,5.61,2494,232,46.2,44.7,2
2023-10-26 12:05:47,P-Usine_B-000232,5.76,2501,233,46.4,36.3,1
2023-10-26 12:02:45,P-Usine_B-000233,5.23,999.9,234,46.6,40.3,1
2023-10-26 12:04:25,P-Usine_B-000234,4.56,2448,235,46.8,42.5,2
2023-10-26 12:07:22,P-Usine_B-000235,5.06,2472,236,47.0,37.9,2
2023-10-26 12:01:32,P-Usine_B-000236,5.94,2399,237,47.2,44.9,0
2023-10-26 12:02:25,P-Usine_B-000237,4.94,2553,238,47.4,40.7,0
2023-10-26 12:04:44,P-Usine_B-000238,4.23,2378,239,47.6,45.0,1
2023-10-26 12:11:57,P-Usine_B-000239,4.54,2552,240,47.8,41.1,0
2023-10-26 12:05:18,P-Usine_B-000240,4.3,2452,241,48.0,38.0,2
2023-10-26 12:06:39,P-Usine_B-000241,5.28,2459,242,48.2,42.2,1
2023-10-26 12:09:02,P-Usine_B-000242,5.99,2523,243,48.4,43.8,2
2023-10-26 12:16:20,P-Usine_B-000243,4.25,2529,244,48.6,36.9,0
2023-10-26 12:15:15,P-Usine_B-000244,4.11,2488,245,48.8,42.1,2
2023-10-26 12:10:48,P-Usine_B-000245,4.02,2562,246,49.0,38.2,0
2023-10-26 12:11:42,P-Usine_B-000246,5.13,2549,247,49.2,40.3,0
2023-10-26 12:16:32,P-Usine_B-000247,5.41,2686,248,49.4,39.7,2
2023-10-26 12:16:32,P-Usine_B-000247,5.41,2686,248,49.4,39.7,2
2023-10-26 12:16:09,P-Usine_B-000248,5.7,2530,249,49.6,35.2,0
2023-10-26 12:15:16,P-Usine_B-000249,5.89,2526,999.9,49.8,44.2,0
2023-10-26 12:18:23,P-Usine_B-000250,4.03,2477,251,50.0,41.4,2
2023-10-26 12:23:20,P-Usine_B-000251,5.84,2434,252,50.2,41.3,0
2023-10-26 12:19:47,P-Usine_B-000252,5.52,2570,253,50.4,40.3,1
2023-10-26 12:22:00,P-Usine_B-000253,4.05,2509,254,50.6,35.4,2
2023-10-26 12:27:33,P-Usine_B-000254,4.94,2537,255,50.8,39.7,1
2023-10-26 12:21:52,P-Usine_B-000255,4.98,2429,256,51.0,44.7,0
2023-10-26 12:26:47,P-Usine_B-000256,4.18,2548,257,51.2,35.5,2
2023-10-26 12:26:59,P-Usine_B-000257,5.55,2492,258,51.4,42.9,0
2023-10-26 12:31:39,P-Usine_B-000258,5.54,2479,259,51.6,44.3,1
2023-10-26 12:30:35,P-Usine_B-000259,4.56,2513,260,51.8,39.3,1
2023-10-26 12:31:49,P-Usine_B-000260,4.95,2488,261,52.0,39.4,1
2023-10-26 12:30:50,P-Usine_B-000261,5.33,2477,262,52.2,39.0,0
2023-10-26 12:30:50,P-Usine_B-000261,5.33,2477,262,52.2,39.0,0
2023-10-26 12:28:54,P-Usine_B-000262,4.06,2548,263,52.4,41.9,
2023-10-26 12:32:03,P-Usine_B-000263,5.58,2482,264,52.6,37.5,0
2023-10-26 12:31:20,P-Usine_B-000264,5.64,2514,265,52.8,36.2,1
2023-10-26 12:36:22,P-Usine_B-000265,5.16,2478,266,53.0,36.0,1
2023-10-26 12:30:09,P-Usine_B-000266,4.35,2586,267,53.2,36.9,0
2023-10-26 12:36:50,P-Usine_B-000267,5.28,2460,268,53.4,40.9,0
2023-10-26 12:37:49,P-Usine_B-000268,4.06,2446,269,53.6,35.4,0
2023-10-26 12:34:06,P-Usine_B-000269,5.86,2471,270,53.8,999.9,0
2023-10-26 12:36:23,P-Usine_B-000270,4.07,2543,271,54.0,38.7,1
2023-10-26 12:35:54,P-Usine_B-000271,5.63,2437,272,54.2,37.4,2
2023-10-26 12:40:29,P-Usine_B-000272,4.49,2542,273,54.4,42.7,0
2023-10-26 12:43:44,P-Usine_B-000273,5.57,2469,274,54.6,35.9,0
2023-10-26 12:46:16,P-Usine_B-000274,5.82,2464,275,54.8,38.1,2
2023-10-26 12:43:20,P-Usine_B-000275,5.27,2497,276,55.0,35.5,1
2023-10-26 12:43:25,P-Usine_B-000276,4.97,2509,277,55.2,39.9,1
2023-10-26 12:49:52,P-Usine_B-000277,4.81,2537,278,55.4,36.2,2
2023-10-26 12:43:06,P-Usine_B-000278,5.83,2508,279,55.6,36.9,0
2023-10-26 12:43:53,P-Usine_B-000279,4.86,2532,280,55.8,44.3,2
2023-10-26 12:51:00,P-Usine_B-000280,4.71,2483,281,56.0,41.5,0
2023-10-26 12:51:23,P-Usine_B-000281,4.0,2456,282,56.2,42.6,1
2023-10-26 12:48:01,P-Usine_B-000282,4.23,2561,283,56.4,38.8,2
2023-10-26 12:56:18,P-Usine_B-000283,5.02,2482,284,56.6,37.3,0
2023-10-26 12:48:47,P-Usine_B-000284,4.25,2503,285,56.8,39.1,2
2023-10-26 12:48:47,P-Usine_B-000284,4.25,2503,285,56.8,39.1,2
2023-10-26 12:55:08,P-Usine_B-000285,5.68,2461,286,57.0,35.3,0
2023-10-26 12:54:08,P-Usine_B-000286,4.57,,287,57.2,41.4,0
2023-10-26 12:54:39,P-Usine_B-000287,4.23,2495,288,57.4,41.7,1
2023-10-26 12:54:12,P-Usine_B-000288,4.38,2496,289,57.6,36.6,1
2023-10-26 12:58:48,P-Usine_B-000289,5.95,2500,290,57.8,35.5,0
2023-10-26 12:56:33,P-Usine_B-000290,4.55,2444,291,58.0,38.1,2
2023-10-26 12:59:06,P-Usine_B-000291,5.0,2524,292,58.2,44.3,999.9
2023-10-26 13:02:23,P-Usine_B-000292,5.68,2614,293,58.4,39.4,0
2023-10-26 13:04:19,P-Usine_B-000293,5.5,2538,294,58.6,44.8,0
2023-10-26 13:03:03,P-Usine_B-000294,5.62,2527,295,58.8,38.9,0
2023-10-26 13:00:37,P-Usine_B-000295,4.92,2500,296,59.0,41.2,1
2023-10-26 13:06:10,P-Usine_B-000296,4.85,2518,297,59.2,37.6,1
2023-10-26 13:05:18,P-Usine_B-000297,5.26,2521,298,59.4,37.3,2
2023-10-26 13:02:37,P-Usine_B-000298,4.87,2423,299,59.6,44.2,0
2023-10-26 13:05:37,P-Usine_B-000299,4.91,2498,300,59.8,37.1,0
2023-10-26 13:05:00,P-Usine_B-000300,5.05,2459,301,60.0,44.9,1
2023-10-26 13:08:13,P-Usine_B-000301,5.41,2563,302,60.2,40.3,0
2023-10-26 13:12:52,P-Usine_B-000302,5.06,2511,303,60.4,39.0,2
2023-10-26 13:07:32,P-Usine_B-000303,5.04,2521,304,60.6,40.1,2
2023-10-26 13:12:25,P-Usine_B-000304,5.21,2431,305,60.8,39.4,0
2023-10-26 13:09:32,P-Usine_B-000305,4.35,2544,306,61.0,44.8,1
2023-10-26 13:12:51,P-Usine_B-000306,4.78,2464,307,61.2,42.0,1
2023-10-26 13:18:23,P-Usine_B-000307,5.9,2488,308,61.4,42.3,2
2023-10-26 13:16:10,P-Usine_B-000308,4.13,2536,309,61.6,35.0,1
2023-10-26 13:13:10,P-Usine_B-000309,4.89,,310,61.8,43.7,0
2023-10-26 13:21:48,P-Usine_B-000310,4.77,2533,311,62.0,43.3,0
2023-10-26 13:16:09,P-Usine_B-000311,4.57,2544,312,62.2,44.5,0
2023-10-26 13:22:54,P-Usine_B-000312,5.21,2639,313,62.4,37.0,2
2023-10-26 13:16:19,P-Usine_B-000313,4.91,2446,314,62.6,38.6,0
2023-10-26 13:25:35,P-Usine_B-000314,5.98,2457,315,62.8,41.8,0
2023-10-26 13:22:16,P-Usine_B-000315,5.66,2447,316,63.0,43.3,2
2023-10-26 13:21:24,P-Usine_B-000316,5.15,2505,317,63.2,39.9,2
2023-10-26 13:26:01,P-Usine_B-000317,4.73,2503,318,63.4,43.5,1
2023-10-26 13:23:00,P-Usine_B-000318,4.8,2493,319,63.6,37.5,2
2023-10-26 13:25:27,P-Usine_B-000319,5.98,2495,320,63.8,38.0,0
2023-10-26 13:23:32,P-Usine_B-000320,4.7,2465,321,64.0,41.2,1
2023-10-26 13:24:51,P-Usine_B-000321,4.01,2534,322,64.2,39.1,2
2023-10-26 13:33:28,P-Usine_B-000322,5.61,2529,323,64.4,36.7,2
2023-10-26 13:33:19,P-Usine_B-000323,5.9,2551,324,64.6,41.3,2
2023-10-26 13:36:11,P-Usine_B-000324,4.44,2469,325,64.8,41.3,2
2023-10-26 13:29:43,P-Usine_B-000325,4.9,2544,326,65.0,42.5,0
2023-10-26 13:31:16,P-Usine_B-000326,4.71,2489,327,65.2,44.0,2
2023-10-26 13:32:58,P-Usine_B-000327,4.37,2548,328,65.4,39.0,0
2023-10-26 13:31:27,P-Usine_B-000328,5.28,2528,329,65.6,36.7,1
2023-10-26 13:38:27,P-Usine_B-000329,5.16,2478,330,65.8,37.0,2
2023-10-26 13:34:05,P-Usine_B-000330,4.21,2438,331,66.0,42.0,2
2023-10-26 13:34:51,P-Usine_B-000331,5.6,2463,332,66.2,43.3,2
2023-10-26 13:38:54,P-Usine_B-000332,4.37,2530,333,66.4,40.3,2
2023-10-26 13:37:21,P-Usine_B-000333,5.47,2480,334,66.6,43.1,2
2023-10-26 13:39:41,P-Usine_B-000334,4.01,2459,335,66.8,45.0,2
2023-10-26 13:38:32,P-Usine_B-000335,4.31,2549,336,67.0,42.2,1
2023-10-26 13:48:29,P-Usine_B-000336,4.32,2497,337,67.2,40.3,1
2023-10-26 13:41:30,P-Usine_B-000337,5.14,2559,338,67.4,44.9,0
2023-10-26 13:41:30,P-Usine_B-000337,5.14,2559,338,67.4,44.9,0
2023-10-26 13:45:46,P-Usine_B-000338,5.29,2486,339,67.6,35.1,2
2023-10-26 13:48:42,P-Usine_B-000339,5.7,2617,340,67.8,40.0,1
2023-10-26 13:50:21,P-Usine_B-000340,5.94,2519,341,68.0,,2
2023-10-26 13:44:21,P-Usine_B-000341,5.9,2564,342,68.2,40.9,2
2023-10-26 13:49:24,P-Usine_B-000342,4.6,2565,343,68.4,38.5,2
2023-10-26 13:49:16,P-Usine_B-000343,5.29,2498,344,68.6,39.3,1
2023-10-26 13:48:25,P-Usine_B-000344,5.92,2358,345,68.8,36.6,2
2023-10-26 13:51:19,P-Usine_B-000345,4.33,2562,346,69.0,43.5,0
2023-10-26 13:49:55,P-Usine_B-000346,4.32,2444,347,69.2,43.9,2
2023-10-26 13:50:09,P-Usine_B-000347,5.24,2474,348,69.4,44.7,0
2023-10-26 13:52:10,P-Usine_B-000348,5.39,2528,349,69.6,37.2,0
2023-10-26 13:57:17,P-Usine_B-000349,5.45,2501,350,69.8,44.6,0
2023-10-26 13:53:31,P-Usine_B-000350,5.47,2498,351,70.0,43.8,2
2023-10-26 14:00:04,P-Usine_B-000351,5.67,2585,352,70.2,41.5,1
2023-10-26 14:03:51,P-Usine_B-000352,5.26,2530,353,70.4,35.6,1
2023-10-26 14:00:43,P-Usine_B-000353,4.72,2486,354,70.6,42.1,
2023-10-26 14:04:09,P-Usine_B-000354,5.98,2550,355,70.8,43.8,1
2023-10-26 14:00:44,P-Usine_B-000355,5.21,2503,356,71.0,42.4,1
2023-10-26 14:00:42,P-Usine_B-000356,5.96,2491,357,71.2,37.1,0
2023-10-26 14:08:32,P-Usine_B-000357,5.39,2512,358,71.4,42.4,0
2023-10-26 14:01:44,P-Usine_B-000358,4.3,2527,359,71.6,41.8,0
2023-10-26 14:11:00,P-Usine_B-000359,5.94,2515,360,71.8,41.2,2
2023-10-26 14:03:49,P-Usine_B-000360,4.7,2538,361,72.0,36.3,0
2023-10-26 14:08:04,P-Usine_B-000361,5.51,2473,362,72.2,38.3,2
2023-10-26 14:09:16,P-Usine_B-000362,5.18,2404,363,72.4,38.8,2
2023-10-26 14:13:51,P-Usine_B-000363,4.25,2466,364,72.6,35.0,2
2023-10-26 14:08:49,P-Usine_B-000364,4.72,2545,365,72.8,39.7,2
2023-10-26 14:14:12,P-Usine_B-000365,999.9,2535,366,73.0,40.2,2
2023-10-26 14:13:03,P-Usine_B-000366,4.11,2498,367,73.2,35.7,2
2023-10-26 14:13:32,P-Usine_B-000367,5.39,2518,368,73.4,35.7,1
2023-10-26 14:18:52,P-Usine_B-000368,5.92,2492,369,73.6,,1
2023-10-26 14:18:57,P-Usine_B-000369,5.58,2493,370,73.8,40.4,0
2023-10-26 14:14:48,P-Usine_B-000370,5.32,2513,371,74.0,41.5,2
2023-10-26 14:15:00,P-Usine_B-000371,5.95,2510,372,74.2,37.1,0
2023-10-26 14:17:39,P-Usine_B-000372,5.21,2516,373,74.4,35.9,1
2023-10-26 14:17:46,P-Usine_B-000373,4.82,2469,374,74.6,36.2,0
2023-10-26 14:20:48,P-Usine_B-000374,5.01,2512,375,74.8,42.4,2
2023-10-26 14:21:15,P-Usine_B-000375,5.39,2458,376,75.0,39.8,2
,P-Usine_B-000376,4.85,2565,377,75.2,38.5,1
2023-10-26 14:22:23,P-Usine_B-000377,4.02,2431,378,75.4,43.4,0
2023-10-26 14:30:00,P-Usine_B-000378,5.26,2512,379,75.6,42.0,1
2023-10-26 14:30:49,P-Usine_B-000379,4.0,2531,999.9,75.8,44.9,0
2023-10-26 14:31:01,P-Usine_B-000380,4.68,2446,381,76.0,35.2,0
2023-10-26 14:34:29,P-Usine_B-000381,5.95,2478,382,76.2,38.8,2
2023-10-26 14:26:21,P-Usine_B-000382,4.63,2471,383,76.4,39.4,1
2023-10-26 14:28:22,P-Usine_B-000383,4.75,2588,384,76.6,35.5,0
2023-10-26 14:29:06,P-Usine_B-000384,5.99,2514,385,76.8,40.8,2
2023-10-26 14:36:48,P-Usine_B-000385,4.46,2476,386,77.0,35.6,2
2023-10-26 14:31:45,P-Usine_B-000386,4.05,2541,387,77.2,44.2,2
2023-10-26 14:37:49,P-Usine_B-000387,4.09,2432,999.9,77.4,41.1,0
2023-10-26 14:41:21,P-Usine_B-000388,4.65,2599,389,77.6,35.2,0
2023-10-26 14:37:29,P-Usine_B-000389,4.77,2520,390,77.8,43.2,0
2023-10-26 14:37:41,P-Usine_B-000390,4.97,2506,391,78.0,44.3,1
2023-10-26 14:37:45,P-Usine_B-000391,5.16,2593,392,78.2,37.4,1
2023-10-26 14:37:31,P-Usine_B-000392,5.72,2446,393,78.4,37.2,0
2023-10-26 14:38:15,P-Usine_B-000393,4.02,2473,394,78.6,40.3,1
2023-10-26 14:39:30,P-Usine_B-000394,5.91,2484,395,78.8,39.8,1
2023-10-26 14:42:24,P-Usine_B-000395,4.69,2553,396,79.0,44.1,0
2023-10-26 14:46:46,P-Usine_B-000396,5.52,2538,397,79.2,43.7,2
2023-10-26 14:46:46,P-Usine_B-000396,5.52,2538,397,79.2,43.7,2
2023-10-26 14:43:24,P-Usine_B-000397,5.0,2538,398,79.4,36.9,1
2023-10-26 14:50:55,P-Usine_B-000398,4.98,2449,399,79.6,41.3,1
2023-10-26 14:50:54,P-Usine_B-000399,5.03,2523,400,79.8,36.4,2
2023-10-26 14:52:26,P-Usine_B-000400,5.99,2422,401,80.0,42.0,0
2023-10-26 14:50:54,P-Usine_B-000401,5.59,2441,402,80.2,41.2,2
2023-10-26 14:54:36,P-Usine_B-000402,4.77,2371,403,80.4,44.2,2
2023-10-26 14:54:11,P-Usine_B-000403,4.21,2469,404,80.6,43.1,2
2023-10-26 14:51:12,P-Usine_B-000404,5.88,2497,405,80.8,40.3,0
2023-10-26 14:50:59,P-Usine_B-000405,4.9,2439,406,81.0,39.5,2
2023-10-26 14:50:21,P-Usine_B-000406,4.48,2604,407,81.2,35.6,2
2023-10-26 14:51:22,P-Usine_B-000407,4.42,2550,408,81.4,44.5,0
2023-10-26 14:56:46,P-Usine_B-000408,5.19,2484,409,81.6,44.1,0
2023-10-26 15:00:01,P-Usine_B-000409,4.08,2503,410,81.8,35.2,2
2023-10-26 14:55:38,P-Usine_B-000410,4.39,2494,,82.0,36.3,1
2023-10-26 14:57:23,P-Usine_B-000411,5.95,2572,412,82.2,40.9,0
2023-10-26 15:02:01,P-Usine_B-000412,5.66,2529,413,82.4,41.8,1
2023-10-26 15:01:59,P-Usine_B-000413,5.38,2545,414,82.6,35.8,2
2023-10-26 14:58:13,P-Usine_B-000414,5.09,2551,415,82.8,41.1,0
2023-10-26 15:08:30,P-Usine_B-000415,5.94,2557,416,83.0,38.9,0
2023-10-26 15:06:18,P-Usine_B-000416,4.24,2508,417,83.2,37.4,2
2023-10-26 15:05:43,P-Usine_B-000417,5.26,2507,418,83.4,42.8,0
2023-10-26 15:05:57,P-Usine_B-000418,4.39,2433,419,83.6,43.4,1
2023-10-26 15:12:41,P-Usine_B-000419,4.46,2538,420,83.8,40.6,1
2023-10-26 15:08:31,P-Usine_B-000420,5.1,2558,421,84.0,39.5,1
2023-10-26 15:06:37,P-Usine_B-000421,4.9,2450,422,84.2,35.2,1
2023-10-26 15:08:52,P-Usine_B-000422,4.93,2415,423,84.4,37.7,1
2023-10-26 15:09:43,P-Usine_B-000423,5.44,2436,424,84.6,35.2,0
2023-10-26 15:17:37,P-Usine_B-000424,999.9,2558,425,84.8,44.3,2
2023-10-26 15:10:52,P-Usine_B-000425,5.59,2516,426,85.0,39.6,2
2023-10-26 15:19:11,P-Usine_B-000426,5.98,2516,427,85.2,35.7,0
2023-10-26 15:13:19,P-Usine_B-000427,5.99,2429,428,85.4,40.7,2
2023-10-26 15:17:37,P-Usine_B-000428,5.93,2611,429,85.6,41.4,1
2023-10-26 15:20:32,P-Usine_B-000429,4.31,2557,430,85.8,44.9,0
2023-10-26 15:18:12,P-Usine_B-000430,4.96,2553,431,86.0,40.4,0
2023-10-26 15:21:13,P-Usine_B-000431,4.5,2429,432,86.2,40.5,1
2023-10-26 15:21:13,P-Usine_B-000432,,2443,433,86.4,44.6,1
2023-10-26 15:22:23,P-Usine_B-000433,4.38,2433,434,86.6,39.6,2
2023-10-26 15:22:23,P-Usine_B-000433,4.38,2433,434,86.6,39.6,2
2023-10-26 15:21:00,P-Usine_B-000434,4.37,2491,435,86.8,39.8,2
2023-10-26 15:18:59,P-Usine_B-000435,4.89,2581,436,87.0,37.0,0
2023-10-26 15:18:59,P-Usine_B-000435,4.89,2581,436,87.0,37.0,0
2023-10-26 15:28:05,P-Usine_B-000436,5.0,2553,437,87.2,40.1,2
2023-10-26 15:23:09,P-Usine_B-000437,4.13,2458,438,87.4,40.8,1
2023-10-26 15:24:45,P-Usine_B-000438,4.72,2523,439,87.6,39.8,0
2023-10-26 15:28:13,P-Usine_B-000439,4.13,2390,440,87.8,41.1,0
2023-10-26 15:32:54,P-Usine_B-000440,4.22,2441,441,88.0,38.7,1
2023-10-26 15:26:28,P-Usine_B-000441,5.52,2407,442,88.2,36.4,1
2023-10-26 15:31:52,P-Usine_B-000442,4.85,2599,443,88.4,36.8,1
2023-10-26 15:29:48,P-Usine_B-000443,5.76,2437,444,88.6,40.9,1
2023-10-26 15:29:38,P-Usine_B-000444,5.48,2636,445,88.8,43.7,2
2023-10-26 15:28:55,P-Usine_B-000445,5.61,2588,446,89.0,41.6,1
2023-10-26 15:36:06,P-Usine_B-000446,4.32,2452,447,89.2,37.7,1
2023-10-26 15:32:37,P-Usine_B-000447,5.35,2495,448,89.4,44.3,1
2023-10-26 15:33:07,P-Usine_B-000448,4.62,2470,449,89.6,41.2,0
2023-10-26 15:38:58,P-Usine_B-000449,5.22,2483,450,89.8,38.4,2
2023-10-26 15:43:08,P-Usine_B-000450,4.18,,451,90.0,37.5,0
2023-10-26 15:36:32,P-Usine_B-000451,5.08,2424,452,90.2,43.8,1
2023-10-26 15:43:43,P-Usine_B-000452,5.96,2490,453,90.4,36.1,2
2023-10-26 15:40:59,P-Usine_B-000453,5.42,2504,454,90.6,42.1,1
2023-10-26 15:40:05,P-Usine_B-000454,4.51,2552,455,90.8,40.7,1
2023-10-26 15:39:27,P-Usine_B-000455,5.88,2508,456,91.0,43.4,1
2023-10-26 15:40:45,P-Usine_B-000456,4.17,2508,457,91.2,36.2,0
2023-10-26 15:40:54,P-Usine_B-000457,4.96,2499,458,91.4,42.9,0
2023-10-26 15:51:55,P-Usine_B-000458,5.18,2570,459,91.6,37.9,2
2023-10-26 15:44:55,P-Usine_B-000459,5.01,2514,460,91.8,35.5,2
2023-10-26 15:45:09,P-Usine_B-000460,5.97,2560,461,92.0,36.9,1
2023-10-26 15:50:18,P-Usine_B-000461,4.76,2551,462,92.2,43.9,0
2023-10-26 15:48:17,P-Usine_B-000462,5.63,2428,463,92.4,41.4,0
2023-10-26 15:47:59,P-Usine_B-000463,4.75,2551,464,92.6,44.3,2
2023-10-26 15:50:23,P-Usine_B-000464,5.21,2426,465,92.8,38.2,0
2023-10-26 15:59:11,P-Usine_B-000465,5.35,2539,466,93.0,41.7,2
2023-10-26 15:59:11,P-Usine_B-000466,5.65,2485,467,93.2,42.5,0
2023-10-26 15:56:36,P-Usine_B-000467,4.66,2477,468,93.4,41.8,1
2023-10-26 15:52:12,P-Usine_B-000468,4.89,2523,469,93.6,38.2,2
2023-10-26 15:55:13,P-Usine_B-000469,5.07,2552,470,93.8,37.6,0
2023-10-26 15:57:07,P-Usine_B-000470,4.8,2477,471,94.0,44.0,0
2023-10-26 15:59:03,P-Usine_B-000471,4.83,2564,472,94.2,35.9,0
2023-10-26 16:05:23,P-Usine_B-000472,5.45,2561,473,94.4,42.5,2
2023-10-26 16:06:07,P-Usine_B-000473,5.61,2438,474,94.6,44.2,0
2023-10-26 16:03:35,P-Usine_B-000474,4.85,2470,475,94.8,43.2,2
2023-10-26 16:08:34,P-Usine_B-000475,4.33,2361,476,95.0,35.6,0
2023-10-26 16:02:01,P-Usine_B-000476,5.14,2422,477,95.2,39.3,1
2023-10-26 16:11:00,P-Usine_B-000477,5.03,2482,478,95.4,38.5,0
2023-10-26 16:07:44,P-Usine_B-000478,4.86,2565,479,95.6,42.0,2
2023-10-26 16:06:29,P-Usine_B-000479,5.72,2531,480,95.8,40.7,0
2023-10-26 16:10:32,P-Usine_B-000480,4.78,2396,,96.0,39.5,1
2023-10-26 16:14:50,P-Usine_B-000481,4.37,2484,482,96.2,39.5,999.9
2023-10-26 16:16:16,P-Usine_B-000482,5.88,2549,483,96.4,43.6,0
2023-10-26 16:17:18,P-Usine_B-000483,999.9,2519,484,96.6,37.7,1
2023-10-26 16:16:44,P-Usine_B-000484,5.93,2500,485,96.8,43.1,1
2023-10-26 16:16:26,P-Usine_B-000485,5.94,2466,486,97.0,43.3,1
2023-10-26 16:12:44,P-Usine_B-000486,4.89,2519,487,97.2,40.0,1
2023-10-26 16:21:21,P-Usine_B-000487,4.51,2512,488,97.4,37.5,1
2023-10-26 16:13:42,P-Usine_B-000488,4.89,2502,489,97.6,37.3,0
2023-10-26 16:14:20,P-Usine_B-000489,4.96,2583,490,97.8,999.9,2
2023-10-26 16:16:50,P-Usine_B-000490,5.75,2468,491,98.0,35.0,0
2023-10-26 16:23:41,P-Usine_B-000491,5.89,2442,492,98.2,43.0,0
2023-10-26 16:17:08,P-Usine_B-000492,4.85,2550,493,98.4,38.5,0
2023-10-26 16:20:29,P-Usine_B-000493,5.88,2431,494,98.6,44.5,0
2023-10-26 16:27:25,P-Usine_B-000494,5.77,2431,495,98.8,37.1,0
2023-10-26 16:25:32,P-Usine_B-000495,5.02,2572,496,99.0,40.6,0
2023-10-26 16:23:41,P-Usine_B-000496,5.0,2467,497,99.2,37.7,2
2023-10-26 16:26:33,P-Usine_B-000497,4.1,2483,498,99.4,,0
2023-10-26 16:23:16,P-Usine_B-000498,4.54,2478,499,99.6,36.6,1
2023-10-26 16:26:03,P-Usine_B-000499,4.99,2510,500,99.8,37.3,0
2023-10-26 16:34:41,P-Usine_B-000500,5.29,2444,1,0.0,44.8,1
2023-10-26 16:28:58,P-Usine_B-000501,5.66,2581,2,0.2,40.0,2
2023-10-26 16:36:03,P-Usine_B-000502,5.13,2453,3,0.4,44.8,2
2023-10-26 16:33:37,P-Usine_B-000503,5.28,2589,4,0.6,37.9,2
2023-10-26 16:32:41,P-Usine_B-000504,5.05,2539,5,0.8,38.2,2
2023-10-26 16:40:25,P-Usine_B-000505,5.04,2511,6,1.0,40.0,0
2023-10-26 16:34:39,P-Usine_B-000506,5.96,2543,7,1.2,38.7,2
2023-10-26 16:39:01,P-Usine_B-000507,4.2,2627,8,1.4,40.7,0
2023-10-26 16:40:18,P-Usine_B-000508,4.24,2584,9,1.6,38.6,2
2023-10-26 16:39:49,P-Usine_B-000509,5.39,2543,10,1.8,37.5,1
2023-10-26 16:42:43,P-Usine_B-000510,4.45,2545,11,2.0,38.3,0
2023-10-26 16:46:50,P-Usine_B-000511,5.73,2540,12,2.2,40.6,1
2023-10-26 16:39:00,P-Usine_B-000512,4.76,2525,13,2.4,36.1,1
2023-10-26 16:48:30,P-Usine_B-000513,4.8,2531,14,2.6,43.7,0
2023-10-26 16:49:25,P-Usine_B-000514,5.04,999.9,15,2.8,35.7,0
2023-10-26 16:43:13,P-Usine_B-000515,4.62,2528,16,3.0,41.7,1
2023-10-26 16:42:33,P-Usine_B-000516,4.46,2518,17,3.2,40.0,2
2023-10-26 16:48:07,P-Usine_B-000517,4.84,2537,18,3.4,36.5,2
2023-10-26 16:52:00,P-Usine_B-000518,4.25,2480,19,3.6,43.5,1
2023-10-26 16:47:03,P-Usine_B-000519,4.96,2441,20,3.8,35.6,1
2023-10-26 16:54:05,P-Usine_B-000520,4.39,2509,21,4.0,38.5,2
2023-10-26 16:50:08,P-Usine_B-000521,5.24,2449,22,4.2,35.9,1
2023-10-26 16:54:02,P-Usine_B-000522,5.55,2529,23,4.4,44.9,2
2023-10-26 16:49:49,P-Usine_B-000523,4.19,2527,24,4.6,38.3,0
2023-10-26 16:57:03,P-Usine_B-000524,5.44,2548,25,4.8,36.3,1
2023-10-26 16:59:06,P-Usine_B-000525,5.69,2454,999.9,5.0,42.9,1
2023-10-26 16:53:23,P-Usine_B-000526,5.7,2418,27,5.2,38.7,2
2023-10-26 16:54:21,P-Usine_B-000527,4.15,2492,28,5.4,40.4,0
2023-10-26 16:55:11,P-Usine_B-000528,4.1,2517,29,5.6,41.7,0
2023-10-26 16:55:11,P-Usine_B-000528,4.1,2517,29,5.6,41.7,0
2023-10-26 17:01:03,P-Usine_B-000529,5.3,2580,30,5.8,39.8,999.9
2023-10-26 16:56:11,P-Usine_B-000530,4.27,2423,31,6.0,36.2,1
2023-10-26 16:59:46,P-Usine_B-000531,5.62,2522,32,6.2,39.0,0
2023-10-26 17:01:47,P-Usine_B-000532,5.19,2491,33,6.4,41.3,2
2023-10-26 17:06:57,P-Usine_B-000533,5.46,2539,34,6.6,40.3,0
2023-10-26 17:06:16,P-Usine_B-000534,5.48,2627,35,6.8,38.7,0
2023-10-26 17:08:04,P-Usine_B-000535,5.94,2514,36,7.0,38.2,2
2023-10-26 17:11:18,P-Usine_B-000536,5.73,2508,37,7.2,35.4,0
2023-10-26 17:06:01,P-Usine_B-000537,5.54,2483,38,7.4,37.2,2
2023-10-26 17:08:58,P-Usine_B-000538,5.64,2462,39,7.6,44.3,2
2023-10-26 17:07:24,P-Usine_B-000539,4.41,2408,40,7.8,44.6,0
2023-10-26 17:11:37,P-Usine_B-000540,4.24,2502,41,8.0,43.8,2
2023-10-26 17:08:06,P-Usine_B-000541,6.0,2537,42,8.2,39.5,2
2023-10-26 17:08:42,P-Usine_B-000542,4.55,2426,43,8.4,43.1,0
2023-10-26 17:12:32,P-Usine_B-000543,4.09,2486,44,8.6,40.7,0
2023-10-26 17:12:40,P-Usine_B-000544,5.79,2502,45,8.8,38.9,1
2023-10-26 17:14:14,P-Usine_B-000545,5.16,2393,46,9.0,37.5,2
2023-10-26 17:16:53,P-Usine_B-000546,4.42,2543,47,9.2,38.7,1
2023-10-26 17:14:48,P-Usine_B-000547,5.22,2410,48,9.4,43.1,1
2023-10-26 17:16:27,P-Usine_B-000548,4.72,2514,49,9.6,44.0,0
2023-10-26 17:15:07,P-Usine_B-000549,5.66,2487,50,9.8,37.0,2
2023-10-26 17:18:13,P-Usine_B-000550,5.19,2549,51,10.0,37.0,1
2023-10-26 17:23:01,P-Usine_B-000551,4.87,2501,52,10.2,37.7,0
2023-10-26 17:24:28,P-Usine_B-000552,5.18,2405,53,10.4,43.8,0
2023-10-26 17:19:22,P-Usine_B-000553,4.03,2525,54,10.6,39.9,2
2023-10-26 17:28:03,P-Usine_B-000554,5.2,2543,55,10.8,39.0,0
2023-10-26 17:20:42,P-Usine_B-000555,5.79,2486,56,11.0,37.4,2
2023-10-26 17:22:13,P-Usine_B-000556,4.77,2511,57,11.2,36.5,1
2023-10-26 17:25:22,P-Usine_B-000557,4.65,2531,58,11.4,35.9,0
2023-10-26 17:28:28,P-Usine_B-000558,5.66,2478,59,11.6,39.4,0
2023-10-26 17:28:28,P-Usine_B-000558,5.66,2478,59,11.6,39.4,0
2023-10-26 17:24:05,P-Usine_B-000559,5.18,2471,60,11.8,35.6,2
2023-10-26 17:29:58,P-Usine_B-000560,5.63,2550,61,12.0,37.0,1
2023-10-26 17:33:38,P-Usine_B-000561,5.45,2518,62,12.2,38.5,0
2023-10-26 17:33:38,P-Usine_B-000561,5.45,2518,62,12.2,38.5,0
2023-10-26 17:30:42,P-Usine_B-000562,4.92,2508,63,12.4,37.5,0
2023-10-26 17:32:29,P-Usine_B-000563,4.89,2411,64,12.6,43.1,1
2023-10-26 17:35:30,P-Usine_B-000564,5.4,2448,65,12.8,44.8,2
2023-10-26 17:31:08,P-Usine_B-000565,4.18,2509,66,13.0,44.0,0
2023-10-26 17:33:21,P-Usine_B-000566,5.61,2477,67,13.2,37.2,0
2023-10-26 17:38:40,P-Usine_B-000567,5.49,2531,68,13.4,44.1,2
2023-10-26 17:38:20,P-Usine_B-000568,5.42,2507,69,13.6,40.8,2
2023-10-26 17:40:00,P-Usine_B-000569,4.74,2577,70,13.8,42.8,1
2023-10-26 17:35:19,P-Usine_B-000570,5.43,2501,71,14.0,38.3,1
2023-10-26 17:40:05,P-Usine_B-000571,4.44,2623,72,14.2,41.6,1
2023-10-26 17:45:10,P-Usine_B-000572,4.88,2484,73,14.4,35.5,1
2023-10-26 17:47:30,P-Usine_B-000573,5.01,2596,74,14.6,35.6,2
2023-10-26 17:41:02,P-Usine_B-000574,5.16,2504,75,14.8,43.0,0
2023-10-26 17:47:29,P-Usine_B-000575,5.91,2456,76,15.0,44.2,1
2023-10-26 17:46:57,P-Usine_B-000576,5.13,2490,77,15.2,42.2,2
2023-10-26 17:46:05,P-Usine_B-000577,5.99,2470,78,15.4,44.2,0
2023-10-26 17:51:21,P-Usine_B-000578,5.45,2428,79,15.6,42.8,1
2023-10-26 17:47:23,P-Usine_B-000579,5.64,2466,80,15.8,43.0,0
2023-10-26 17:46:47,P-Usine_B-000580,4.94,2514,81,16.0,39.2,2
2023-10-26 17:50:59,P-Usine_B-000581,5.55,2630,82,16.2,39.7,1
2023-10-26 17:55:14,P-Usine_B-000582,4.19,2451,83,16.4,41.9,2
2023-10-26 17:55:09,P-Usine_B-000583,5.09,2427,84,16.6,35.8,1
2023-10-26 17:57:18,P-Usine_B-000584,4.5,2486,85,16.8,42.6,1
2023-10-26 17:50:23,P-Usine_B-000585,4.47,2441,86,17.0,42.0,0
2023-10-26 17:54:55,P-Usine_B-000586,5.05,2481,87,17.2,39.1,0
2023-10-26 17:57:48,P-Usine_B-000587,5.84,2415,88,17.4,44.4,1
2023-10-26 17:58:19,P-Usine_B-000588,5.14,2467,89,17.6,36.4,0
2023-10-26 17:55:22,P-Usine_B-000589,5.16,2426,90,17.8,44.3,1
2023-10-26 18:04:39,P-Usine_B-000590,4.59,2570,91,18.0,37.9,2
2023-10-26 17:59:06,P-Usine_B-000591,5.08,2428,92,18.2,37.9,1
2023-10-26 18:04:13,P-Usine_B-000592,5.73,2508,93,18.4,36.8,2
2023-10-26 17:58:09,P-Usine_B-000593,5.95,2447,94,18.6,37.0,2
2023-10-26 18:02:35,P-Usine_B-000594,4.6,2519,95,18.8,44.0,1
2023-10-26 18:00:17,P-Usine_B-000595,5.73,2539,96,19.0,37.3,0
2023-10-26 18:06:13,P-Usine_B-000596,5.79,2472,97,19.2,43.6,1
2023-10-26 18:03:42,P-Usine_B-000597,4.74,2522,98,19.4,41.9,0
2023-10-26 18:11:26,P-Usine_B-000598,4.17,2500,99,19.6,36.7,1
2023-10-26 18:05:18,P-Usine_B-000599,5.5,2457,100,19.8,38.8,2
2023-10-26 18:11:11,P-Usine_B-000600,5.2,2544,101,20.0,38.3,0
2023-10-26 18:11:11,P-Usine_B-000600,5.2,2544,101,20.0,38.3,0
2023-10-26 18:13:28,P-Usine_B-000601,5.45,2496,102,20.2,35.2,0
2023-10-26 18:14:09,P-Usine_B-000602,5.47,2531,103,20.4,38.8,0
2023-10-26 18:07:36,P-Usine_B-000603,5.21,2536,104,20.6,37.0,0
2023-10-26 18:13:12,P-Usine_B-000604,4.5,2410,105,20.8,35.0,2
2023-10-26 18:15:30,P-Usine_B-000605,4.86,2400,106,21.0,42.9,0
2023-10-26 18:15:30,P-Usine_B-000605,4.86,2400,106,21.0,42.9,0
2023-10-26 18:14:04,P-Usine_B-000606,5.97,2533,107,21.2,37.2,1
2023-10-26 18:14:37,P-Usine_B-000607,4.05,2406,108,21.4,37.5,1
2023-10-26 18:18:45,P-Usine_B-000608,5.37,2472,109,21.6,36.0,0
2023-10-26 18:20:56,P-Usine_B-000609,4.4,2603,110,21.8,43.6,0
2023-10-26 18:16:20,P-Usine_B-000610,4.99,2494,111,22.0,37.0,0
2023-10-26 18:24:24,P-Usine_B-000611,4.84,2578,112,22.2,43.3,0
2023-10-26 18:22:12,P-Usine_B-000612,,2515,113,22.4,38.9,2
2023-10-26 18:23:33,P-Usine_B-000613,4.76,2478,114,22.6,39.6,0
2023-10-26 18:19:02,P-Usine_B-000614,4.71,2587,115,22.8,35.4,2
2023-10-26 18:21:41,P-Usine_B-000615,4.02,2525,116,23.0,39.7,0
2023-10-26 18:29:22,P-Usine_B-000616,4.65,2461,117,23.2,44.3,1
2023-10-26 18:28:27,P-Usine_B-000617,4.36,2451,118,23.4,38.9,1
2023-10-26 18:28:27,P-Usine_B-000617,4.36,2451,118,23.4,38.9,1
2023-10-26 18:27:18,P-Usine_B-000618,4.01,2484,119,23.6,39.5,2
2023-10-26 18:30:06,P-Usine_B-000619,5.61,2430,120,23.8,35.6,2
2023-10-26 18:29:40,P-Usine_B-000620,5.17,2552,121,24.0,39.2,1
2023-10-26 18:30:31,P-Usine_B-000621,6.0,2478,122,24.2,38.6,0
2023-10-26 18:31:52,P-Usine_B-000622,5.49,2542,123,24.4,43.2,2
2023-10-26 18:36:29,P-Usine_B-000623,5.09,2553,124,24.6,44.4,1
2023-10-26 18:28:50,P-Usine_B-000624,5.74,2479,125,24.8,40.3,1
2023-10-26 18:32:28,P-Usine_B-000625,5.41,2471,126,25.0,39.2,1
2023-10-26 18:35:31,P-Usine_B-000626,5.42,2499,999.9,25.2,39.9,2
2023-10-26 18:33:01,P-Usine_B-000627,4.6,2437,128,25.4,39.5,0
2023-10-26 18:38:14,P-Usine_B-000628,5.78,2505,129,25.6,43.9,2
2023-10-26 18:33:31,P-Usine_B-000629,5.81,2497,130,25.8,43.7,0
2023-10-26 18:33:31,P-Usine_B-000629,5.81,2497,130,25.8,43.7,0
2023-10-26 18:35:40,P-Usine_B-000630,5.35,2514,131,26.0,44.9,1
2023-10-26 18:38:00,P-Usine_B-000631,4.03,2499,132,26.2,44.6,2
2023-10-26 18:43:28,P-Usine_B-000632,4.47,2509,133,26.4,43.8,0
2023-10-26 18:42:44,P-Usine_B-000633,4.46,2529,134,26.6,36.9,1
2023-10-26 18:43:19,P-Usine_B-000634,5.66,2582,135,26.8,999.9,0
2023-10-26 18:42:54,P-Usine_B-000635,5.8,2497,136,27.0,41.9,2
2023-10-26 18:42:29,P-Usine_B-000636,4.18,2455,137,27.2,41.5,1
2023-10-26 18:50:10,P-Usine_B-000637,4.86,2446,138,27.4,43.4,2
2023-10-26 18:46:56,P-Usine_B-000638,5.99,,139,27.6,37.3,2
2023-10-26 18:50:29,P-Usine_B-000639,4.02,2517,140,27.8,44.4,0
2023-10-26 18:51:40,P-Usine_B-000640,5.29,2496,141,28.0,37.6,2
2023-10-26 18:55:26,P-Usine_B-000641,4.11,2529,142,28.2,44.0,2
2023-10-26 18:54:01,P-Usine_B-000642,4.77,2479,143,28.4,36.6,2
2023-10-26 18:48:57,P-Usine_B-000643,5.59,2402,144,28.6,40.3,2
2023-10-26 18:58:18,P-Usine_B-000644,5.82,2497,145,28.8,36.6,2
2023-10-26 18:51:08,P-Usine_B-000645,5.69,2444,146,29.0,36.7,1
2023-10-26 19:01:26,P-Usine_B-000646,4.83,2506,147,29.2,38.2,0
2023-10-26 19:00:43,P-Usine_B-000647,4.55,2455,148,29.4,36.1,0
2023-10-26 18:57:57,P-Usine_B-000648,5.36,2471,149,29.6,35.2,1
2023-10-26 18:58:06,P-Usine_B-000649,5.77,2529,150,29.8,41.0,2
2023-10-26 19:04:53,P-Usine_B-000650,5.29,2454,151,30.0,36.8,1
2023-10-26 19:02:09,P-Usine_B-000651,4.13,2481,152,30.2,39.1,
2023-10-26 19:06:08,P-Usine_B-000652,4.44,2566,153,30.4,43.3,2
2023-10-26 19:03:08,P-Usine_B-000653,5.26,2470,154,30.6,37.6,0
2023-10-26 19:05:24,P-Usine_B-000654,4.27,2590,155,30.8,37.6,0
2023-10-26 19:03:47,P-Usine_B-000655,5.12,2571,156,31.0,41.7,2
2023-10-26 19:03:47,P-Usine_B-000655,5.12,2571,156,31.0,41.7,2
2023-10-26 19:08:25,P-Usine_B-000656,5.07,2447,157,31.2,37.4,1
2023-10-26 19:06:57,P-Usine_B-000657,5.06,2547,158,31.4,39.4,1
2023-10-26 19:11:07,P-Usine_B-000658,5.79,2596,159,31.6,39.8,1
2023-10-26 19:04:42,P-Usine_B-000659,5.91,2493,160,31.8,42.4,0
2023-10-26 19:12:23,P-Usine_B-000660,4.65,2517,161,32.0,37.8,1
2023-10-26 19:15:39,P-Usine_B-000661,4.38,2421,162,32.2,39.2,2
2023-10-26 19:11:55,P-Usine_B-000662,4.72,2485,163,32.4,38.8,0
2023-10-26 19:09:50,P-Usine_B-000663,4.19,2548,164,32.6,40.4,1
2023-10-26 19:10:07,P-Usine_B-000664,5.68,2442,165,32.8,40.5,2
2023-10-26 19:18:27,P-Usine_B-000665,4.89,2607,166,33.0,40.2,1
2023-10-26 19:17:17,P-Usine_B-000666,4.35,2464,167,33.2,40.2,0
2023-10-26 19:20:06,P-Usine_B-000667,5.17,2513,168,33.4,43.3,2
2023-10-26 19:16:59,P-Usine_B-000668,4.26,2472,169,33.6,44.8,0
2023-10-26 19:16:59,P-Usine_B-000668,4.26,2472,169,33.6,44.8,0
2023-10-26 19:16:01,P-Usine_B-000669,4.22,2400,170,33.8,41.7,2
2023-10-26 19:23:43,P-Usine_B-000670,4.56,2591,171,34.0,38.7,0
2023-10-26 19:20:35,P-Usine_B-000671,5.97,2480,172,34.2,40.5,1
2023-10-26 19:26:23,P-Usine_B-000672,5.72,2469,173,34.4,38.6,0
2023-10-26 19:25:07,P-Usine_B-000673,5.05,2436,174,34.6,35.2,0
2023-10-26 19:19:54,P-Usine_B-000674,4.66,2560,175,34.8,41.0,1
2023-10-26 19:22:50,P-Usine_B-000675,5.44,2549,176,35.0,41.9,0
2023-10-26 19:22:46,P-Usine_B-000676,4.2,2465,177,35.2,41.6,0
2023-10-26 19:24:08,P-Usine_B-000677,5.23,2425,178,35.4,36.7,0
2023-10-26 19:27:27,P-Usine_B-000678,5.63,2508,179,35.6,36.8,0
2023-10-26 19:29:04,P-Usine_B-000679,4.14,2444,180,35.8,37.2,1
2023-10-26 19:34:23,P-Usine_B-000680,4.15,2585,181,36.0,36.1,0
2023-10-26 19:33:42,P-Usine_B-000681,4.54,2478,182,36.2,36.9,2
2023-10-26 19:28:01,P-Usine_B-000682,4.92,2476,183,36.4,36.2,2
2023-10-26 19:30:05,P-Usine_B-000683,5.96,2445,184,36.6,42.8,1
2023-10-26 19:31:31,P-Usine_B-000684,5.82,2423,185,36.8,43.4,1
2023-10-26 19:31:34,P-Usine_B-000685,4.27,2519,186,37.0,39.9,1
2023-10-26 19:37:46,P-Usine_B-000686,5.9,2563,187,37.2,35.3,0
2023-10-26 19:36:42,P-Usine_B-000687,4.56,2538,188,37.4,45.0,2
2023-10-26 19:36:42,P-Usine_B-000688,5.68,2550,189,37.6,39.6,0
2023-10-26 19:33:35,P-Usine_B-000689,4.64,2464,190,37.8,36.5,0
2023-10-26 19:38:53,P-Usine_B-000690,5.06,2449,191,38.0,37.2,2
2023-10-26 19:40:18,P-Usine_B-000691,5.85,2514,192,38.2,38.1,1
2023-10-26 19:37:55,P-Usine_B-000692,,2517,193,38.4,37.1,2
2023-10-26 19:43:37,P-Usine_B-000693,5.61,2432,194,38.6,39.8,1
2023-10-26 19:38:41,P-Usine_B-000694,5.65,2475,195,38.8,39.0,2
2023-10-26 19:41:06,P-Usine_B-000695,4.98,2504,196,39.0,39.0,1
2023-10-26 19:45:50,P-Usine_B-000696,5.88,2439,197,39.2,35.1,1
2023-10-26 19:42:20,P-Usine_B-000697,4.78,2401,198,39.4,38.4,0
2023-10-26 19:45:04,P-Usine_B-000698,4.2,2482,199,39.6,42.7,1
2023-10-26 19:51:45,P-Usine_B-000699,4.51,2469,200,39.8,36.8,2
2023-10-26 19:53:47,P-Usine_B-000700,4.1,2474,201,40.0,38.2,2
2023-10-26 19:47:40,P-Usine_B-000701,4.73,2418,202,40.2,42.0,2
2023-10-26 19:54:51,P-Usine_B-000702,4.68,2603,203,40.4,35.9,1
2023-10-26 19:55:33,P-Usine_B-000703,4.32,2461,204,40.6,38.8,0
2023-10-26 19:51:45,P-Usine_B-000704,4.54,2525,205,40.8,38.4,2
2023-10-26 19:53:15,P-Usine_B-000705,5.21,2522,206,41.0,43.4,1
2023-10-26 19:57:28,P-Usine_B-000706,5.05,2505,207,41.2,37.4,2
2023-10-26 20:00:08,P-Usine_B-000707,4.95,2428,208,41.4,37.2,2
2023-10-26 19:58:25,P-Usine_B-000708,5.4,2435,209,41.6,43.1,2
2023-10-26 19:58:41,P-Usine_B-000709,4.08,2485,210,41.8,37.4,1
2023-10-26 19:57:14,P-Usine_B-000710,5.86,2439,211,42.0,42.3,1
2023-10-26 19:59:22,P-Usine_B-000711,5.89,2495,212,42.2,37.6,1
2023-10-26 20:03:43,P-Usine_B-000712,5.88,2493,213,42.4,44.9,0
2023-10-26 20:05:27,P-Usine_B-000713,5.26,2512,214,42.6,39.3,1
2023-10-26 20:07:43,P-Usine_B-000714,4.31,2561,215,42.8,41.3,2
2023-10-26 20:03:55,P-Usine_B-000715,4.2,2523,216,43.0,43.6,0
2023-10-26 20:09:32,P-Usine_B-000716,4.76,2571,217,43.2,44.2,1
2023-10-26 20:05:08,P-Usine_B-000717,4.02,2503,218,43.4,36.2,2
2023-10-26 20:05:46,P-Usine_B-000718,5.95,2574,219,43.6,43.0,2
2023-10-26 20:04:47,P-Usine_B-000719,4.33,2347,220,43.8,39.1,0
2023-10-26 20:10:04,P-Usine_B-000720,4.43,2560,221,44.0,35.3,0
2023-10-26 20:11:09,P-Usine_B-000721,5.09,2601,222,44.2,41.8,2
2023-10-26 20:14:14,P-Usine_B-000722,4.94,2537,223,999.9,40.1,1
2023-10-26 20:08:30,P-Usine_B-000723,5.4,2433,,44.6,40.9,0
2023-10-26 20:14:38,P-Usine_B-000724,4.54,2468,225,44.8,41.7,1
2023-10-26 20:11:15,P-Usine_B-000725,5.05,2437,226,999.9,38.3,0
2023-10-26 20:14:30,P-Usine_B-000726,4.54,2528,227,45.2,39.8,2
2023-10-26 20:17:48,P-Usine_B-000727,4.6,2529,228,45.4,39.1,2
2023-10-26 20:17:10,P-Usine_B-000728,4.77,2474,229,45.6,36.5,0
2023-10-26 20:15:15,P-Usine_B-000729,4.07,2420,230,45.8,40.2,2
2023-10-26 20:24:20,P-Usine_B-000730,4.64,2445,231,46.0,35.3,2
2023-10-26 20:18:15,P-Usine_B-000731,5.15,2478,232,46.2,36.7,0
2023-10-26 20:17:36,P-Usine_B-000732,4.17,2449,233,46.4,42.3,2
2023-10-26 20:27:14,P-Usine_B-000733,5.42,2452,234,46.6,44.9,2
2023-10-26 20:25:44,P-Usine_B-000734,4.64,2510,235,46.8,40.2,1
2023-10-26 20:25:35,P-Usine_B-000735,5.92,2553,236,47.0,43.3,0
2023-10-26 20:23:22,P-Usine_B-000736,4.93,2511,237,47.2,37.5,0
2023-10-26 20:23:58,P-Usine_B-000737,4.58,2438,238,47.4,37.1,2
2023-10-26 20:28:13,P-Usine_B-000738,4.6,2497,239,47.6,43.3,0
2023-10-26 20:28:25,P-Usine_B-000739,4.62,2429,240,47.8,41.8,1
2023-10-26 20:26:41,P-Usine_B-000740,5.71,2497,241,48.0,42.9,1
2023-10-26 20:33:07,P-Usine_B-000741,4.42,2494,242,48.2,41.5,0
2023-10-26 20:32:55,P-Usine_B-000742,4.6,2529,243,48.4,42.4,2
2023-10-26 20:31:37,P-Usine_B-000743,4.59,2542,244,48.6,41.3,2
2023-10-26 20:36:07,P-Usine_B-000744,4.27,2560,245,48.8,39.5,1
2023-10-26 20:37:03,P-Usine_B-000745,4.78,2450,246,49.0,38.2,2
2023-10-26 20:39:09,P-Usine_B-000746,5.07,2530,247,49.2,42.9,0
2023-10-26 20:38:17,P-Usine_B-000747,4.95,2546,248,49.4,37.6,2
2023-10-26 20:38:59,P-Usine_B-000748,5.23,2423,249,49.6,36.7,2
2023-10-26 20:41:59,P-Usine_B-000749,5.12,2493,250,49.8,42.8,1
2023-10-26 20:36:44,P-Usine_B-000750,4.19,2393,251,50.0,42.6,0
2023-10-26 20:38:46,P-Usine_B-000751,4.73,2484,252,50.2,38.6,2
2023-10-26 20:46:26,P-Usine_B-000752,5.77,2507,253,50.4,36.3,1
2023-10-26 20:39:49,P-Usine_B-000753,5.45,2514,999.9,50.6,35.2,2
2023-10-26 20:48:21,P-Usine_B-000754,999.9,2485,255,50.8,39.9,1
2023-10-26 20:41:28,P-Usine_B-000755,5.05,2445,256,51.0,36.4,0
2023-10-26 20:45:26,P-Usine_B-000756,5.33,2505,257,51.2,44.7,1
2023-10-26 20:47:28,P-Usine_B-000757,4.05,2546,258,51.4,37.5,0
2023-10-26 20:43:53,P-Usine_B-000758,5.24,2496,259,51.6,37.7,1
2023-10-26 20:53:18,P-Usine_B-000759,4.67,2394,260,51.8,40.2,0
2023-10-26 20:45:14,P-Usine_B-000760,4.86,2491,261,52.0,44.4,0
2023-10-26 20:45:42,P-Usine_B-000761,4.97,2509,262,52.2,42.5,2
2023-10-26 20:48:46,P-Usine_B-000762,4.05,999.9,263,52.4,40.3,2
2023-10-26 20:50:47,P-Usine_B-000763,4.31,2531,264,52.6,42.5,2
2023-10-26 20:48:55,P-Usine_B-000764,5.74,2485,265,52.8,37.4,1
2023-10-26 20:54:45,P-Usine_B-000765,4.1,2468,266,53.0,39.3,1
2023-10-26 20:59:04,P-Usine_B-000766,5.54,2445,267,53.2,39.4,2
2023-10-26 20:56:55,P-Usine_B-000767,5.07,2507,268,53.4,,1
2023-10-26 20:54:06,P-Usine_B-000768,5.57,2400,269,53.6,36.7,0
2023-10-26 20:54:56,P-Usine_B-000769,4.46,2495,270,53.8,43.2,1
2023-10-26 20:54:56,P-Usine_B-000769,4.46,2495,270,53.8,43.2,1
2023-10-26 20:59:05,P-Usine_B-000770,4.73,2528,271,54.0,39.4,1
2023-10-26 21:00:49,P-Usine_B-000771,4.42,2598,272,54.2,36.1,1
2023-10-26 21:00:38,P-Usine_B-000772,5.35,2521,273,54.4,37.0,1
2023-10-26 21:02:45,P-Usine_B-000773,4.48,2522,274,54.6,35.6,2
2023-10-26 21:07:24,P-Usine_B-000774,5.04,2491,275,54.8,39.9,1
2023-10-26 21:05:57,P-Usine_B-000775,5.49,2485,276,55.0,44.0,2
2023-10-26 21:06:43,P-Usine_B-000776,4.25,2407,277,,43.5,1
2023-10-26 21:05:49,P-Usine_B-000777,4.87,2535,278,999.9,42.3,2
2023-10-26 21:10:47,P-Usine_B-000778,4.89,2411,279,55.6,42.6,1
2023-10-26 21:12:04,,4.19,2568,280,55.8,43.6,2
2023-10-26 21:11:18,P-Usine_B-000780,5.05,2545,281,56.0,35.5,2
2023-10-26 21:06:53,P-Usine_B-000781,5.35,2548,282,56.2,43.1,0
2023-10-26 21:06:07,P-Usine_B-000782,4.74,2522,283,56.4,38.0,1
2023-10-26 21:09:22,P-Usine_B-000783,5.44,2497,284,56.6,43.2,1
2023-10-26 21:13:16,P-Usine_B-000784,4.93,2519,285,56.8,35.7,0
2023-10-26 21:17:49,P-Usine_B-000785,4.56,2520,286,57.0,41.1,1
2023-10-26 21:11:24,P-Usine_B-000786,5.05,2496,287,57.2,36.2,0
2023-10-26 21:14:32,P-Usine_B-000787,4.58,2437,288,57.4,37.9,1
2023-10-26 21:15:11,P-Usine_B-000788,5.6,2594,289,57.6,37.3,0
2023-10-26 21:19:05,P-Usine_B-000789,4.35,2532,290,57.8,38.0,2
2023-10-26 21:20:07,P-Usine_B-000790,5.78,2392,291,58.0,42.3,2
2023-10-26 21:23:44,P-Usine_B-000791,4.74,2512,292,58.2,38.2,1
,P-Usine_B-000792,5.85,2537,293,58.4,38.4,1
2023-10-26 21:17:35,P-Usine_B-000793,5.79,2511,294,58.6,35.4,2
2023-10-26 21:22:23,P-Usine_B-000794,4.42,2313,295,58.8,40.2,1
2023-10-26 21:24:46,P-Usine_B-000795,4.71,2448,296,59.0,38.6,1
2023-10-26 21:26:46,P-Usine_B-000796,5.37,2491,297,59.2,39.0,1
2023-10-26 21:21:55,P-Usine_B-000797,4.02,2571,298,59.4,35.5,1
2023-10-26 21:29:40,P-Usine_B-000798,5.76,2471,299,59.6,43.1,2
2023-10-26 21:32:26,P-Usine_B-000799,4.1,2412,999.9,59.8,44.7,1
2023-10-26 21:30:07,P-Usine_B-000800,4.74,2518,301,60.0,44.2,0
2023-10-26 21:30:53,P-Usine_B-000801,,2605,302,60.2,43.1,0
2023-10-26 21:30:38,P-Usine_B-000802,5.83,2558,,60.4,38.8,1
2023-10-26 21:27:00,P-Usine_B-000803,5.08,2460,304,60.6,37.9,2
2023-10-26 21:28:26,P-Usine_B-000804,4.41,2565,305,60.8,42.6,1
2023-10-26 21:34:35,P-Usine_B-000805,5.69,2568,306,61.0,43.0,1
2023-10-26 21:33:00,P-Usine_B-000806,4.42,2507,307,61.2,40.7,2
2023-10-26 21:32:52,P-Usine_B-000807,4.16,2479,308,61.4,42.6,1
2023-10-26 21:37:45,P-Usine_B-000808,4.89,2535,309,61.6,38.6,1
2023-10-26 21:39:03,P-Usine_B-000809,4.28,2464,310,61.8,35.0,0
2023-10-26 21:39:03,P-Usine_B-000809,4.28,2464,310,61.8,35.0,0
2023-10-26 21:41:18,P-Usine_B-000810,5.18,2460,311,62.0,35.3,1
2023-10-26 21:37:53,P-Usine_B-000811,5.66,2504,312,62.2,36.5,1
2023-10-26 21:43:55,P-Usine_B-000812,5.15,2475,313,62.4,38.5,2
2023-10-26 21:36:56,P-Usine_B-000813,4.5,2401,314,62.6,37.0,1
2023-10-26 21:44:28,P-Usine_B-000814,4.08,2505,315,62.8,40.0,0
2023-10-26 21:39:28,P-Usine_B-000815,5.5,2488,316,63.0,37.2,2
2023-10-26 21:43:22,P-Usine_B-000816,5.21,2580,317,63.2,42.4,1
2023-10-26 21:41:58,P-Usine_B-000817,5.12,2406,318,63.4,37.8,2
2023-10-26 21:47:46,P-Usine_B-000818,4.25,2496,319,63.6,44.0,0
2023-10-26 21:47:31,P-Usine_B-000819,5.11,2583,320,63.8,37.1,0
2023-10-26 21:45:28,P-Usine_B-000820,5.62,2486,321,64.0,35.4,1
2023-10-26 21:47:00,P-Usine_B-000821,5.18,2529,322,64.2,35.0,0
2023-10-26 21:50:02,P-Usine_B-000822,5.28,2472,323,64.4,41.4,2
2023-10-26 21:49:50,P-Usine_B-000823,4.99,2553,324,64.6,40.3,0
2023-10-26 21:49:14,P-Usine_B-000824,5.2,2475,325,64.8,38.6,2
2023-10-26 21:51:49,P-Usine_B-000825,4.53,2489,326,65.0,40.6,1
2023-10-26 21:50:18,P-Usine_B-000826,4.11,2451,327,65.2,37.8,1
2023-10-26 21:58:09,P-Usine_B-000827,5.99,2440,328,65.4,43.3,1
2023-10-26 21:57:41,P-Usine_B-000828,4.06,2477,329,65.6,42.9,2
2023-10-26 21:58:33,P-Usine_B-000829,5.21,2524,330,65.8,37.1,0
2023-10-26 21:56:43,P-Usine_B-000830,5.54,2516,331,66.0,44.7,0
2023-10-26 22:03:36,P-Usine_B-000831,4.44,2488,332,66.2,38.8,1
2023-10-26 21:59:33,P-Usine_B-000832,4.02,2422,333,66.4,41.6,0
2023-10-26 21:56:15,P-Usine_B-000833,4.93,2472,334,66.6,36.2,0
2023-10-26 22:03:00,P-Usine_B-000834,5.23,2505,335,66.8,42.3,0
2023-10-26 21:58:08,P-Usine_B-000835,4.13,2448,336,67.0,40.0,1
2023-10-26 22:04:16,P-Usine_B-000836,5.05,2468,337,999.9,42.7,0
2023-10-26 22:01:00,P-Usine_B-000837,5.6,2468,338,67.4,38.2,0
2023-10-26 22:08:20,P-Usine_B-000838,5.82,2530,339,67.6,43.6,1
2023-10-26 22:03:31,P-Usine_B-000839,5.99,2483,340,67.8,35.8,0
2023-10-26 22:03:04,P-Usine_B-000840,5.99,2463,341,68.0,37.0,0
2023-10-26 22:03:04,P-Usine_B-000840,5.99,2463,341,68.0,37.0,0
2023-10-26 22:05:06,P-Usine_B-000841,4.68,2425,342,68.2,43.3,1
2023-10-26 22:13:09,P-Usine_B-000842,5.16,2478,343,68.4,44.9,0
2023-10-26 22:09:58,P-Usine_B-000843,5.05,2554,344,68.6,42.8,2
2023-10-26 22:16:01,P-Usine_B-000844,4.04,2577,345,68.8,41.3,1
2023-10-26 22:13:11,P-Usine_B-000845,5.42,2518,346,69.0,35.4,0
2023-10-26 22:16:19,P-Usine_B-000846,,2568,347,69.2,38.4,1
2023-10-26 22:12:04,P-Usine_B-000847,5.0,2485,348,69.4,42.4,0
2023-10-26 22:17:20,P-Usine_B-000848,4.47,2459,349,69.6,37.4,1
2023-10-26 22:17:18,P-Usine_B-000849,4.36,2602,350,69.8,40.2,2
2023-10-26 22:14:51,P-Usine_B-000850,4.72,2520,351,70.0,35.5,1
2023-10-26 22:21:01,P-Usine_B-000851,5.5,2605,352,70.2,44.2,0
2023-10-26 22:16:25,P-Usine_B-000852,5.55,2415,353,70.4,36.6,0
2023-10-26 22:23:42,P-Usine_B-000853,4.48,2509,354,70.6,41.9,2
2023-10-26 22:26:28,P-Usine_B-000854,999.9,2434,355,70.8,37.2,2
2023-10-26 22:27:43,P-Usine_B-000855,4.42,2457,356,71.0,43.7,2
2023-10-26 22:26:19,P-Usine_B-000856,4.36,2503,357,71.2,40.5,999.9
2023-10-26 22:29:48,P-Usine_B-000857,4.63,2559,358,71.4,39.8,0
2023-10-26 22:23:58,P-Usine_B-000858,4.09,2501,359,71.6,35.7,1
2023-10-26 22:29:41,P-Usine_B-000859,5.47,2388,360,71.8,36.1,2
2023-10-26 22:28:00,P-Usine_B-000860,5.77,2426,361,72.0,41.2,1
2023-10-26 22:28:51,P-Usine_B-000861,4.83,2499,362,72.2,35.2,0
2023-10-26 22:27:25,P-Usine_B-000862,4.3,2446,363,72.4,36.3,0
2023-10-26 22:33:26,P-Usine_B-000863,5.08,2401,364,72.6,42.9,2
2023-10-26 22:28:05,P-Usine_B-000864,5.76,2439,365,72.8,40.9,0
2023-10-26 22:29:50,P-Usine_B-000865,4.22,2576,366,73.0,35.4,0
2023-10-26 22:33:27,P-Usine_B-000866,5.43,2538,367,73.2,37.5,1
2023-10-26 22:35:49,P-Usine_B-000867,4.95,2507,368,73.4,43.3,1
2023-10-26 22:38:51,P-Usine_B-000868,5.71,2495,369,73.6,41.0,0
2023-10-26 22:39:19,P-Usine_B-000869,4.25,2452,370,73.8,39.5,0
2023-10-26 22:38:19,P-Usine_B-000870,4.31,2516,371,74.0,40.1,0
2023-10-26 22:34:25,P-Usine_B-000871,5.74,2479,372,74.2,40.6,0
2023-10-26 22:42:26,P-Usine_B-000872,5.29,2427,373,74.4,39.0,1
2023-10-26 22:40:29,P-Usine_B-000873,5.79,2514,374,74.6,44.1,2
2023-10-26 22:37:40,P-Usine_B-000874,5.21,2418,375,74.8,41.5,2
2023-10-26 22:41:01,P-Usine_B-000875,4.75,2479,376,75.0,45.0,1
2023-10-26 22:47:01,P-Usine_B-000876,,2551,377,75.2,36.0,2
2023-10-26 22:39:54,P-Usine_B-000877,4.8,2445,378,75.4,35.7,0
2023-10-26 22:41:09,P-Usine_B-000878,4.27,2475,379,75.6,41.9,0
2023-10-26 22:45:29,P-Usine_B-000879,4.45,,380,75.8,43.0,0
2023-10-26 22:42:52,P-Usine_B-000880,5.72,2525,381,76.0,42.0,0
2023-10-26 22:44:58,P-Usine_B-000881,4.73,2455,382,76.2,36.6,0
2023-10-26 22:47:06,P-Usine_B-000882,4.88,2537,383,76.4,43.0,1
2023-10-26 22:45:43,P-Usine_B-000883,5.44,2502,384,76.6,35.4,2
2023-10-26 22:55:42,P-Usine_B-000884,4.58,2517,385,76.8,39.6,1
2023-10-26 22:52:53,P-Usine_B-000885,5.45,2519,386,77.0,37.7,0
2023-10-26 22:54:33,P-Usine_B-000886,5.45,2480,387,77.2,41.6,1
2023-10-26 22:51:12,P-Usine_B-000887,5.46,2485,388,77.4,38.8,1
2023-10-26 22:56:46,P-Usine_B-000888,5.52,2366,389,77.6,35.3,1
2023-10-26 22:59:21,P-Usine_B-000889,4.02,2659,390,77.8,43.0,0
2023-10-26 23:02:05,P-Usine_B-000890,5.51,2568,391,78.0,38.5,0
2023-10-26 23:02:05,P-Usine_B-000890,5.51,2568,391,78.0,38.5,0
2023-10-26 23:01:52,P-Usine_B-000891,4.45,2410,392,78.2,44.8,0
2023-10-26 22:55:10,P-Usine_B-000892,5.34,2532,393,78.4,40.0,2
2023-10-26 22:56:39,P-Usine_B-000893,4.88,2548,394,78.6,37.0,1
2023-10-26 23:01:53,P-Usine_B-000894,4.51,2511,395,78.8,35.2,2
2023-10-26 23:04:14,P-Usine_B-000895,4.94,2528,396,79.0,44.7,2
2023-10-26 23:01:37,P-Usine_B-000896,5.08,2559,397,79.2,35.8,1
2023-10-26 23:05:30,P-Usine_B-000897,4.9,2518,398,79.4,37.0,0
2023-10-26 23:08:39,P-Usine_B-000898,5.39,2542,399,79.6,38.5,0
2023-10-26 23:03:25,P-Usine_B-000899,5.25,2577,400,79.8,35.6,1
2023-10-26 23:04:48,P-Usine_B-000900,4.58,2464,401,80.0,35.6,0
2023-10-26 23:10:17,P-Usine_B-000901,5.81,2545,402,80.2,35.1,1
2023-10-26 23:07:06,P-Usine_B-000902,5.16,2508,403,80.4,39.6,0
2023-10-26 23:09:35,P-Usine_B-000903,5.87,2553,404,80.6,41.5,1
2023-10-26 23:15:32,P-Usine_B-000904,5.65,2470,405,80.8,38.8,1
2023-10-26 23:12:55,P-Usine_B-000905,5.16,2532,406,81.0,38.0,0
2023-10-26 23:17:18,P-Usine_B-000906,4.16,2415,407,81.2,44.5,0
2023-10-26 23:10:48,P-Usine_B-000907,5.63,2511,408,81.4,42.6,0
2023-10-26 23:14:57,P-Usine_B-000908,5.08,2523,409,81.6,43.6,2
2023-10-26 23:19:06,P-Usine_B-000909,5.45,2479,410,81.8,41.4,0
2023-10-26 23:20:57,P-Usine_B-000910,5.11,2516,411,82.0,41.4,2
2023-10-26 23:20:28,P-Usine_B-000911,4.47,2544,412,82.2,41.6,2
2023-10-26 23:15:01,P-Usine_B-000912,4.69,2469,413,82.4,38.1,1
2023-10-26 23:15:58,P-Usine_B-000913,4.22,2474,414,82.6,43.2,1
2023-10-26 23:23:33,P-Usine_B-000914,4.12,2460,415,82.8,,0
2023-10-26 23:26:15,P-Usine_B-000915,4.31,2489,416,83.0,42.4,1
2023-10-26 23:22:06,P-Usine_B-000916,4.22,2508,417,83.2,38.7,2
2023-10-26 23:29:05,P-Usine_B-000917,5.75,2503,418,83.4,38.5,2
2023-10-26 23:29:50,P-Usine_B-000918,4.97,2602,419,83.6,36.7,2
2023-10-26 23:23:54,P-Usine_B-000919,4.92,2450,420,83.8,38.5,0
2023-10-26 23:22:06,P-Usine_B-000920,4.87,2410,421,84.0,37.6,2
2023-10-26 23:27:42,P-Usine_B-000921,4.36,2513,422,84.2,38.9,0
2023-10-26 23:31:36,P-Usine_B-000922,4.38,2541,423,84.4,44.6,0
2023-10-26 23:25:12,P-Usine_B-000923,4.72,2484,424,84.6,36.6,1
2023-10-26 23:31:27,P-Usine_B-000924,5.67,2458,425,84.8,40.5,0
2023-10-26 23:29:20,P-Usine_B-000925,5.73,2472,426,85.0,39.6,0
2023-10-26 23:28:46,P-Usine_B-000926,4.97,2508,427,85.2,42.2,0
2023-10-26 23:35:46,P-Usine_B-000927,5.78,2474,428,85.4,36.5,1
2023-10-26 23:36:45,P-Usine_B-000928,5.31,2467,429,85.6,43.1,1
2023-10-26 23:31:57,P-Usine_B-000929,5.38,2504,430,85.8,37.3,1
2023-10-26 23:40:01,P-Usine_B-000930,4.71,2489,431,86.0,39.8,0
2023-10-26 23:42:33,P-Usine_B-000931,4.04,2563,432,86.2,37.6,1
2023-10-26 23:38:32,P-Usine_B-000932,5.36,2497,433,86.4,37.4,2
2023-10-26 23:36:35,P-Usine_B-000933,4.42,2531,434,86.6,42.8,2
2023-10-26 23:38:55,P-Usine_B-000934,4.4,2541,435,86.8,36.2,2
2023-10-26 23:40:52,P-Usine_B-000935,5.08,2487,436,87.0,41.4,1
2023-10-26 23:40:42,P-Usine_B-000936,5.57,2447,437,87.2,37.1,2
2023-10-26 23:46:12,P-Usine_B-000937,4.04,2464,438,87.4,39.1,1
2023-10-26 23:43:40,P-Usine_B-000938,4.92,2617,439,87.6,35.1,2
2023-10-26 23:43:00,P-Usine_B-000939,4.2,2420,440,87.8,38.3,2
2023-10-26 23:44:07,P-Usine_B-000940,5.98,2471,441,88.0,35.1,2
2023-10-26 23:45:10,P-Usine_B-000941,5.42,2416,442,88.2,41.8,0
2023-10-26 23:45:10,P-Usine_B-000941,5.42,2416,442,88.2,41.8,0
2023-10-26 23:54:33,P-Usine_B-000942,4.19,2551,443,88.4,38.0,1
2023-10-26 23:53:02,P-Usine_B-000943,4.75,2578,444,88.6,43.9,0
2023-10-26 23:53:32,P-Usine_B-000944,4.6,2438,445,88.8,39.0,1
2023-10-26 23:50:36,P-Usine_B-000945,4.54,2526,446,89.0,38.9,1
2023-10-26 23:51:53,P-Usine_B-000946,5.65,2531,447,89.2,38.9,0
2023-10-26 23:53:51,P-Usine_B-000947,5.07,2531,448,89.4,39.3,2
2023-10-27 00:00:13,P-Usine_B-000948,5.23,2515,449,89.6,43.5,1
2023-10-26 23:53:01,P-Usine_B-000949,4.33,2522,450,89.8,37.0,1
2023-10-26 23:55:54,P-Usine_B-000950,4.73,2509,451,90.0,42.8,1
2023-10-26 23:57:43,P-Usine_B-000951,4.7,2478,452,90.2,41.9,2
2023-10-26 23:57:43,P-Usine_B-000951,4.7,2478,452,90.2,41.9,2
2023-10-26 23:57:03,P-Usine_B-000952,4.1,2493,453,999.9,44.8,2
2023-10-26 23:57:01,P-Usine_B-000953,5.57,2468,454,90.6,38.4,0
2023-10-27 00:02:38,P-Usine_B-000954,4.86,2599,455,90.8,42.3,2
2023-10-27 00:02:31,P-Usine_B-000955,5.65,2551,456,91.0,43.7,1
2023-10-27 00:03:44,P-Usine_B-000956,4.65,2546,457,91.2,38.1,1
2023-10-27 00:07:47,P-Usine_B-000957,4.75,2527,458,,38.5,1
2023-10-27 00:04:30,P-Usine_B-000958,5.59,2506,459,91.6,38.0,2
2023-10-27 00:10:17,P-Usine_B-000959,,2512,460,91.8,37.4,0
2023-10-27 00:08:46,P-Usine_B-000960,999.9,2491,461,92.0,40.1,1
2023-10-27 00:10:30,P-Usine_B-000961,4.76,2514,462,92.2,42.0,2
2023-10-27 00:09:01,P-Usine_B-000962,4.4,2515,463,92.4,35.7,2
2023-10-27 00:10:17,P-Usine_B-000963,4.66,2503,464,92.6,35.2,1
2023-10-27 00:10:32,P-Usine_B-000964,5.63,2535,465,92.8,35.2,0
2023-10-27 00:16:42,P-Usine_B-000965,5.07,2577,466,93.0,44.3,2
2023-10-27 00:18:30,P-Usine_B-000966,4.25,2551,467,93.2,39.5,1
2023-10-27 00:18:30,P-Usine_B-000966,4.25,2551,467,93.2,39.5,1
2023-10-27 00:19:43,P-Usine_B-000967,5.59,2414,468,93.4,41.8,0
2023-10-27 00:14:57,P-Usine_B-000968,5.36,2527,469,93.6,42.8,1
2023-10-27 00:21:36,P-Usine_B-000969,4.02,2544,470,93.8,42.1,0
2023-10-27 00:13:42,P-Usine_B-000970,4.38,2496,471,94.0,38.6,1
2023-10-27 00:22:29,P-Usine_B-000971,4.21,2515,472,94.2,38.8,2
2023-10-27 00:23:13,P-Usine_B-000972,5.52,2423,473,94.4,35.9,1
2023-10-27 00:16:29,P-Usine_B-000973,4.53,2472,474,94.6,38.8,0
2023-10-27 00:19:32,P-Usine_B-000974,5.85,2427,475,94.8,39.3,1
2023-10-27 00:26:44,P-Usine_B-000975,4.19,2473,476,95.0,38.6,1
2023-10-27 00:28:21,P-Usine_B-000976,5.39,2480,477,95.2,36.2,2
2023-10-27 00:23:28,P-Usine_B-000977,4.2,2483,478,95.4,35.3,1
2023-10-27 00:26:30,P-Usine_B-000978,4.33,2434,479,95.6,44.6,1
2023-10-27 00:31:16,P-Usine_B-000979,5.1,2550,480,95.8,40.6,1
2023-10-27 00:31:25,P-Usine_B-000980,4.51,2470,481,96.0,39.5,0
2023-10-27 00:24:56,P-Usine_B-000981,5.57,2531,482,96.2,38.0,1
2023-10-27 00:26:06,P-Usine_B-000982,4.23,2507,483,96.4,36.1,0
2023-10-27 00:30:06,P-Usine_B-000983,5.32,,484,96.6,39.1,1
2023-10-27 00:36:08,P-Usine_B-000984,5.19,2476,485,96.8,39.2,1
2023-10-27 00:37:41,P-Usine_B-000985,5.72,2565,486,97.0,40.6,1
2023-10-27 00:34:06,P-Usine_B-000986,4.55,2488,487,97.2,37.1,1
2023-10-27 00:36:44,P-Usine_B-000987,5.94,2454,488,97.4,41.9,0
2023-10-27 00:36:01,P-Usine_B-000988,4.3,2576,489,97.6,35.2,0
2023-10-27 00:40:40,P-Usine_B-000989,4.3,2487,490,97.8,43.7,0
2023-10-27 00:40:24,P-Usine_B-000990,4.57,2525,491,98.0,37.9,2
2023-10-27 00:42:12,P-Usine_B-000991,5.49,2524,492,98.2,43.8,2
2023-10-27 00:39:50,P-Usine_B-000992,5.46,2481,493,98.4,36.8,1
2023-10-27 00:37:48,P-Usine_B-000993,4.87,2458,494,98.6,40.9,0
2023-10-27 00:38:41,P-Usine_B-000994,5.42,2493,495,98.8,37.2,2
2023-10-27 00:42:24,P-Usine_B-000995,5.11,2422,496,99.0,40.3,1
2023-10-27 00:43:59,,5.8,2483,497,99.2,38.0,1
2023-10-27 00:49:01,P-Usine_B-000997,5.5,2437,498,99.4,37.9,2
2023-10-27 00:48:27,P-Usine_B-000998,5.73,2519,499,99.6,37.2,0
2023-10-27 00:51:50,P-Usine_B-000999,4.63,2552,500,99.8,36.8,2
2023-10-27 00:45:08,P-Usine_B-001000,4.44,2412,1,0.0,38.2,1
