timestamp,part_id,num_serie,num_lot_prod,client,date_expedition,quantite_lot,certificat_conf
2023-10-26 08:48:58,P-Usine_B-000001,P-Usine_B-000001,L-Usine_B-202343,Dassault,2023-10-31,50,CERT-P-Usine_B-000001
2023-10-26 08:50:36,P-Usine_B-000003,P-Usine_B-000003,L-Usine_B-202343,Dassault,2023-10-27,50,CERT-P-Usine_B-000003
2023-10-26 08:51:45,P-Usine_B-000004,P-Usine_B-000004,L-Usine_B-202343,Airbus,2023-10-28,50,CERT-P-Usine_B-000004
2023-10-26 08:54:41,P-Usine_B-000006,P-Usine_B-000006,L-Usine_B-202343,Airbus,2023-10-27,50,CERT-P-Usine_B-000006
2023-10-26 08:55:50,P-Usine_B-000007,P-Usine_B-000007,L-Usine_B-202343,Dassault,2023-10-28,50,CERT-P-Usine_B-000007
2023-10-26 08:57:05,P-Usine_B-000008,P-Usine_B-000008,L-Usine_B-202343,Dassault,2023-10-29,50,CERT-P-Usine_B-000008
2023-10-26 08:56:13,P-Usine_B-000009,P-Usine_B-000009,L-Usine_B-202343,Airbus,2023-10-28,50,CERT-P-Usine_B-000009
2023-10-26 09:03:49,P-Usine_B-000010,P-Usine_B-000010,L-Usine_B-202343,Dassault,2023-10-30,50,CERT-P-Usine_B-000010
2023-10-26 08:59:44,P-Usine_B-000011,P-Usine_B-000011,L-Usine_B-202343,Dassault,2023-10-30,50,CERT-P-Usine_B-000011
2023-10-26 09:00:34,P-Usine_B-000012,P-Usine_B-000012,L-Usine_B-202343,Airbus,2023-10-29,50,CERT-P-Usine_B-000012
2023-10-26 09:06:08,P-Usine_B-000014,P-Usine_B-000014,L-Usine_B-202343,Safran,2023-10-28,50,CERT-P-Usine_B-000014
2023-10-26 09:03:29,P-Usine_B-000015,,L-Usine_B-202343,Dassault,2023-10-31,50,CERT-P-Usine_B-000015
2023-10-26 09:08:59,P-Usine_B-000016,P-Usine_B-000016,L-Usine_B-202343,Dassault,2023-10-30,50,CERT-P-Usine_B-000016
2023-10-26 09:10:46,P-Usine_B-000018,P-Usine_B-000018,L-Usine_B-202343,Safran,2023-10-29,50,CERT-P-Usine_B-000018
2023-10-26 09:13:17,P-Usine_B-000019,P-Usine_B-000019,L-Usine_B-202343,Safran,2023-10-29,50,CERT-P-Usine_B-000019
2023-10-26 09:08:48,P-Usine_B-000021,P-Usine_B-000021,L-Usine_B-202343,Dassault,2023-10-28,50,CERT-P-Usine_B-000021
2023-10-26 09:12:35,P-Usine_B-000022,P-Usine_B-000022,L-Usine_B-202343,Dassault,2023-10-29,50,CERT-P-Usine_B-000022
2023-10-26 09:17:30,P-Usine_B-000023,P-Usine_B-000023,L-Usine_B-202343,Safran,2023-10-29,50,CERT-P-Usine_B-000023
,P-Usine_B-000024,P-Usine_B-000024,L-Usine_B-202343,Dassault,2023-10-27,50,CERT-P-Usine_B-000024
2023-10-26 09:14:28,P-Usine_B-000025,P-Usine_B-000025,L-Usine_B-202343,Airbus,2023-10-28,50,CERT-P-Usine_B-000025
2023-10-26 09:16:35,P-Usine_B-000027,P-Usine_B-000027,L-Usine_B-202343,Safran,2023-10-31,50,CERT-P-Usine_B-000027
2023-10-26 09:13:05,P-Usine_B-000028,P-Usine_B-000028,L-Usine_B-202343,Safran,2023-10-29,50,CERT-P-Usine_B-000028
2023-10-26 09:14:49,P-Usine_B-000029,P-Usine_B-000029,L-Usine_B-202343,Safran,2023-10-28,50,CERT-P-Usine_B-000029
2023-10-26 09:22:11,P-Usine_B-000030,P-Usine_B-000030,L-Usine_B-202343,Airbus,2023-10-28,50,CERT-P-Usine_B-000030
2023-10-26 09:16:13,P-Usine_B-000031,P-Usine_B-000031,L-Usine_B-202343,Safran,2023-10-29,50,CERT-P-Usine_B-000031
2023-10-26 09:23:43,P-Usine_B-000034,P-Usine_B-000034,L-Usine_B-202343,Dassault,2023-10-30,50,CERT-P-Usine_B-000034
2023-10-26 09:20:50,P-Usine_B-000035,P-Usine_B-000035,999.9,Dassault,2023-10-28,50,CERT-P-Usine_B-000035
2023-10-26 09:28:32,P-Usine_B-000036,P-Usine_B-000036,L-Usine_B-202343,Safran,2023-10-29,50,CERT-P-Usine_B-000036
2023-10-26 09:25:19,P-Usine_B-000038,P-Usine_B-000038,L-Usine_B-202343,Safran,2023-10-28,50,CERT-P-Usine_B-000038
2023-10-26 09:24:49,P-Usine_B-000039,P-Usine_B-000039,L-Usine_B-202343,Safran,2023-10-27,50,CERT-P-Usine_B-000039
2023-10-26 09:35:50,P-Usine_B-000041,P-Usine_B-000041,L-Usine_B-202343,Dassault,2023-10-28,50,CERT-P-Usine_B-000041
2023-10-26 09:36:09,P-Usine_B-000043,P-Usine_B-000043,L-Usine_B-202343,Dassault,2023-10-27,50,CERT-P-Usine_B-000043
2023-10-26 09:33:23,P-Usine_B-000044,P-Usine_B-000044,L-Usine_B-202343,Airbus,2023-10-31,50,CERT-P-Usine_B-000044
2023-10-26 09:31:32,P-Usine_B-000045,P-Usine_B-000045,L-Usine_B-202343,Airbus,2023-10-27,50,CERT-P-Usine_B-000045
2023-10-26 09:37:12,P-Usine_B-000046,P-Usine_B-000046,L-Usine_B-202343,Dassault,2023-10-29,50,CERT-P-Usine_B-000046
2023-10-26 09:35:16,P-Usine_B-000047,P-Usine_B-000047,L-Usine_B-202343,Dassault,2023-10-29,50,CERT-P-Usine_B-000047
2023-10-26 09:35:16,P-Usine_B-000047,P-Usine_B-000047,L-Usine_B-202343,Dassault,2023-10-29,50,CERT-P-Usine_B-000047
2023-10-26 09:38:38,P-Usine_B-000048,P-Usine_B-000048,L-Usine_B-202343,Airbus,2023-10-29,50,CERT-P-Usine_B-000048
2023-10-26 09:39:04,P-Usine_B-000049,P-Usine_B-000049,L-Usine_B-202343,Airbus,2023-10-29,50,CERT-P-Usine_B-000049
2023-10-26 09:40:32,P-Usine_B-000051,P-Usine_B-000051,L-Usine_B-202343,Safran,2023-10-27,50,CERT-P-Usine_B-000051
2023-10-26 09:43:36,P-Usine_B-000052,P-Usine_B-000052,L-Usine_B-202343,Safran,2023-10-31,50,CERT-P-Usine_B-000052
2023-10-26 09:42:53,P-Usine_B-000053,P-Usine_B-000053,L-Usine_B-202343,Airbus,2023-10-29,50,CERT-P-Usine_B-000053
2023-10-26 09:43:09,P-Usine_B-000054,P-Usine_B-000054,L-Usine_B-202343,Safran,2023-10-31,50,CERT-P-Usine_B-000054
2023-10-26 09:40:50,P-Usine_B-000055,P-Usine_B-000055,L-Usine_B-202343,Airbus,2023-10-29,50,CERT-P-Usine_B-000055
2023-10-26 09:45:55,P-Usine_B-000056,P-Usine_B-000056,L-Usine_B-202343,Dassault,2023-10-29,50,CERT-P-Usine_B-000056
2023-10-26 09:42:19,P-Usine_B-000057,P-Usine_B-000057,L-Usine_B-202343,Safran,2023-10-27,50,CERT-P-Usine_B-000057
2023-10-26 09:53:03,P-Usine_B-000058,P-Usine_B-000058,L-Usine_B-202343,Airbus,2023-10-28,50,CERT-P-Usine_B-000058
2023-10-26 09:46:22,P-Usine_B-000059,P-Usine_B-000059,L-Usine_B-202343,Safran,2023-10-29,50,CERT-P-Usine_B-000059
2023-10-26 09:54:40,P-Usine_B-000060,P-Usine_B-000060,L-Usine_B-202343,Airbus,2023-10-30,50,CERT-P-Usine_B-000060
2023-10-26 09:51:19,P-Usine_B-000061,P-Usine_B-000061,L-Usine_B-202343,Airbus,2023-10-28,50,CERT-P-Usine_B-000061
2023-10-26 09:55:44,P-Usine_B-000062,P-Usine_B-000062,L-Usine_B-202343,Airbus,2023-10-31,50,CERT-P-Usine_B-000062
2023-10-26 09:50:55,P-Usine_B-000063,P-Usine_B-000063,L-Usine_B-202343,Dassault,2023-10-29,50,CERT-P-Usine_B-000063
2023-10-26 09:53:09,P-Usine_B-000064,P-Usine_B-000064,L-Usine_B-202343,Airbus,2023-10-27,50,CERT-P-Usine_B-000064
2023-10-26 09:58:10,P-Usine_B-000065,P-Usine_B-000065,L-Usine_B-202343,Dassault,2023-10-31,50,CERT-P-Usine_B-000065
2023-10-26 09:59:32,P-Usine_B-000066,,L-Usine_B-202343,Airbus,2023-10-29,50,CERT-P-Usine_B-000066
2023-10-26 09:56:44,P-Usine_B-000067,P-Usine_B-000067,L-Usine_B-202343,Dassault,2023-10-31,50,CERT-P-Usine_B-000067
2023-10-26 10:00:14,P-Usine_B-000068,P-Usine_B-000068,L-Usine_B-202343,Safran,2023-10-30,50,CERT-P-Usine_B-000068
2023-10-26 09:58:05,P-Usine_B-000069,P-Usine_B-000069,L-Usine_B-202343,Airbus,2023-10-29,50,CERT-P-Usine_B-000069
2023-10-26 10:04:42,P-Usine_B-000070,P-Usine_B-000070,L-Usine_B-202343,Dassault,2023-10-30,50,999.9
2023-10-26 10:03:15,P-Usine_B-000072,P-Usine_B-000072,L-Usine_B-202343,999.9,2023-10-31,50,CERT-P-Usine_B-000072
2023-10-26 09:58:27,P-Usine_B-000073,P-Usine_B-000073,L-Usine_B-202343,Safran,2023-10-29,50,CERT-P-Usine_B-000073
2023-10-26 10:06:11,P-Usine_B-000074,P-Usine_B-000074,L-Usine_B-202343,Dassault,2023-10-27,50,CERT-P-Usine_B-000074
2023-10-26 10:01:47,P-Usine_B-000075,P-Usine_B-000075,L-Usine_B-202343,Dassault,2023-10-30,50,CERT-P-Usine_B-000075
2023-10-26 10:03:23,P-Usine_B-000076,P-Usine_B-000076,L-Usine_B-202343,Dassault,2023-10-31,50,CERT-P-Usine_B-000076
2023-10-26 10:04:38,P-Usine_B-000077,P-Usine_B-000077,L-Usine_B-202343,Airbus,2023-10-29,50,CERT-P-Usine_B-000077
2023-10-26 10:05:17,P-Usine_B-000078,P-Usine_B-000078,L-Usine_B-202343,Safran,2023-10-27,50,CERT-P-Usine_B-000078
2023-10-26 10:08:39,P-Usine_B-000079,P-Usine_B-000079,L-Usine_B-202343,Safran,2023-10-29,50,CERT-P-Usine_B-000079
2023-10-26 10:05:18,P-Usine_B-000080,P-Usine_B-000080,L-Usine_B-202343,Dassault,2023-10-28,50,CERT-P-Usine_B-000080
2023-10-26 10:12:54,P-Usine_B-000081,P-Usine_B-000081,L-Usine_B-202343,Dassault,2023-10-28,50,CERT-P-Usine_B-000081
2023-10-26 10:06:59,P-Usine_B-000082,P-Usine_B-000082,L-Usine_B-202343,Safran,2023-10-28,50,CERT-P-Usine_B-000082
2023-10-26 10:08:54,P-Usine_B-000083,P-Usine_B-000083,L-Usine_B-202343,Dassault,2023-10-30,50,CERT-P-Usine_B-000083
2023-10-26 10:08:54,P-Usine_B-000083,P-Usine_B-000083,L-Usine_B-202343,Dassault,2023-10-30,50,CERT-P-Usine_B-000083
2023-10-26 10:13:06,P-Usine_B-000084,P-Usine_B-000084,L-Usine_B-202343,Airbus,2023-10-27,50,CERT-P-Usine_B-000084
2023-10-26 10:11:58,P-Usine_B-000086,P-Usine_B-000086,L-Usine_B-202343,Airbus,2023-10-27,50,CERT-P-Usine_B-000086
2023-10-26 10:15:32,P-Usine_B-000087,P-Usine_B-000087,L-Usine_B-202343,Airbus,2023-10-27,50,CERT-P-Usine_B-000087
2023-10-26 10:13:12,P-Usine_B-000088,P-Usine_B-000088,L-Usine_B-202343,Safran,999.9,50,CERT-P-Usine_B-000088
2023-10-26 10:20:41,P-Usine_B-000089,P-Usine_B-000089,L-Usine_B-202343,Airbus,2023-10-28,50,CERT-P-Usine_B-000089
2023-10-26 10:14:54,P-Usine_B-000090,P-Usine_B-000090,L-Usine_B-202343,Airbus,2023-10-29,50,CERT-P-Usine_B-000090
2023-10-26 10:18:33,P-Usine_B-000091,P-Usine_B-000091,L-Usine_B-202343,Safran,2023-10-27,50,CERT-P-Usine_B-000091
2023-10-26 10:25:38,P-Usine_B-000092,P-Usine_B-000092,L-Usine_B-202343,Dassault,2023-10-29,50,CERT-P-Usine_B-000092
2023-10-26 10:20:50,P-Usine_B-000093,P-Usine_B-000093,L-Usine_B-202343,Dassault,2023-10-31,50,CERT-P-Usine_B-000093
2023-10-26 10:26:29,P-Usine_B-000094,P-Usine_B-000094,L-Usine_B-202343,Airbus,2023-10-31,50,CERT-P-Usine_B-000094
2023-10-26 10:22:27,P-Usine_B-000096,P-Usine_B-000096,L-Usine_B-202343,Safran,2023-10-30,50,CERT-P-Usine_B-000096
2023-10-26 10:28:45,P-Usine_B-000097,P-Usine_B-000097,L-Usine_B-202343,Airbus,2023-10-31,50,CERT-P-Usine_B-000097
2023-10-26 10:27:48,P-Usine_B-000098,P-Usine_B-000098,L-Usine_B-202343,Airbus,2023-10-29,50,CERT-P-Usine_B-000098
2023-10-26 10:26:58,P-Usine_B-000099,P-Usine_B-000099,L-Usine_B-202343,Airbus,2023-10-28,50,CERT-P-Usine_B-000099
2023-10-26 10:26:48,P-Usine_B-000100,P-Usine_B-000100,L-Usine_B-202343,Dassault,2023-10-31,50,CERT-P-Usine_B-000100
2023-10-26 10:29:13,P-Usine_B-000101,P-Usine_B-000101,L-Usine_B-202343,Dassault,2023-10-27,50,CERT-P-Usine_B-000101
2023-10-26 10:28:26,P-Usine_B-000102,P-Usine_B-000102,L-Usine_B-202343,Safran,2023-10-31,50,CERT-P-Usine_B-000102
2023-10-26 10:33:23,P-Usine_B-000104,P-Usine_B-000104,L-Usine_B-202343,Safran,2023-10-30,50,CERT-P-Usine_B-000104
2023-10-26 10:36:00,P-Usine_B-000105,P-Usine_B-000105,L-Usine_B-202343,Safran,2023-10-31,50,CERT-P-Usine_B-000105
2023-10-26 10:37:45,P-Usine_B-000106,P-Usine_B-000106,L-Usine_B-202343,Dassault,2023-10-30,50,CERT-P-Usine_B-000106
2023-10-26 10:40:19,P-Usine_B-000107,P-Usine_B-000107,L-Usine_B-202343,Dassault,2023-10-27,50,CERT-P-Usine_B-000107
2023-10-26 10:41:47,P-Usine_B-000108,P-Usine_B-000108,L-Usine_B-202343,Dassault,2023-10-31,50,CERT-P-Usine_B-000108
2023-10-26 10:43:28,P-Usine_B-000109,P-Usine_B-000109,L-Usine_B-202343,Dassault,2023-10-29,50,CERT-P-Usine_B-000109
2023-10-26 10:44:07,P-Usine_B-000110,P-Usine_B-000110,L-Usine_B-202343,Safran,2023-10-29,50,CERT-P-Usine_B-000110
2023-10-26 10:45:47,P-Usine_B-000111,P-Usine_B-000111,L-Usine_B-202343,Airbus,2023-10-28,50,CERT-P-Usine_B-000111
2023-10-26 10:41:37,P-Usine_B-000112,P-Usine_B-000112,L-Usine_B-202343,Dassault,2023-10-31,50,CERT-P-Usine_B-000112
2023-10-26 10:38:27,P-Usine_B-000113,P-Usine_B-000113,L-Usine_B-202343,Safran,2023-10-28,50,CERT-P-Usine_B-000113
2023-10-26 10:49:07,P-Usine_B-000115,P-Usine_B-000115,L-Usine_B-202343,Safran,2023-10-29,50,CERT-P-Usine_B-000115
2023-10-26 10:45:58,P-Usine_B-000116,P-Usine_B-000116,L-Usine_B-202343,Dassault,2023-10-28,50,
2023-10-26 10:43:33,P-Usine_B-000117,P-Usine_B-000117,L-Usine_B-202343,Dassault,2023-10-30,50,CERT-P-Usine_B-000117
2023-10-26 10:52:20,P-Usine_B-000119,P-Usine_B-000119,L-Usine_B-202343,Dassault,2023-10-31,50,CERT-P-Usine_B-000119
2023-10-26 10:49:13,P-Usine_B-000120,P-Usine_B-000120,L-Usine_B-202343,Dassault,2023-10-30,50,CERT-P-Usine_B-000120
2023-10-26 10:49:02,P-Usine_B-000122,P-Usine_B-000122,L-Usine_B-202343,Dassault,2023-10-29,50,CERT-P-Usine_B-000122
2023-10-26 10:52:25,P-Usine_B-000123,P-Usine_B-000123,L-Usine_B-202343,Dassault,2023-10-30,50,CERT-P-Usine_B-000123
2023-10-26 10:51:26,P-Usine_B-000124,P-Usine_B-000124,L-Usine_B-202343,Safran,2023-10-30,50,CERT-P-Usine_B-000124
2023-10-26 10:58:22,P-Usine_B-000126,P-Usine_B-000126,L-Usine_B-202343,Dassault,2023-10-31,50,CERT-P-Usine_B-000126
2023-10-26 10:52:01,P-Usine_B-000127,P-Usine_B-000127,L-Usine_B-202343,Safran,2023-10-29,50,CERT-P-Usine_B-000127
2023-10-26 10:55:54,P-Usine_B-000129,P-Usine_B-000129,L-Usine_B-202343,Airbus,2023-10-30,50,CERT-P-Usine_B-000129
2023-10-26 10:55:25,P-Usine_B-000130,P-Usine_B-000130,L-Usine_B-202343,Dassault,2023-10-29,50,CERT-P-Usine_B-000130
2023-10-26 11:01:44,P-Usine_B-000131,P-Usine_B-000131,L-Usine_B-202343,Airbus,2023-10-27,50,CERT-P-Usine_B-000131
2023-10-26 10:56:56,P-Usine_B-000132,P-Usine_B-000132,L-Usine_B-202343,Airbus,2023-10-28,50,CERT-P-Usine_B-000132
2023-10-26 11:00:51,P-Usine_B-000133,P-Usine_B-000133,L-Usine_B-202343,Dassault,2023-10-28,50,CERT-P-Usine_B-000133
2023-10-26 11:02:40,P-Usine_B-000134,P-Usine_B-000134,L-Usine_B-202343,Safran,2023-10-28,50,CERT-P-Usine_B-000134
2023-10-26 11:09:57,P-Usine_B-000135,P-Usine_B-000135,L-Usine_B-202343,Safran,2023-10-27,50,CERT-P-Usine_B-000135
2023-10-26 11:08:39,P-Usine_B-000136,P-Usine_B-000136,L-Usine_B-202343,Safran,2023-10-29,50,CERT-P-Usine_B-000136
2023-10-26 11:06:39,P-Usine_B-000137,P-Usine_B-000137,L-Usine_B-202343,Dassault,2023-10-29,50,CERT-P-Usine_B-000137
2023-10-26 11:05:04,P-Usine_B-000139,P-Usine_B-000139,L-Usine_B-202343,Safran,2023-10-29,50,CERT-P-Usine_B-000139
2023-10-26 11:10:32,P-Usine_B-000140,P-Usine_B-000140,L-Usine_B-202343,Airbus,2023-10-30,50,CERT-P-Usine_B-000140
2023-10-26 11:13:54,P-Usine_B-000142,P-Usine_B-000142,L-Usine_B-202343,Airbus,2023-10-30,50,CERT-P-Usine_B-000142
2023-10-26 11:14:58,P-Usine_B-000143,P-Usine_B-000143,L-Usine_B-202343,Safran,2023-10-27,50,CERT-P-Usine_B-000143
2023-10-26 11:15:48,P-Usine_B-000144,P-Usine_B-000144,L-Usine_B-202343,Airbus,2023-10-31,50,CERT-P-Usine_B-000144
2023-10-26 11:18:53,P-Usine_B-000145,P-Usine_B-000145,L-Usine_B-202343,Safran,2023-10-30,50,CERT-P-Usine_B-000145
2023-10-26 11:19:37,P-Usine_B-000146,P-Usine_B-000146,L-Usine_B-202343,Safran,2023-10-27,50,CERT-P-Usine_B-000146
2023-10-26 11:13:41,P-Usine_B-000147,P-Usine_B-000147,L-Usine_B-202343,Safran,2023-10-30,50,CERT-P-Usine_B-000147
2023-10-26 11:16:20,P-Usine_B-000149,P-Usine_B-000149,L-Usine_B-202343,Dassault,2023-10-27,50,CERT-P-Usine_B-000149
2023-10-26 11:18:21,P-Usine_B-000150,P-Usine_B-000150,L-Usine_B-202343,Dassault,2023-10-30,50,CERT-P-Usine_B-000150
2023-10-26 11:24:19,P-Usine_B-000151,P-Usine_B-000151,L-Usine_B-202343,Airbus,2023-10-31,50,CERT-P-Usine_B-000151
2023-10-26 11:23:28,P-Usine_B-000152,P-Usine_B-000152,L-Usine_B-202343,Dassault,2023-10-31,50,CERT-P-Usine_B-000152
2023-10-26 11:28:00,P-Usine_B-000153,P-Usine_B-000153,L-Usine_B-202343,Dassault,2023-10-28,50,CERT-P-Usine_B-000153
2023-10-26 11:20:32,P-Usine_B-000154,P-Usine_B-000154,L-Usine_B-202343,Dassault,2023-10-27,50,CERT-P-Usine_B-000154
2023-10-26 11:21:27,P-Usine_B-000155,P-Usine_B-000155,L-Usine_B-202343,Dassault,2023-10-31,50,CERT-P-Usine_B-000155
2023-10-26 11:26:37,P-Usine_B-000156,P-Usine_B-000156,L-Usine_B-202343,Airbus,2023-10-28,50,CERT-P-Usine_B-000156
2023-10-26 11:31:46,P-Usine_B-000157,P-Usine_B-000157,L-Usine_B-202343,Dassault,2023-10-31,50,CERT-P-Usine_B-000157
2023-10-26 11:31:04,P-Usine_B-000158,P-Usine_B-000158,L-Usine_B-202343,Airbus,2023-10-29,50,CERT-P-Usine_B-000158
2023-10-26 11:30:26,P-Usine_B-000159,P-Usine_B-000159,L-Usine_B-202343,Airbus,2023-10-31,50,CERT-P-Usine_B-000159
2023-10-26 11:34:03,P-Usine_B-000160,P-Usine_B-000160,L-Usine_B-202343,Safran,2023-10-28,50,CERT-P-Usine_B-000160
2023-10-26 11:31:26,P-Usine_B-000161,P-Usine_B-000161,L-Usine_B-202343,Safran,2023-10-27,50,CERT-P-Usine_B-000161
2023-10-26 11:36:23,P-Usine_B-000162,P-Usine_B-000162,L-Usine_B-202343,Safran,2023-10-30,50,CERT-P-Usine_B-000162
2023-10-26 11:33:14,P-Usine_B-000164,P-Usine_B-000164,L-Usine_B-202343,Dassault,2023-10-28,50,CERT-P-Usine_B-000164
2023-10-26 11:36:11,P-Usine_B-000166,P-Usine_B-000166,L-Usine_B-202343,Dassault,2023-10-31,50,CERT-P-Usine_B-000166
2023-10-26 11:36:14,P-Usine_B-000167,P-Usine_B-000167,L-Usine_B-202343,Airbus,2023-10-30,50,CERT-P-Usine_B-000167
2023-10-26 11:35:58,P-Usine_B-000168,P-Usine_B-000168,L-Usine_B-202343,Safran,2023-10-31,50,CERT-P-Usine_B-000168
2023-10-26 11:42:29,P-Usine_B-000169,P-Usine_B-000169,L-Usine_B-202343,Dassault,2023-10-28,50,CERT-P-Usine_B-000169
2023-10-26 11:36:56,P-Usine_B-000170,P-Usine_B-000170,L-Usine_B-202343,Dassault,2023-10-30,50,CERT-P-Usine_B-000170
2023-10-26 11:43:05,P-Usine_B-000172,P-Usine_B-000172,L-Usine_B-202343,Dassault,2023-10-27,50,CERT-P-Usine_B-000172
2023-10-26 11:44:52,P-Usine_B-000175,P-Usine_B-000175,L-Usine_B-202343,Dassault,2023-10-31,50,CERT-P-Usine_B-000175
2023-10-26 11:46:22,P-Usine_B-000178,P-Usine_B-000178,L-Usine_B-202343,Dassault,2023-10-29,50,CERT-P-Usine_B-000178
2023-10-26 11:44:19,P-Usine_B-000179,P-Usine_B-000179,L-Usine_B-202343,Dassault,2023-10-28,50,CERT-P-Usine_B-000179
2023-10-26 11:45:46,P-Usine_B-000180,P-Usine_B-000180,L-Usine_B-202343,Airbus,2023-10-30,50,CERT-P-Usine_B-000180
2023-10-26 11:54:41,P-Usine_B-000181,P-Usine_B-000181,L-Usine_B-202343,Safran,2023-10-30,50,CERT-P-Usine_B-000181
2023-10-26 11:52:54,P-Usine_B-000182,P-Usine_B-000182,L-Usine_B-202343,Airbus,2023-10-29,50,CERT-P-Usine_B-000182
2023-10-26 11:57:03,P-Usine_B-000183,P-Usine_B-000183,L-Usine_B-202343,Airbus,2023-10-27,50,CERT-P-Usine_B-000183
2023-10-26 11:54:59,P-Usine_B-000184,P-Usine_B-000184,L-Usine_B-202343,Dassault,2023-10-31,50,CERT-P-Usine_B-000184
2023-10-26 11:58:45,P-Usine_B-000186,P-Usine_B-000186,L-Usine_B-202343,Dassault,2023-10-27,50,CERT-P-Usine_B-000186
2023-10-26 11:55:45,P-Usine_B-000187,P-Usine_B-000187,L-Usine_B-202343,Dassault,2023-10-28,50,CERT-P-Usine_B-000187
2023-10-26 11:58:12,P-Usine_B-000188,P-Usine_B-000188,L-Usine_B-202343,Airbus,2023-10-28,50,CERT-P-Usine_B-000188
2023-10-26 11:56:59,P-Usine_B-000189,P-Usine_B-000189,L-Usine_B-202343,Airbus,2023-10-28,50,CERT-P-Usine_B-000189
2023-10-26 12:01:24,P-Usine_B-000190,P-Usine_B-000190,L-Usine_B-202343,Safran,2023-10-30,50,CERT-P-Usine_B-000190
2023-10-26 12:01:37,P-Usine_B-000191,P-Usine_B-000191,L-Usine_B-202343,Safran,2023-10-29,50,CERT-P-Usine_B-000191
2023-10-26 12:00:26,P-Usine_B-000192,P-Usine_B-000192,L-Usine_B-202343,Safran,2023-10-28,50,CERT-P-Usine_B-000192
2023-10-26 12:05:41,P-Usine_B-000193,P-Usine_B-000193,L-Usine_B-202343,Airbus,2023-10-27,50,CERT-P-Usine_B-000193
2023-10-26 12:01:25,P-Usine_B-000194,P-Usine_B-000194,L-Usine_B-202343,Dassault,2023-10-30,50,CERT-P-Usine_B-000194
2023-10-26 12:07:36,P-Usine_B-000195,P-Usine_B-000195,L-Usine_B-202343,Safran,2023-10-27,50,CERT-P-Usine_B-000195
2023-10-26 12:04:21,P-Usine_B-000197,P-Usine_B-000197,L-Usine_B-202343,Safran,2023-10-28,50,CERT-P-Usine_B-000197
2023-10-26 12:11:14,P-Usine_B-000199,P-Usine_B-000199,L-Usine_B-202343,Safran,2023-10-29,50,CERT-P-Usine_B-000199
2023-10-26 12:14:24,P-Usine_B-000201,P-Usine_B-000201,L-Usine_B-202343,Airbus,2023-10-27,50,CERT-P-Usine_B-000201
2023-10-26 12:12:11,P-Usine_B-000202,P-Usine_B-000202,L-Usine_B-202343,Dassault,2023-10-31,50,CERT-P-Usine_B-000202
2023-10-26 12:14:34,P-Usine_B-000203,P-Usine_B-000203,L-Usine_B-202343,Safran,2023-10-28,50,CERT-P-Usine_B-000203
2023-10-26 12:12:52,P-Usine_B-000204,P-Usine_B-000204,L-Usine_B-202343,Safran,2023-10-31,50,CERT-P-Usine_B-000204
2023-10-26 12:12:10,,P-Usine_B-000205,L-Usine_B-202343,Dassault,2023-10-27,50,CERT-P-Usine_B-000205
2023-10-26 12:12:52,P-Usine_B-000206,P-Usine_B-000206,L-Usine_B-202343,Safran,2023-10-29,50,CERT-P-Usine_B-000206
2023-10-26 12:19:42,P-Usine_B-000207,P-Usine_B-000207,L-Usine_B-202343,Dassault,2023-10-27,50,CERT-P-Usine_B-000207
2023-10-26 12:13:45,P-Usine_B-000208,P-Usine_B-000208,L-Usine_B-202343,Dassault,2023-10-31,50,CERT-P-Usine_B-000208
2023-10-26 12:16:52,P-Usine_B-000210,P-Usine_B-000210,L-Usine_B-202343,Dassault,2023-10-31,50,CERT-P-Usine_B-000210
2023-10-26 12:26:25,P-Usine_B-000212,P-Usine_B-000212,L-Usine_B-202343,Safran,2023-10-31,50,CERT-P-Usine_B-000212
2023-10-26 12:22:39,P-Usine_B-000213,P-Usine_B-000213,L-Usine_B-202343,Dassault,2023-10-31,50,CERT-P-Usine_B-000213
2023-10-26 12:26:43,P-Usine_B-000214,P-Usine_B-000214,L-Usine_B-202343,Dassault,2023-10-31,50,CERT-P-Usine_B-000214
2023-10-26 12:27:03,P-Usine_B-000215,P-Usine_B-000215,L-Usine_B-202343,Dassault,2023-10-30,50,CERT-P-Usine_B-000215
2023-10-26 12:24:52,P-Usine_B-000216,P-Usine_B-000216,L-Usine_B-202343,Airbus,2023-10-29,50,CERT-P-Usine_B-000216
2023-10-26 12:29:57,P-Usine_B-000217,P-Usine_B-000217,L-Usine_B-202343,Dassault,2023-10-29,50,CERT-P-Usine_B-000217
2023-10-26 12:29:11,P-Usine_B-000218,P-Usine_B-000218,L-Usine_B-202343,Dassault,2023-10-29,50,CERT-P-Usine_B-000218
2023-10-26 12:24:12,P-Usine_B-000219,P-Usine_B-000219,L-Usine_B-202343,Airbus,2023-10-31,50,CERT-P-Usine_B-000219
2023-10-26 12:31:44,P-Usine_B-000220,P-Usine_B-000220,L-Usine_B-202343,Safran,2023-10-30,50,CERT-P-Usine_B-000220
2023-10-26 12:31:44,P-Usine_B-000220,P-Usine_B-000220,L-Usine_B-202343,Safran,2023-10-30,50,CERT-P-Usine_B-000220
2023-10-26 12:34:26,P-Usine_B-000221,P-Usine_B-000221,L-Usine_B-202343,Dassault,2023-10-31,50,CERT-P-Usine_B-000221
2023-10-26 12:35:11,P-Usine_B-000223,P-Usine_B-000223,L-Usine_B-202343,Dassault,2023-10-29,50,CERT-P-Usine_B-000223
2023-10-26 12:37:38,P-Usine_B-000224,P-Usine_B-000224,L-Usine_B-202343,Airbus,2023-10-28,50,CERT-P-Usine_B-000224
2023-10-26 12:30:07,P-Usine_B-000225,P-Usine_B-000225,L-Usine_B-202343,Airbus,2023-10-29,50,CERT-P-Usine_B-000225
2023-10-26 12:35:13,P-Usine_B-000226,P-Usine_B-000226,L-Usine_B-202343,Dassault,2023-10-29,50,CERT-P-Usine_B-000226
2023-10-26 12:36:35,P-Usine_B-000227,P-Usine_B-000227,L-Usine_B-202343,Dassault,2023-10-31,50,CERT-P-Usine_B-000227
2023-10-26 12:39:48,P-Usine_B-000228,P-Usine_B-000228,L-Usine_B-202343,Safran,2023-10-29,50,CERT-P-Usine_B-000228
2023-10-26 12:39:09,P-Usine_B-000229,P-Usine_B-000229,L-Usine_B-202343,Dassault,2023-10-29,50,CERT-P-Usine_B-000229
2023-10-26 12:44:22,P-Usine_B-000230,P-Usine_B-000230,L-Usine_B-202343,Dassault,2023-10-28,50,CERT-P-Usine_B-000230
2023-10-26 12:37:32,P-Usine_B-000231,P-Usine_B-000231,L-Usine_B-202343,Safran,2023-10-28,50,CERT-P-Usine_B-000231
2023-10-26 12:43:11,P-Usine_B-000232,P-Usine_B-000232,L-Usine_B-202343,Safran,2023-10-28,50,CERT-P-Usine_B-000232
2023-10-26 12:41:08,P-Usine_B-000233,P-Usine_B-000233,L-Usine_B-202343,Dassault,2023-10-31,50,CERT-P-Usine_B-000233
2023-10-26 12:48:32,P-Usine_B-000234,P-Usine_B-000234,L-Usine_B-202343,Safran,2023-10-27,50,CERT-P-Usine_B-000234
2023-10-26 12:47:04,P-Usine_B-000235,P-Usine_B-000235,L-Usine_B-202343,Safran,2023-10-29,50,CERT-P-Usine_B-000235
2023-10-26 12:46:07,P-Usine_B-000236,P-Usine_B-000236,L-Usine_B-202343,Airbus,2023-10-30,50,CERT-P-Usine_B-000236
2023-10-26 12:46:49,P-Usine_B-000237,P-Usine_B-000237,L-Usine_B-202343,Safran,2023-10-29,50,CERT-P-Usine_B-000237
2023-10-26 12:50:32,P-Usine_B-000239,P-Usine_B-000239,L-Usine_B-202343,Airbus,2023-10-28,50,CERT-P-Usine_B-000239
2023-10-26 12:52:22,P-Usine_B-000240,P-Usine_B-000240,L-Usine_B-202343,Dassault,2023-10-30,50,CERT-P-Usine_B-000240
2023-10-26 12:53:13,P-Usine_B-000241,P-Usine_B-000241,L-Usine_B-202343,Dassault,2023-10-27,50,CERT-P-Usine_B-000241
2023-10-26 12:54:01,P-Usine_B-000242,P-Usine_B-000242,L-Usine_B-202343,Airbus,,50,CERT-P-Usine_B-000242
2023-10-26 12:50:54,P-Usine_B-000243,P-Usine_B-000243,L-Usine_B-202343,Safran,2023-10-31,50,CERT-P-Usine_B-000243
2023-10-26 12:56:12,P-Usine_B-000244,P-Usine_B-000244,L-Usine_B-202343,Safran,2023-10-29,50,CERT-P-Usine_B-000244
2023-10-26 12:58:48,P-Usine_B-000246,P-Usine_B-000246,L-Usine_B-202343,Safran,2023-10-31,50,CERT-P-Usine_B-000246
2023-10-26 12:53:38,P-Usine_B-000247,P-Usine_B-000247,L-Usine_B-202343,Dassault,2023-10-31,50,CERT-P-Usine_B-000247
2023-10-26 12:54:07,P-Usine_B-000248,P-Usine_B-000248,L-Usine_B-202343,Dassault,2023-10-29,50,CERT-P-Usine_B-000248
2023-10-26 12:56:42,P-Usine_B-000251,P-Usine_B-000251,L-Usine_B-202343,Dassault,2023-10-30,50,CERT-P-Usine_B-000251
2023-10-26 12:58:23,P-Usine_B-000252,P-Usine_B-000252,L-Usine_B-202343,Safran,2023-10-29,50,CERT-P-Usine_B-000252
2023-10-26 13:00:04,P-Usine_B-000255,P-Usine_B-000255,L-Usine_B-202343,999.9,2023-10-29,50,CERT-P-Usine_B-000255
2023-10-26 13:07:16,P-Usine_B-000258,P-Usine_B-000258,L-Usine_B-202343,Airbus,2023-10-29,50,CERT-P-Usine_B-000258
2023-10-26 13:06:21,P-Usine_B-000259,P-Usine_B-000259,L-Usine_B-202343,Airbus,2023-10-30,50,CERT-P-Usine_B-000259
2023-10-26 13:06:21,P-Usine_B-000259,P-Usine_B-000259,L-Usine_B-202343,Airbus,2023-10-30,50,CERT-P-Usine_B-000259
2023-10-26 13:05:52,P-Usine_B-000260,P-Usine_B-000260,L-Usine_B-202343,Safran,2023-10-27,50,CERT-P-Usine_B-000260
2023-10-26 13:09:47,P-Usine_B-000261,P-Usine_B-000261,L-Usine_B-202343,Safran,2023-10-27,50,CERT-P-Usine_B-000261
2023-10-26 13:08:15,P-Usine_B-000262,P-Usine_B-000262,L-Usine_B-202343,Airbus,2023-10-31,50,CERT-P-Usine_B-000262
2023-10-26 13:09:12,P-Usine_B-000264,P-Usine_B-000264,L-Usine_B-202343,Safran,2023-10-28,50,CERT-P-Usine_B-000264
2023-10-26 13:17:11,P-Usine_B-000265,P-Usine_B-000265,L-Usine_B-202343,Safran,2023-10-29,50,CERT-P-Usine_B-000265
2023-10-26 13:11:35,P-Usine_B-000266,P-Usine_B-000266,L-Usine_B-202343,Safran,2023-10-27,50,CERT-P-Usine_B-000266
2023-10-26 13:20:49,P-Usine_B-000269,P-Usine_B-000269,L-Usine_B-202343,Dassault,2023-10-28,50,CERT-P-Usine_B-000269
2023-10-26 13:17:39,P-Usine_B-000270,P-Usine_B-000270,L-Usine_B-202343,Airbus,2023-10-29,50,CERT-P-Usine_B-000270
2023-10-26 13:19:27,P-Usine_B-000271,P-Usine_B-000271,L-Usine_B-202343,Dassault,2023-10-29,50,CERT-P-Usine_B-000271
2023-10-26 13:19:39,P-Usine_B-000272,P-Usine_B-000272,L-Usine_B-202343,Airbus,2023-10-27,50,CERT-P-Usine_B-000272
2023-10-26 13:23:27,P-Usine_B-000273,P-Usine_B-000273,L-Usine_B-202343,Dassault,2023-10-28,50,CERT-P-Usine_B-000273
2023-10-26 13:22:55,P-Usine_B-000274,P-Usine_B-000274,L-Usine_B-202343,Safran,2023-10-28,,CERT-P-Usine_B-000274
2023-10-26 13:28:48,P-Usine_B-000275,P-Usine_B-000275,L-Usine_B-202343,Airbus,2023-10-29,50,CERT-P-Usine_B-000275
2023-10-26 13:21:41,P-Usine_B-000276,P-Usine_B-000276,L-Usine_B-202343,Airbus,2023-10-30,50,CERT-P-Usine_B-000276
2023-10-26 13:30:10,P-Usine_B-000277,P-Usine_B-000277,L-Usine_B-202343,Dassault,2023-10-29,50,CERT-P-Usine_B-000277
2023-10-26 13:22:29,P-Usine_B-000278,P-Usine_B-000278,L-Usine_B-202343,Dassault,2023-10-27,50,CERT-P-Usine_B-000278
2023-10-26 13:29:48,P-Usine_B-000279,P-Usine_B-000279,L-Usine_B-202343,Dassault,2023-10-31,50,CERT-P-Usine_B-000279
2023-10-26 13:27:01,P-Usine_B-000280,P-Usine_B-000280,L-Usine_B-202343,Dassault,2023-10-27,50,CERT-P-Usine_B-000280
2023-10-26 13:33:26,P-Usine_B-000281,P-Usine_B-000281,L-Usine_B-202343,Dassault,2023-10-28,50,CERT-P-Usine_B-000281
2023-10-26 13:26:57,P-Usine_B-000282,P-Usine_B-000282,L-Usine_B-202343,Airbus,2023-10-29,50,CERT-P-Usine_B-000282
2023-10-26 13:35:39,P-Usine_B-000283,P-Usine_B-000283,L-Usine_B-202343,Safran,2023-10-29,50,CERT-P-Usine_B-000283
2023-10-26 13:29:03,P-Usine_B-000284,P-Usine_B-000284,L-Usine_B-202343,Safran,2023-10-28,50,CERT-P-Usine_B-000284
2023-10-26 13:32:50,P-Usine_B-000285,P-Usine_B-000285,L-Usine_B-202343,Safran,2023-10-30,50,CERT-P-Usine_B-000285
2023-10-26 13:30:27,P-Usine_B-000286,P-Usine_B-000286,L-Usine_B-202343,Safran,2023-10-28,50,CERT-P-Usine_B-000286
2023-10-26 13:32:07,P-Usine_B-000288,P-Usine_B-000288,L-Usine_B-202343,Dassault,2023-10-30,50,CERT-P-Usine_B-000288
2023-10-26 13:41:07,P-Usine_B-000289,P-Usine_B-000289,L-Usine_B-202343,Safran,2023-10-30,50,CERT-P-Usine_B-000289
2023-10-26 13:38:05,P-Usine_B-000290,P-Usine_B-000290,L-Usine_B-202343,Safran,2023-10-28,50,CERT-P-Usine_B-000290
2023-10-26 13:38:05,P-Usine_B-000290,P-Usine_B-000290,L-Usine_B-202343,Safran,2023-10-28,50,CERT-P-Usine_B-000290
2023-10-26 13:41:34,P-Usine_B-000291,P-Usine_B-000291,L-Usine_B-202343,Airbus,2023-10-31,50,CERT-P-Usine_B-000291
2023-10-26 13:36:43,P-Usine_B-000292,P-Usine_B-000292,L-Usine_B-202343,Safran,2023-10-31,50,CERT-P-Usine_B-000292
2023-10-26 13:46:16,P-Usine_B-000293,P-Usine_B-000293,L-Usine_B-202343,Safran,2023-10-31,50,CERT-P-Usine_B-000293
2023-10-26 13:47:12,P-Usine_B-000294,P-Usine_B-000294,L-Usine_B-202343,Airbus,2023-10-27,50,CERT-P-Usine_B-000294
2023-10-26 13:38:58,P-Usine_B-000295,P-Usine_B-000295,L-Usine_B-202343,Airbus,2023-10-27,50,CERT-P-Usine_B-000295
2023-10-26 13:38:58,P-Usine_B-000295,P-Usine_B-000295,L-Usine_B-202343,Airbus,2023-10-27,50,CERT-P-Usine_B-000295
2023-10-26 13:40:16,P-Usine_B-000296,P-Usine_B-000296,L-Usine_B-202343,Airbus,2023-10-30,50,CERT-P-Usine_B-000296
2023-10-26 13:49:54,P-Usine_B-000298,P-Usine_B-000298,L-Usine_B-202343,Airbus,2023-10-28,50,CERT-P-Usine_B-000298
2023-10-26 13:51:54,P-Usine_B-000299,P-Usine_B-000299,L-Usine_B-202343,Airbus,2023-10-27,50,CERT-P-Usine_B-000299
2023-10-26 13:51:54,P-Usine_B-000299,P-Usine_B-000299,L-Usine_B-202343,Airbus,2023-10-27,50,CERT-P-Usine_B-000299
2023-10-26 13:51:06,P-Usine_B-000300,P-Usine_B-000300,L-Usine_B-202343,Safran,2023-10-30,50,CERT-P-Usine_B-000300
2023-10-26 13:47:32,P-Usine_B-000302,P-Usine_B-000302,L-Usine_B-202343,Safran,999.9,50,CERT-P-Usine_B-000302
2023-10-26 13:48:09,P-Usine_B-000303,P-Usine_B-000303,L-Usine_B-202343,Airbus,2023-10-30,50,CERT-P-Usine_B-000303
2023-10-26 13:51:08,P-Usine_B-000304,P-Usine_B-000304,L-Usine_B-202343,Airbus,2023-10-30,50,CERT-P-Usine_B-000304
2023-10-26 13:58:14,P-Usine_B-000306,P-Usine_B-000306,L-Usine_B-202343,Airbus,2023-10-28,50,CERT-P-Usine_B-000306
2023-10-26 13:59:41,P-Usine_B-000308,P-Usine_B-000308,L-Usine_B-202343,Safran,2023-10-27,50,CERT-P-Usine_B-000308
2023-10-26 13:54:03,P-Usine_B-000309,P-Usine_B-000309,L-Usine_B-202343,Safran,2023-10-28,50,CERT-P-Usine_B-000309
2023-10-26 13:54:03,P-Usine_B-000309,P-Usine_B-000309,L-Usine_B-202343,Safran,2023-10-28,50,CERT-P-Usine_B-000309
2023-10-26 14:01:42,P-Usine_B-000310,P-Usine_B-000310,L-Usine_B-202343,Dassault,2023-10-29,50,CERT-P-Usine_B-000310
2023-10-26 13:59:03,P-Usine_B-000311,P-Usine_B-000311,L-Usine_B-202343,Dassault,2023-10-31,50,CERT-P-Usine_B-000311
2023-10-26 14:01:45,P-Usine_B-000312,P-Usine_B-000312,L-Usine_B-202343,Dassault,2023-10-27,50,CERT-P-Usine_B-000312
2023-10-26 14:01:48,P-Usine_B-000313,P-Usine_B-000313,L-Usine_B-202343,Dassault,2023-10-28,50,CERT-P-Usine_B-000313
2023-10-26 14:06:54,P-Usine_B-000314,P-Usine_B-000314,L-Usine_B-202343,Dassault,2023-10-29,50,CERT-P-Usine_B-000314
2023-10-26 14:07:46,P-Usine_B-000315,P-Usine_B-000315,L-Usine_B-202343,Dassault,2023-10-30,50,CERT-P-Usine_B-000315
2023-10-26 14:01:23,P-Usine_B-000316,P-Usine_B-000316,L-Usine_B-202343,Dassault,2023-10-29,50,CERT-P-Usine_B-000316
2023-10-26 14:08:55,P-Usine_B-000317,P-Usine_B-000317,L-Usine_B-202343,Dassault,2023-10-28,50,CERT-P-Usine_B-000317
2023-10-26 14:04:01,P-Usine_B-000318,P-Usine_B-000318,L-Usine_B-202343,Safran,2023-10-28,50,CERT-P-Usine_B-000318
2023-10-26 14:07:59,P-Usine_B-000319,P-Usine_B-000319,L-Usine_B-202343,Safran,2023-10-28,50,CERT-P-Usine_B-000319
2023-10-26 14:08:31,P-Usine_B-000320,P-Usine_B-000320,L-Usine_B-202343,Safran,2023-10-29,50,CERT-P-Usine_B-000320
2023-10-26 14:10:40,P-Usine_B-000321,P-Usine_B-000321,L-Usine_B-202343,Safran,2023-10-27,50,CERT-P-Usine_B-000321
2023-10-26 14:12:53,P-Usine_B-000322,P-Usine_B-000322,L-Usine_B-202343,Safran,2023-10-28,50,CERT-P-Usine_B-000322
2023-10-26 14:12:51,P-Usine_B-000323,P-Usine_B-000323,L-Usine_B-202343,Safran,2023-10-28,50,CERT-P-Usine_B-000323
2023-10-26 14:14:15,P-Usine_B-000324,P-Usine_B-000324,L-Usine_B-202343,Airbus,2023-10-28,50,CERT-P-Usine_B-000324
2023-10-26 14:15:05,P-Usine_B-000325,P-Usine_B-000325,L-Usine_B-202343,Dassault,2023-10-30,50,CERT-P-Usine_B-000325
2023-10-26 14:14:45,P-Usine_B-000326,P-Usine_B-000326,L-Usine_B-202343,Safran,2023-10-29,50,CERT-P-Usine_B-000326
2023-10-26 14:13:18,P-Usine_B-000327,P-Usine_B-000327,L-Usine_B-202343,Dassault,2023-10-29,50,CERT-P-Usine_B-000327
2023-10-26 14:19:26,P-Usine_B-000329,P-Usine_B-000329,L-Usine_B-202343,Airbus,2023-10-29,50,CERT-P-Usine_B-000329
2023-10-26 14:17:32,P-Usine_B-000330,P-Usine_B-000330,L-Usine_B-202343,Airbus,2023-10-30,50,CERT-P-Usine_B-000330
2023-10-26 14:15:02,P-Usine_B-000331,P-Usine_B-000331,L-Usine_B-202343,Safran,2023-10-28,50,CERT-P-Usine_B-000331
2023-10-26 14:15:30,P-Usine_B-000332,P-Usine_B-000332,L-Usine_B-202343,Dassault,2023-10-31,50,CERT-P-Usine_B-000332
2023-10-26 14:23:21,P-Usine_B-000333,P-Usine_B-000333,,Dassault,2023-10-31,50,CERT-P-Usine_B-000333
2023-10-26 14:26:38,P-Usine_B-000334,P-Usine_B-000334,L-Usine_B-202343,Dassault,2023-10-28,50,CERT-P-Usine_B-000334
2023-10-26 14:27:58,P-Usine_B-000335,P-Usine_B-000335,L-Usine_B-202343,Dassault,2023-10-31,50,CERT-P-Usine_B-000335
2023-10-26 14:23:45,P-Usine_B-000336,P-Usine_B-000336,L-Usine_B-202343,Safran,2023-10-27,50,CERT-P-Usine_B-000336
2023-10-26 14:30:49,P-Usine_B-000338,P-Usine_B-000338,L-Usine_B-202343,Dassault,999.9,50,CERT-P-Usine_B-000338
2023-10-26 14:23:54,P-Usine_B-000339,P-Usine_B-000339,L-Usine_B-202343,Safran,2023-10-28,50,CERT-P-Usine_B-000339
2023-10-26 14:25:11,P-Usine_B-000340,P-Usine_B-000340,L-Usine_B-202343,Dassault,2023-10-30,50,CERT-P-Usine_B-000340
2023-10-26 14:26:48,P-Usine_B-000342,P-Usine_B-000342,L-Usine_B-202343,Airbus,2023-10-27,50,CERT-P-Usine_B-000342
2023-10-26 14:32:41,P-Usine_B-000343,P-Usine_B-000343,L-Usine_B-202343,Safran,2023-10-31,50,CERT-P-Usine_B-000343
2023-10-26 14:28:50,P-Usine_B-000344,P-Usine_B-000344,L-Usine_B-202343,Safran,2023-10-27,50,CERT-P-Usine_B-000344
2023-10-26 14:31:31,P-Usine_B-000345,P-Usine_B-000345,L-Usine_B-202343,Safran,2023-10-29,50,CERT-P-Usine_B-000345
2023-10-26 14:33:49,P-Usine_B-000346,P-Usine_B-000346,L-Usine_B-202343,Safran,2023-10-28,50,CERT-P-Usine_B-000346
2023-10-26 14:32:44,P-Usine_B-000347,P-Usine_B-000347,L-Usine_B-202343,Airbus,2023-10-28,50,CERT-P-Usine_B-000347
2023-10-26 14:30:53,P-Usine_B-000348,P-Usine_B-000348,L-Usine_B-202343,Safran,2023-10-28,50,CERT-P-Usine_B-000348
2023-10-26 14:38:29,P-Usine_B-000349,P-Usine_B-000349,L-Usine_B-202343,Dassault,2023-10-30,50,CERT-P-Usine_B-000349
2023-10-26 14:34:18,P-Usine_B-000350,P-Usine_B-000350,L-Usine_B-202343,Safran,2023-10-31,50,CERT-P-Usine_B-000350
2023-10-26 14:35:47,P-Usine_B-000351,P-Usine_B-000351,L-Usine_B-202343,Safran,2023-10-28,50,CERT-P-Usine_B-000351
2023-10-26 14:43:57,P-Usine_B-000353,P-Usine_B-000353,L-Usine_B-202343,Safran,2023-10-28,50,CERT-P-Usine_B-000353
2023-10-26 14:39:19,P-Usine_B-000355,P-Usine_B-000355,L-Usine_B-202343,Airbus,2023-10-30,50,CERT-P-Usine_B-000355
2023-10-26 14:41:12,P-Usine_B-000356,P-Usine_B-000356,L-Usine_B-202343,Dassault,2023-10-31,50,CERT-P-Usine_B-000356
2023-10-26 14:42:51,P-Usine_B-000357,P-Usine_B-000357,L-Usine_B-202343,Airbus,2023-10-27,50,CERT-P-Usine_B-000357
2023-10-26 14:44:03,P-Usine_B-000359,P-Usine_B-000359,L-Usine_B-202343,Airbus,2023-10-30,50,CERT-P-Usine_B-000359
2023-10-26 14:44:28,P-Usine_B-000360,P-Usine_B-000360,L-Usine_B-202343,Airbus,2023-10-27,50,CERT-P-Usine_B-000360
2023-10-26 14:45:37,P-Usine_B-000361,P-Usine_B-000361,L-Usine_B-202343,Safran,2023-10-31,50,CERT-P-Usine_B-000361
2023-10-26 14:49:13,P-Usine_B-000362,P-Usine_B-000362,L-Usine_B-202343,Dassault,2023-10-29,50,CERT-P-Usine_B-000362
2023-10-26 14:52:25,P-Usine_B-000363,P-Usine_B-000363,L-Usine_B-202343,Dassault,2023-10-29,50,CERT-P-Usine_B-000363
2023-10-26 14:50:08,P-Usine_B-000365,P-Usine_B-000365,L-Usine_B-202343,Safran,2023-10-29,50,CERT-P-Usine_B-000365
2023-10-26 14:52:31,P-Usine_B-000366,P-Usine_B-000366,L-Usine_B-202343,Airbus,2023-10-28,50,CERT-P-Usine_B-000366
2023-10-26 14:53:05,P-Usine_B-000367,P-Usine_B-000367,L-Usine_B-202343,Safran,2023-10-27,50,CERT-P-Usine_B-000367
2023-10-26 14:52:05,P-Usine_B-000368,P-Usine_B-000368,L-Usine_B-202343,Airbus,2023-10-31,50,CERT-P-Usine_B-000368
2023-10-26 14:58:12,P-Usine_B-000369,P-Usine_B-000369,L-Usine_B-202343,Safran,2023-10-31,50,CERT-P-Usine_B-000369
2023-10-26 14:56:22,P-Usine_B-000370,P-Usine_B-000370,L-Usine_B-202343,Airbus,2023-10-28,50,CERT-P-Usine_B-000370
2023-10-26 15:00:28,P-Usine_B-000371,P-Usine_B-000371,L-Usine_B-202343,Airbus,2023-10-31,50,CERT-P-Usine_B-000371
2023-10-26 15:04:02,P-Usine_B-000372,P-Usine_B-000372,L-Usine_B-202343,Dassault,2023-10-31,50,CERT-P-Usine_B-000372
2023-10-26 15:01:56,P-Usine_B-000373,P-Usine_B-000373,L-Usine_B-202343,,2023-10-27,50,CERT-P-Usine_B-000373
2023-10-26 15:00:33,P-Usine_B-000374,P-Usine_B-000374,L-Usine_B-202343,Airbus,2023-10-27,50,CERT-P-Usine_B-000374
2023-10-26 15:05:06,P-Usine_B-000375,P-Usine_B-000375,L-Usine_B-202343,Safran,2023-10-29,50,CERT-P-Usine_B-000375
2023-10-26 15:06:38,P-Usine_B-000376,P-Usine_B-000376,L-Usine_B-202343,Airbus,2023-10-30,50,CERT-P-Usine_B-000376
2023-10-26 15:01:30,P-Usine_B-000377,P-Usine_B-000377,L-Usine_B-202343,Airbus,2023-10-28,50,CERT-P-Usine_B-000377
2023-10-26 15:03:16,P-Usine_B-000378,P-Usine_B-000378,L-Usine_B-202343,Safran,2023-10-27,50,CERT-P-Usine_B-000378
2023-10-26 15:05:35,P-Usine_B-000379,P-Usine_B-000379,L-Usine_B-202343,Dassault,2023-10-27,50,CERT-P-Usine_B-000379
2023-10-26 15:07:48,P-Usine_B-000381,P-Usine_B-000381,L-Usine_B-202343,Safran,2023-10-28,50,CERT-P-Usine_B-000381
2023-10-26 15:11:22,P-Usine_B-000382,P-Usine_B-000382,L-Usine_B-202343,Safran,2023-10-28,50,CERT-P-Usine_B-000382
2023-10-26 15:11:22,P-Usine_B-000382,P-Usine_B-000382,L-Usine_B-202343,Safran,2023-10-28,50,CERT-P-Usine_B-000382
2023-10-26 15:09:03,P-Usine_B-000383,P-Usine_B-000383,L-Usine_B-202343,Airbus,2023-10-30,50,CERT-P-Usine_B-000383
2023-10-26 15:12:22,P-Usine_B-000384,P-Usine_B-000384,L-Usine_B-202343,Dassault,2023-10-29,50,CERT-P-Usine_B-000384
2023-10-26 15:09:47,P-Usine_B-000385,P-Usine_B-000385,L-Usine_B-202343,Airbus,2023-10-31,50,CERT-P-Usine_B-000385
2023-10-26 15:13:22,P-Usine_B-000386,P-Usine_B-000386,L-Usine_B-202343,Dassault,2023-10-27,50,CERT-P-Usine_B-000386
2023-10-26 15:14:12,P-Usine_B-000389,P-Usine_B-000389,L-Usine_B-202343,Safran,2023-10-30,50,CERT-P-Usine_B-000389
2023-10-26 15:14:39,P-Usine_B-000390,P-Usine_B-000390,L-Usine_B-202343,Airbus,2023-10-27,50,CERT-P-Usine_B-000390
2023-10-26 15:19:20,P-Usine_B-000391,P-Usine_B-000391,L-Usine_B-202343,Airbus,2023-10-29,50,CERT-P-Usine_B-000391
2023-10-26 15:18:26,P-Usine_B-000392,P-Usine_B-000392,L-Usine_B-202343,Dassault,2023-10-31,50,CERT-P-Usine_B-000392
2023-10-26 15:24:05,P-Usine_B-000393,P-Usine_B-000393,L-Usine_B-202343,Safran,2023-10-30,50,CERT-P-Usine_B-000393
2023-10-26 15:26:14,P-Usine_B-000394,P-Usine_B-000394,L-Usine_B-202343,Dassault,2023-10-28,50,CERT-P-Usine_B-000394
2023-10-26 15:19:03,P-Usine_B-000395,P-Usine_B-000395,L-Usine_B-202343,Safran,2023-10-29,50,CERT-P-Usine_B-000395
2023-10-26 15:29:20,P-Usine_B-000396,P-Usine_B-000396,L-Usine_B-202343,Dassault,2023-10-27,50,CERT-P-Usine_B-000396
2023-10-26 15:29:55,P-Usine_B-000397,P-Usine_B-000397,L-Usine_B-202343,Dassault,2023-10-27,50,CERT-P-Usine_B-000397
2023-10-26 15:24:08,P-Usine_B-000398,P-Usine_B-000398,L-Usine_B-202343,Dassault,2023-10-29,50,CERT-P-Usine_B-000398
2023-10-26 15:23:25,P-Usine_B-000399,P-Usine_B-000399,L-Usine_B-202343,Dassault,2023-10-29,50,CERT-P-Usine_B-000399
2023-10-26 15:25:59,P-Usine_B-000400,P-Usine_B-000400,L-Usine_B-202343,Dassault,2023-10-30,50,CERT-P-Usine_B-000400
2023-10-26 15:34:36,P-Usine_B-000401,P-Usine_B-000401,L-Usine_B-202343,Safran,2023-10-30,50,CERT-P-Usine_B-000401
2023-10-26 15:32:31,P-Usine_B-000402,P-Usine_B-000402,L-Usine_B-202343,Airbus,2023-10-29,50,CERT-P-Usine_B-000402
2023-10-26 15:27:40,P-Usine_B-000403,P-Usine_B-000403,L-Usine_B-202343,Airbus,2023-10-30,50,CERT-P-Usine_B-000403
2023-10-26 15:36:36,P-Usine_B-000404,P-Usine_B-000404,L-Usine_B-202343,Airbus,999.9,50,CERT-P-Usine_B-000404
2023-10-26 15:32:10,P-Usine_B-000405,P-Usine_B-000405,L-Usine_B-202343,Dassault,2023-10-30,50,CERT-P-Usine_B-000405
2023-10-26 15:33:58,P-Usine_B-000406,P-Usine_B-000406,L-Usine_B-202343,Airbus,2023-10-30,50,CERT-P-Usine_B-000406
2023-10-26 15:36:24,P-Usine_B-000407,P-Usine_B-000407,L-Usine_B-202343,Airbus,2023-10-28,50,CERT-P-Usine_B-000407
2023-10-26 15:36:55,P-Usine_B-000408,P-Usine_B-000408,L-Usine_B-202343,Dassault,2023-10-27,50,CERT-P-Usine_B-000408
2023-10-26 15:43:02,P-Usine_B-000410,P-Usine_B-000410,L-Usine_B-202343,Dassault,2023-10-28,50,CERT-P-Usine_B-000410
2023-10-26 15:42:56,P-Usine_B-000411,P-Usine_B-000411,L-Usine_B-202343,Safran,2023-10-31,50,CERT-P-Usine_B-000411
2023-10-26 15:39:40,P-Usine_B-000412,P-Usine_B-000412,L-Usine_B-202343,Dassault,2023-10-29,50,CERT-P-Usine_B-000412
2023-10-26 15:37:06,P-Usine_B-000413,P-Usine_B-000413,L-Usine_B-202343,Safran,2023-10-27,50,CERT-P-Usine_B-000413
2023-10-26 15:37:06,P-Usine_B-000413,P-Usine_B-000413,L-Usine_B-202343,Safran,2023-10-27,50,CERT-P-Usine_B-000413
2023-10-26 15:40:47,P-Usine_B-000414,P-Usine_B-000414,L-Usine_B-202343,Airbus,2023-10-28,50,CERT-P-Usine_B-000414
2023-10-26 15:39:44,P-Usine_B-000415,P-Usine_B-000415,L-Usine_B-202343,Airbus,2023-10-31,50,CERT-P-Usine_B-000415
2023-10-26 15:42:25,P-Usine_B-000417,P-Usine_B-000417,L-Usine_B-202343,Safran,2023-10-29,50,CERT-P-Usine_B-000417
2023-10-26 15:43:58,P-Usine_B-000418,P-Usine_B-000418,L-Usine_B-202343,Airbus,2023-10-28,50,CERT-P-Usine_B-000418
2023-10-26 15:44:21,P-Usine_B-000419,P-Usine_B-000419,L-Usine_B-202343,Safran,2023-10-29,50,CERT-P-Usine_B-000419
2023-10-26 15:44:32,P-Usine_B-000420,P-Usine_B-000420,L-Usine_B-202343,Airbus,2023-10-29,50,CERT-P-Usine_B-000420
2023-10-26 15:48:32,P-Usine_B-000421,P-Usine_B-000421,L-Usine_B-202343,Airbus,2023-10-28,999.9,CERT-P-Usine_B-000421
2023-10-26 15:49:53,P-Usine_B-000422,P-Usine_B-000422,L-Usine_B-202343,Airbus,2023-10-31,50,CERT-P-Usine_B-000422
2023-10-26 15:55:20,P-Usine_B-000424,P-Usine_B-000424,L-Usine_B-202343,Airbus,2023-10-30,50,CERT-P-Usine_B-000424
2023-10-26 15:49:59,P-Usine_B-000425,P-Usine_B-000425,L-Usine_B-202343,Safran,2023-10-27,50,CERT-P-Usine_B-000425
2023-10-26 15:50:36,P-Usine_B-000426,P-Usine_B-000426,L-Usine_B-202343,Safran,2023-10-31,50,CERT-P-Usine_B-000426
2023-10-26 15:57:48,P-Usine_B-000427,P-Usine_B-000427,L-Usine_B-202343,Dassault,2023-10-31,50,CERT-P-Usine_B-000427
2023-10-26 16:01:34,P-Usine_B-000429,P-Usine_B-000429,L-Usine_B-202343,Airbus,2023-10-30,50,CERT-P-Usine_B-000429
2023-10-26 15:59:34,P-Usine_B-000430,P-Usine_B-000430,L-Usine_B-202343,Safran,2023-10-27,50,CERT-P-Usine_B-000430
2023-10-26 15:58:21,P-Usine_B-000431,P-Usine_B-000431,L-Usine_B-202343,Dassault,2023-10-30,50,CERT-P-Usine_B-000431
2023-10-26 15:58:59,P-Usine_B-000432,P-Usine_B-000432,L-Usine_B-202343,Dassault,2023-10-30,50,CERT-P-Usine_B-000432
2023-10-26 16:03:09,P-Usine_B-000433,P-Usine_B-000433,L-Usine_B-202343,Safran,2023-10-28,50,CERT-P-Usine_B-000433
2023-10-26 16:02:57,P-Usine_B-000434,P-Usine_B-000434,L-Usine_B-202343,Dassault,2023-10-30,50,CERT-P-Usine_B-000434
2023-10-26 16:02:24,P-Usine_B-000435,P-Usine_B-000435,L-Usine_B-202343,Dassault,2023-10-29,50,CERT-P-Usine_B-000435
2023-10-26 16:05:34,P-Usine_B-000436,P-Usine_B-000436,L-Usine_B-202343,Airbus,2023-10-30,50,CERT-P-Usine_B-000436
2023-10-26 16:03:25,P-Usine_B-000437,P-Usine_B-000437,L-Usine_B-202343,Dassault,2023-10-31,50,CERT-P-Usine_B-000437
2023-10-26 16:02:50,P-Usine_B-000438,P-Usine_B-000438,L-Usine_B-202343,Safran,2023-10-31,50,CERT-P-Usine_B-000438
2023-10-26 16:05:41,P-Usine_B-000439,P-Usine_B-000439,L-Usine_B-202343,Safran,2023-10-28,50,CERT-P-Usine_B-000439
2023-10-26 16:12:05,P-Usine_B-000440,P-Usine_B-000440,L-Usine_B-202343,Dassault,2023-10-28,50,CERT-P-Usine_B-000440
2023-10-26 16:06:15,P-Usine_B-000442,P-Usine_B-000442,L-Usine_B-202343,Airbus,2023-10-27,50,CERT-P-Usine_B-000442
2023-10-26 16:07:58,P-Usine_B-000443,P-Usine_B-000443,L-Usine_B-202343,Dassault,2023-10-28,50,CERT-P-Usine_B-000443
2023-10-26 16:15:21,P-Usine_B-000444,P-Usine_B-000444,L-Usine_B-202343,Dassault,2023-10-30,50,CERT-P-Usine_B-000444
2023-10-26 16:17:27,P-Usine_B-000445,P-Usine_B-000445,L-Usine_B-202343,Airbus,2023-10-28,50,CERT-P-Usine_B-000445
2023-10-26 16:10:23,P-Usine_B-000446,P-Usine_B-000446,L-Usine_B-202343,Safran,2023-10-28,50,CERT-P-Usine_B-000446
2023-10-26 16:22:02,P-Usine_B-000448,P-Usine_B-000448,L-Usine_B-202343,Airbus,2023-10-27,50,CERT-P-Usine_B-000448
2023-10-26 16:22:03,P-Usine_B-000449,P-Usine_B-000449,L-Usine_B-202343,Dassault,2023-10-29,50,CERT-P-Usine_B-000449
2023-10-26 16:18:25,P-Usine_B-000450,P-Usine_B-000450,L-Usine_B-202343,Airbus,2023-10-30,50,CERT-P-Usine_B-000450
2023-10-26 16:24:40,P-Usine_B-000451,P-Usine_B-000451,L-Usine_B-202343,Dassault,2023-10-30,50,CERT-P-Usine_B-000451
2023-10-26 16:21:26,P-Usine_B-000454,P-Usine_B-000454,L-Usine_B-202343,Airbus,2023-10-27,50,CERT-P-Usine_B-000454
2023-10-26 16:22:51,P-Usine_B-000456,P-Usine_B-000456,L-Usine_B-202343,Safran,2023-10-30,50,CERT-P-Usine_B-000456
2023-10-26 16:28:12,P-Usine_B-000457,P-Usine_B-000457,L-Usine_B-202343,Airbus,2023-10-27,50,CERT-P-Usine_B-000457
2023-10-26 16:25:46,P-Usine_B-000459,P-Usine_B-000459,L-Usine_B-202343,Dassault,2023-10-31,50,CERT-P-Usine_B-000459
2023-10-26 16:35:03,P-Usine_B-000461,P-Usine_B-000461,L-Usine_B-202343,Dassault,999.9,50,CERT-P-Usine_B-000461
2023-10-26 16:28:08,P-Usine_B-000462,P-Usine_B-000462,L-Usine_B-202343,Safran,2023-10-29,50,CERT-P-Usine_B-000462
2023-10-26 16:35:45,P-Usine_B-000463,P-Usine_B-000463,L-Usine_B-202343,Dassault,2023-10-29,999.9,CERT-P-Usine_B-000463
2023-10-26 16:36:49,P-Usine_B-000465,P-Usine_B-000465,L-Usine_B-202343,Airbus,2023-10-30,50,CERT-P-Usine_B-000465
2023-10-26 16:32:43,P-Usine_B-000466,P-Usine_B-000466,L-Usine_B-202343,Dassault,2023-10-27,50,CERT-P-Usine_B-000466
2023-10-26 16:37:11,P-Usine_B-000467,P-Usine_B-000467,L-Usine_B-202343,Airbus,2023-10-28,50,CERT-P-Usine_B-000467
2023-10-26 16:34:59,P-Usine_B-000468,P-Usine_B-000468,L-Usine_B-202343,Airbus,2023-10-30,50,CERT-P-Usine_B-000468
2023-10-26 16:38:08,P-Usine_B-000469,P-Usine_B-000469,L-Usine_B-202343,Airbus,2023-10-31,50,CERT-P-Usine_B-000469
2023-10-26 16:44:12,P-Usine_B-000470,P-Usine_B-000470,L-Usine_B-202343,Dassault,2023-10-28,50,CERT-P-Usine_B-000470
2023-10-26 16:36:02,P-Usine_B-000471,P-Usine_B-000471,L-Usine_B-202343,Dassault,2023-10-30,50,CERT-P-Usine_B-000471
2023-10-26 16:42:30,P-Usine_B-000473,P-Usine_B-000473,L-Usine_B-202343,Safran,2023-10-27,50,CERT-P-Usine_B-000473
2023-10-26 16:43:27,P-Usine_B-000475,P-Usine_B-000475,L-Usine_B-202343,Safran,2023-10-28,50,CERT-P-Usine_B-000475
2023-10-26 16:40:58,P-Usine_B-000476,P-Usine_B-000476,L-Usine_B-202343,Dassault,2023-10-31,50,CERT-P-Usine_B-000476
2023-10-26 16:43:46,P-Usine_B-000477,P-Usine_B-000477,L-Usine_B-202343,Airbus,2023-10-30,50,CERT-P-Usine_B-000477
2023-10-26 16:46:52,P-Usine_B-000478,P-Usine_B-000478,L-Usine_B-202343,Airbus,2023-10-28,50,CERT-P-Usine_B-000478
2023-10-26 16:45:41,P-Usine_B-000480,P-Usine_B-000480,L-Usine_B-202343,Airbus,2023-10-27,50,CERT-P-Usine_B-000480
2023-10-26 16:51:11,P-Usine_B-000481,P-Usine_B-000481,L-Usine_B-202343,Dassault,2023-10-29,50,CERT-P-Usine_B-000481
2023-10-26 16:49:26,P-Usine_B-000482,P-Usine_B-000482,L-Usine_B-202343,999.9,2023-10-30,50,CERT-P-Usine_B-000482
2023-10-26 16:48:40,P-Usine_B-000483,P-Usine_B-000483,L-Usine_B-202343,Dassault,2023-10-29,50,CERT-P-Usine_B-000483
2023-10-26 16:52:06,P-Usine_B-000484,P-Usine_B-000484,L-Usine_B-202343,Safran,2023-10-31,50,CERT-P-Usine_B-000484
2023-10-26 16:52:06,P-Usine_B-000484,P-Usine_B-000484,L-Usine_B-202343,Safran,2023-10-31,50,CERT-P-Usine_B-000484
2023-10-26 16:49:39,P-Usine_B-000485,P-Usine_B-000485,L-Usine_B-202343,Safran,2023-10-27,50,CERT-P-Usine_B-000485
2023-10-26 16:58:05,P-Usine_B-000486,P-Usine_B-000486,L-Usine_B-202343,Safran,2023-10-31,50,CERT-P-Usine_B-000486
2023-10-26 17:02:07,P-Usine_B-000488,P-Usine_B-000488,L-Usine_B-202343,Airbus,2023-10-28,50,CERT-P-Usine_B-000488
2023-10-26 17:01:36,P-Usine_B-000489,P-Usine_B-000489,L-Usine_B-202343,Dassault,2023-10-31,50,CERT-P-Usine_B-000489
2023-10-26 17:01:34,P-Usine_B-000490,P-Usine_B-000490,L-Usine_B-202343,Safran,2023-10-30,50,CERT-P-Usine_B-000490
2023-10-26 17:02:23,P-Usine_B-000491,P-Usine_B-000491,L-Usine_B-202343,Dassault,2023-10-30,50,CERT-P-Usine_B-000491
2023-10-26 17:05:44,P-Usine_B-000493,P-Usine_B-000493,L-Usine_B-202343,Safran,2023-10-28,50,CERT-P-Usine_B-000493
2023-10-26 17:05:29,P-Usine_B-000494,P-Usine_B-000494,L-Usine_B-202343,Safran,2023-10-29,999.9,CERT-P-Usine_B-000494
2023-10-26 17:08:28,P-Usine_B-000495,P-Usine_B-000495,L-Usine_B-202343,Airbus,2023-10-28,50,CERT-P-Usine_B-000495
2023-10-26 17:01:58,P-Usine_B-000496,P-Usine_B-000496,L-Usine_B-202343,Airbus,2023-10-30,50,CERT-P-Usine_B-000496
2023-10-26 17:03:44,P-Usine_B-000498,P-Usine_B-000498,L-Usine_B-202343,Safran,2023-10-28,50,CERT-P-Usine_B-000498
2023-10-26 17:13:10,P-Usine_B-000499,P-Usine_B-000499,L-Usine_B-202343,Safran,2023-10-28,50,CERT-P-Usine_B-000499
2023-10-26 17:11:39,P-Usine_B-000500,P-Usine_B-000500,L-Usine_B-202343,Airbus,2023-10-28,50,CERT-P-Usine_B-000500
2023-10-26 17:14:59,P-Usine_B-000501,P-Usine_B-000501,L-Usine_B-202343,Safran,2023-10-29,50,CERT-P-Usine_B-000501
2023-10-26 17:12:11,P-Usine_B-000502,P-Usine_B-000502,L-Usine_B-202343,Safran,2023-10-29,50,CERT-P-Usine_B-000502
2023-10-26 17:14:55,P-Usine_B-000503,P-Usine_B-000503,L-Usine_B-202343,Airbus,2023-10-27,50,CERT-P-Usine_B-000503
2023-10-26 17:14:52,P-Usine_B-000504,P-Usine_B-000504,L-Usine_B-202343,Airbus,2023-10-31,50,CERT-P-Usine_B-000504
2023-10-26 17:18:24,P-Usine_B-000507,P-Usine_B-000507,L-Usine_B-202343,Dassault,2023-10-30,50,CERT-P-Usine_B-000507
2023-10-26 17:17:55,P-Usine_B-000508,P-Usine_B-000508,L-Usine_B-202343,Dassault,2023-10-31,50,CERT-P-Usine_B-000508
2023-10-26 17:15:51,P-Usine_B-000509,P-Usine_B-000509,L-Usine_B-202343,Dassault,2023-10-31,50,CERT-P-Usine_B-000509
2023-10-26 17:17:50,P-Usine_B-000510,P-Usine_B-000510,L-Usine_B-202343,Safran,2023-10-27,50,CERT-P-Usine_B-000510
2023-10-26 17:20:32,P-Usine_B-000511,P-Usine_B-000511,L-Usine_B-202343,Dassault,2023-10-28,50,CERT-P-Usine_B-000511
2023-10-26 17:20:11,P-Usine_B-000512,P-Usine_B-000512,L-Usine_B-202343,Safran,2023-10-30,50,CERT-P-Usine_B-000512
2023-10-26 17:24:54,P-Usine_B-000513,P-Usine_B-000513,L-Usine_B-202343,Airbus,2023-10-31,50,CERT-P-Usine_B-000513
2023-10-26 17:23:47,P-Usine_B-000514,P-Usine_B-000514,L-Usine_B-202343,Airbus,2023-10-30,50,CERT-P-Usine_B-000514
2023-10-26 17:29:06,P-Usine_B-000515,P-Usine_B-000515,L-Usine_B-202343,Airbus,2023-10-27,50,CERT-P-Usine_B-000515
2023-10-26 17:22:58,P-Usine_B-000516,P-Usine_B-000516,L-Usine_B-202343,Dassault,2023-10-28,999.9,CERT-P-Usine_B-000516
2023-10-26 17:26:01,P-Usine_B-000517,P-Usine_B-000517,L-Usine_B-202343,Airbus,2023-10-27,50,CERT-P-Usine_B-000517
2023-10-26 17:30:12,P-Usine_B-000518,P-Usine_B-000518,L-Usine_B-202343,Airbus,2023-10-29,50,CERT-P-Usine_B-000518
2023-10-26 17:24:40,P-Usine_B-000519,P-Usine_B-000519,L-Usine_B-202343,Airbus,2023-10-27,50,CERT-P-Usine_B-000519
2023-10-26 17:33:03,P-Usine_B-000521,P-Usine_B-000521,L-Usine_B-202343,Safran,2023-10-31,50,CERT-P-Usine_B-000521
2023-10-26 17:35:34,P-Usine_B-000522,P-Usine_B-000522,L-Usine_B-202343,Airbus,2023-10-31,50,CERT-P-Usine_B-000522
2023-10-26 17:28:48,P-Usine_B-000523,P-Usine_B-000523,L-Usine_B-202343,Airbus,2023-10-28,50,CERT-P-Usine_B-000523
2023-10-26 17:35:48,P-Usine_B-000524,P-Usine_B-000524,L-Usine_B-202343,Dassault,999.9,50,CERT-P-Usine_B-000524
2023-10-26 17:33:55,P-Usine_B-000525,P-Usine_B-000525,L-Usine_B-202343,Dassault,2023-10-28,50,CERT-P-Usine_B-000525
2023-10-26 17:41:23,P-Usine_B-000526,P-Usine_B-000526,L-Usine_B-202343,Safran,2023-10-30,50,CERT-P-Usine_B-000526
2023-10-26 17:39:21,P-Usine_B-000527,P-Usine_B-000527,L-Usine_B-202343,Dassault,2023-10-28,50,CERT-P-Usine_B-000527
2023-10-26 17:36:23,P-Usine_B-000528,P-Usine_B-000528,L-Usine_B-202343,Airbus,2023-10-27,50,CERT-P-Usine_B-000528
2023-10-26 17:35:48,P-Usine_B-000529,P-Usine_B-000529,L-Usine_B-202343,Airbus,2023-10-31,50,CERT-P-Usine_B-000529
2023-10-26 17:40:14,P-Usine_B-000530,P-Usine_B-000530,L-Usine_B-202343,Dassault,2023-10-28,50,CERT-P-Usine_B-000530
2023-10-26 17:45:14,P-Usine_B-000531,P-Usine_B-000531,L-Usine_B-202343,Safran,2023-10-30,50,CERT-P-Usine_B-000531
2023-10-26 17:38:12,P-Usine_B-000532,P-Usine_B-000532,L-Usine_B-202343,Safran,2023-10-30,50,CERT-P-Usine_B-000532
2023-10-26 17:47:38,P-Usine_B-000533,P-Usine_B-000533,L-Usine_B-202343,Airbus,2023-10-31,50,CERT-P-Usine_B-000533
2023-10-26 17:42:03,P-Usine_B-000534,P-Usine_B-000534,L-Usine_B-202343,Airbus,2023-10-27,50,CERT-P-Usine_B-000534
2023-10-26 17:45:08,P-Usine_B-000536,P-Usine_B-000536,L-Usine_B-202343,Airbus,2023-10-27,50,CERT-P-Usine_B-000536
2023-10-26 17:49:48,P-Usine_B-000537,P-Usine_B-000537,L-Usine_B-202343,Dassault,2023-10-27,50,CERT-P-Usine_B-000537
2023-10-26 17:49:48,P-Usine_B-000537,P-Usine_B-000537,L-Usine_B-202343,Dassault,2023-10-27,50,CERT-P-Usine_B-000537
2023-10-26 17:44:38,P-Usine_B-000538,P-Usine_B-000538,L-Usine_B-202343,Dassault,2023-10-29,50,CERT-P-Usine_B-000538
2023-10-26 17:52:11,P-Usine_B-000539,P-Usine_B-000539,L-Usine_B-202343,Airbus,2023-10-31,50,CERT-P-Usine_B-000539
2023-10-26 17:54:58,P-Usine_B-000540,P-Usine_B-000540,L-Usine_B-202343,Dassault,2023-10-29,50,CERT-P-Usine_B-000540
2023-10-26 17:52:24,P-Usine_B-000541,P-Usine_B-000541,L-Usine_B-202343,Safran,2023-10-31,50,CERT-P-Usine_B-000541
2023-10-26 17:55:38,P-Usine_B-000542,P-Usine_B-000542,L-Usine_B-202343,999.9,2023-10-27,50,CERT-P-Usine_B-000542
2023-10-26 17:53:21,P-Usine_B-000543,P-Usine_B-000543,L-Usine_B-202343,Safran,2023-10-31,50,CERT-P-Usine_B-000543
2023-10-26 17:55:18,P-Usine_B-000545,P-Usine_B-000545,L-Usine_B-202343,Safran,2023-10-31,50,CERT-P-Usine_B-000545
2023-10-26 17:52:58,P-Usine_B-000547,P-Usine_B-000547,L-Usine_B-202343,Dassault,2023-10-27,50,CERT-P-Usine_B-000547
2023-10-26 17:57:53,P-Usine_B-000549,P-Usine_B-000549,L-Usine_B-202343,Safran,2023-10-31,50,CERT-P-Usine_B-000549
2023-10-26 18:01:17,P-Usine_B-000550,P-Usine_B-000550,L-Usine_B-202343,Dassault,2023-10-29,50,CERT-P-Usine_B-000550
2023-10-26 18:01:02,P-Usine_B-000551,P-Usine_B-000551,L-Usine_B-202343,Safran,2023-10-31,50,CERT-P-Usine_B-000551
2023-10-26 17:58:46,P-Usine_B-000552,P-Usine_B-000552,L-Usine_B-202343,Airbus,2023-10-30,50,CERT-P-Usine_B-000552
2023-10-26 18:06:22,P-Usine_B-000553,P-Usine_B-000553,L-Usine_B-202343,Dassault,2023-10-30,50,CERT-P-Usine_B-000553
2023-10-26 18:00:19,P-Usine_B-000555,P-Usine_B-000555,L-Usine_B-202343,Dassault,2023-10-30,50,CERT-P-Usine_B-000555
2023-10-26 18:03:37,P-Usine_B-000557,P-Usine_B-000557,L-Usine_B-202343,Safran,2023-10-28,50,CERT-P-Usine_B-000557
2023-10-26 18:10:37,P-Usine_B-000559,P-Usine_B-000559,L-Usine_B-202343,Safran,2023-10-27,50,CERT-P-Usine_B-000559
2023-10-26 18:08:30,P-Usine_B-000560,P-Usine_B-000560,L-Usine_B-202343,Dassault,2023-10-28,50,CERT-P-Usine_B-000560
2023-10-26 18:06:45,P-Usine_B-000561,999.9,L-Usine_B-202343,Safran,2023-10-30,50,CERT-P-Usine_B-000561
2023-10-26 18:14:09,P-Usine_B-000562,P-Usine_B-000562,L-Usine_B-202343,Dassault,2023-10-29,50,CERT-P-Usine_B-000562
2023-10-26 18:08:03,P-Usine_B-000563,P-Usine_B-000563,L-Usine_B-202343,Dassault,2023-10-28,50,CERT-P-Usine_B-000563
2023-10-26 18:15:03,P-Usine_B-000564,P-Usine_B-000564,L-Usine_B-202343,Airbus,2023-10-30,50,CERT-P-Usine_B-000564
2023-10-26 18:16:12,P-Usine_B-000565,P-Usine_B-000565,L-Usine_B-202343,Dassault,2023-10-28,50,CERT-P-Usine_B-000565
2023-10-26 18:20:55,P-Usine_B-000566,P-Usine_B-000566,L-Usine_B-202343,Airbus,2023-10-27,50,CERT-P-Usine_B-000566
2023-10-26 18:21:01,P-Usine_B-000569,P-Usine_B-000569,L-Usine_B-202343,Dassault,2023-10-28,50,CERT-P-Usine_B-000569
2023-10-26 18:16:48,P-Usine_B-000570,P-Usine_B-000570,L-Usine_B-202343,Safran,2023-10-28,50,CERT-P-Usine_B-000570
2023-10-26 18:23:46,P-Usine_B-000571,P-Usine_B-000571,L-Usine_B-202343,Safran,2023-10-30,50,CERT-P-Usine_B-000571
2023-10-26 18:21:15,P-Usine_B-000572,P-Usine_B-000572,L-Usine_B-202343,Dassault,2023-10-29,50,CERT-P-Usine_B-000572
2023-10-26 18:23:13,P-Usine_B-000573,P-Usine_B-000573,L-Usine_B-202343,Airbus,2023-10-27,50,CERT-P-Usine_B-000573
2023-10-26 18:22:40,P-Usine_B-000574,P-Usine_B-000574,L-Usine_B-202343,Safran,2023-10-29,50,CERT-P-Usine_B-000574
2023-10-26 18:23:46,P-Usine_B-000575,P-Usine_B-000575,L-Usine_B-202343,Dassault,2023-10-31,50,CERT-P-Usine_B-000575
2023-10-26 18:23:46,P-Usine_B-000575,P-Usine_B-000575,L-Usine_B-202343,Dassault,2023-10-31,50,CERT-P-Usine_B-000575
2023-10-26 18:26:15,P-Usine_B-000576,P-Usine_B-000576,L-Usine_B-202343,Airbus,2023-10-31,50,CERT-P-Usine_B-000576
2023-10-26 18:26:41,P-Usine_B-000577,P-Usine_B-000577,L-Usine_B-202343,Airbus,2023-10-29,50,CERT-P-Usine_B-000577
2023-10-26 18:26:35,P-Usine_B-000578,P-Usine_B-000578,L-Usine_B-202343,Dassault,2023-10-28,50,CERT-P-Usine_B-000578
2023-10-26 18:25:44,P-Usine_B-000579,P-Usine_B-000579,L-Usine_B-202343,Safran,2023-10-31,50,CERT-P-Usine_B-000579
2023-10-26 18:25:44,P-Usine_B-000579,P-Usine_B-000579,L-Usine_B-202343,Safran,2023-10-31,50,CERT-P-Usine_B-000579
2023-10-26 18:30:07,P-Usine_B-000580,P-Usine_B-000580,L-Usine_B-202343,Airbus,2023-10-29,50,CERT-P-Usine_B-000580
2023-10-26 18:30:07,P-Usine_B-000580,P-Usine_B-000580,L-Usine_B-202343,Airbus,2023-10-29,50,CERT-P-Usine_B-000580
2023-10-26 18:31:04,P-Usine_B-000581,P-Usine_B-000581,L-Usine_B-202343,Airbus,2023-10-28,50,CERT-P-Usine_B-000581
2023-10-26 18:31:12,P-Usine_B-000582,P-Usine_B-000582,L-Usine_B-202343,Dassault,2023-10-27,50,CERT-P-Usine_B-000582
2023-10-26 18:32:54,P-Usine_B-000584,P-Usine_B-000584,L-Usine_B-202343,Dassault,2023-10-29,50,CERT-P-Usine_B-000584
2023-10-26 18:31:35,P-Usine_B-000585,P-Usine_B-000585,L-Usine_B-202343,Dassault,2023-10-27,50,CERT-P-Usine_B-000585
2023-10-26 18:34:52,P-Usine_B-000586,P-Usine_B-000586,L-Usine_B-202343,Airbus,2023-10-27,50,CERT-P-Usine_B-000586
2023-10-26 18:37:47,P-Usine_B-000587,P-Usine_B-000587,L-Usine_B-202343,Safran,2023-10-29,50,CERT-P-Usine_B-000587
2023-10-26 18:41:44,P-Usine_B-000588,P-Usine_B-000588,L-Usine_B-202343,Safran,2023-10-27,50,CERT-P-Usine_B-000588
2023-10-26 18:38:56,P-Usine_B-000589,P-Usine_B-000589,L-Usine_B-202343,Airbus,2023-10-29,50,CERT-P-Usine_B-000589
2023-10-26 18:43:30,P-Usine_B-000590,P-Usine_B-000590,L-Usine_B-202343,Safran,2023-10-30,50,CERT-P-Usine_B-000590
2023-10-26 18:38:54,P-Usine_B-000591,P-Usine_B-000591,L-Usine_B-202343,Airbus,2023-10-27,50,CERT-P-Usine_B-000591
2023-10-26 18:41:27,P-Usine_B-000592,P-Usine_B-000592,L-Usine_B-202343,Airbus,2023-10-31,50,CERT-P-Usine_B-000592
2023-10-26 18:41:08,P-Usine_B-000593,P-Usine_B-000593,L-Usine_B-202343,Dassault,2023-10-30,50,CERT-P-Usine_B-000593
2023-10-26 18:48:09,P-Usine_B-000594,P-Usine_B-000594,L-Usine_B-202343,Airbus,2023-10-31,50,CERT-P-Usine_B-000594
2023-10-26 18:45:22,P-Usine_B-000596,P-Usine_B-000596,L-Usine_B-202343,Dassault,2023-10-30,50,CERT-P-Usine_B-000596
2023-10-26 18:51:14,P-Usine_B-000597,P-Usine_B-000597,L-Usine_B-202343,Dassault,2023-10-27,50,CERT-P-Usine_B-000597
2023-10-26 18:51:27,P-Usine_B-000598,P-Usine_B-000598,L-Usine_B-202343,Safran,,50,CERT-P-Usine_B-000598
2023-10-26 18:53:02,P-Usine_B-000599,P-Usine_B-000599,L-Usine_B-202343,Dassault,2023-10-28,50,CERT-P-Usine_B-000599
2023-10-26 18:48:18,P-Usine_B-000600,P-Usine_B-000600,L-Usine_B-202343,Airbus,2023-10-27,50,CERT-P-Usine_B-000600
2023-10-26 18:47:00,P-Usine_B-000601,P-Usine_B-000601,L-Usine_B-202343,Dassault,2023-10-31,50,CERT-P-Usine_B-000601
2023-10-26 18:47:57,P-Usine_B-000602,P-Usine_B-000602,L-Usine_B-202343,Dassault,2023-10-28,50,CERT-P-Usine_B-000602
2023-10-26 18:50:37,P-Usine_B-000603,P-Usine_B-000603,L-Usine_B-202343,Dassault,2023-10-30,50,CERT-P-Usine_B-000603
2023-10-26 18:50:51,P-Usine_B-000604,P-Usine_B-000604,L-Usine_B-202343,Airbus,2023-10-29,50,CERT-P-Usine_B-000604
2023-10-26 18:59:28,P-Usine_B-000605,P-Usine_B-000605,L-Usine_B-202343,Airbus,2023-10-30,50,CERT-P-Usine_B-000605
2023-10-26 18:51:16,P-Usine_B-000606,P-Usine_B-000606,L-Usine_B-202343,Safran,2023-10-27,50,CERT-P-Usine_B-000606
2023-10-26 18:54:18,P-Usine_B-000607,P-Usine_B-000607,L-Usine_B-202343,Safran,2023-10-30,50,CERT-P-Usine_B-000607
2023-10-26 18:54:23,P-Usine_B-000608,P-Usine_B-000608,L-Usine_B-202343,Dassault,2023-10-28,50,CERT-P-Usine_B-000608
2023-10-26 18:56:16,P-Usine_B-000609,P-Usine_B-000609,L-Usine_B-202343,Safran,2023-10-29,50,CERT-P-Usine_B-000609
2023-10-26 18:56:55,P-Usine_B-000610,P-Usine_B-000610,L-Usine_B-202343,Airbus,2023-10-30,50,CERT-P-Usine_B-000610
2023-10-26 18:57:44,P-Usine_B-000611,P-Usine_B-000611,L-Usine_B-202343,Airbus,2023-10-30,50,CERT-P-Usine_B-000611
2023-10-26 18:57:44,P-Usine_B-000611,P-Usine_B-000611,L-Usine_B-202343,Airbus,2023-10-30,50,CERT-P-Usine_B-000611
2023-10-26 19:00:56,P-Usine_B-000612,P-Usine_B-000612,L-Usine_B-202343,Dassault,2023-10-28,50,CERT-P-Usine_B-000612
2023-10-26 19:03:38,P-Usine_B-000613,P-Usine_B-000613,L-Usine_B-202343,Airbus,2023-10-30,50,CERT-P-Usine_B-000613
2023-10-26 19:04:38,P-Usine_B-000615,P-Usine_B-000615,L-Usine_B-202343,Airbus,2023-10-28,50,CERT-P-Usine_B-000615
2023-10-26 19:06:19,P-Usine_B-000616,P-Usine_B-000616,L-Usine_B-202343,Dassault,2023-10-31,50,CERT-P-Usine_B-000616
2023-10-26 19:11:21,P-Usine_B-000617,P-Usine_B-000617,L-Usine_B-202343,Airbus,2023-10-28,50,CERT-P-Usine_B-000617
2023-10-26 19:11:15,P-Usine_B-000618,P-Usine_B-000618,L-Usine_B-202343,Safran,2023-10-29,50,CERT-P-Usine_B-000618
2023-10-26 19:03:53,P-Usine_B-000619,P-Usine_B-000619,L-Usine_B-202343,Safran,2023-10-27,50,CERT-P-Usine_B-000619
2023-10-26 19:13:47,P-Usine_B-000620,P-Usine_B-000620,L-Usine_B-202343,Safran,2023-10-27,50,CERT-P-Usine_B-000620
2023-10-26 19:15:03,P-Usine_B-000621,P-Usine_B-000621,L-Usine_B-202343,Airbus,2023-10-27,50,CERT-P-Usine_B-000621
2023-10-26 19:09:38,P-Usine_B-000623,P-Usine_B-000623,L-Usine_B-202343,Safran,2023-10-28,50,CERT-P-Usine_B-000623
2023-10-26 19:14:12,P-Usine_B-000624,P-Usine_B-000624,L-Usine_B-202343,Safran,2023-10-28,50,CERT-P-Usine_B-000624
2023-10-26 19:16:09,P-Usine_B-000625,P-Usine_B-000625,L-Usine_B-202343,Dassault,2023-10-27,50,CERT-P-Usine_B-000625
2023-10-26 19:15:05,P-Usine_B-000626,P-Usine_B-000626,L-Usine_B-202343,Dassault,2023-10-30,50,CERT-P-Usine_B-000626
2023-10-26 19:18:23,P-Usine_B-000627,P-Usine_B-000627,L-Usine_B-202343,Safran,2023-10-29,50,CERT-P-Usine_B-000627
2023-10-26 19:14:13,P-Usine_B-000629,P-Usine_B-000629,L-Usine_B-202343,Safran,2023-10-29,50,CERT-P-Usine_B-000629
2023-10-26 19:23:20,P-Usine_B-000630,P-Usine_B-000630,L-Usine_B-202343,Safran,2023-10-31,50,CERT-P-Usine_B-000630
2023-10-26 19:20:14,P-Usine_B-000631,P-Usine_B-000631,L-Usine_B-202343,Airbus,2023-10-30,50,CERT-P-Usine_B-000631
2023-10-26 19:22:52,P-Usine_B-000632,P-Usine_B-000632,L-Usine_B-202343,Airbus,2023-10-28,50,CERT-P-Usine_B-000632
2023-10-26 19:19:24,P-Usine_B-000633,P-Usine_B-000633,L-Usine_B-202343,Safran,2023-10-29,50,CERT-P-Usine_B-000633
2023-10-26 19:25:44,P-Usine_B-000634,P-Usine_B-000634,L-Usine_B-202343,Airbus,2023-10-27,50,CERT-P-Usine_B-000634
2023-10-26 19:26:49,P-Usine_B-000636,P-Usine_B-000636,L-Usine_B-202343,Airbus,2023-10-28,50,CERT-P-Usine_B-000636
2023-10-26 19:31:15,P-Usine_B-000637,P-Usine_B-000637,L-Usine_B-202343,Airbus,2023-10-27,50,CERT-P-Usine_B-000637
2023-10-26 19:24:47,P-Usine_B-000638,P-Usine_B-000638,L-Usine_B-202343,Airbus,2023-10-27,50,CERT-P-Usine_B-000638
2023-10-26 19:31:40,P-Usine_B-000639,P-Usine_B-000639,L-Usine_B-202343,Airbus,2023-10-29,50,CERT-P-Usine_B-000639
2023-10-26 19:33:50,P-Usine_B-000640,P-Usine_B-000640,L-Usine_B-202343,Airbus,2023-10-30,50,CERT-P-Usine_B-000640
2023-10-26 19:27:20,P-Usine_B-000641,P-Usine_B-000641,L-Usine_B-202343,Dassault,2023-10-28,50,CERT-P-Usine_B-000641
2023-10-26 19:33:00,P-Usine_B-000642,P-Usine_B-000642,L-Usine_B-202343,Dassault,2023-10-28,50,CERT-P-Usine_B-000642
2023-10-26 19:34:35,P-Usine_B-000643,P-Usine_B-000643,L-Usine_B-202343,Safran,2023-10-30,50,999.9
2023-10-26 19:36:56,P-Usine_B-000645,P-Usine_B-000645,L-Usine_B-202343,Safran,2023-10-30,50,CERT-P-Usine_B-000645
2023-10-26 19:38:08,P-Usine_B-000646,P-Usine_B-000646,L-Usine_B-202343,Airbus,2023-10-31,50,CERT-P-Usine_B-000646
2023-10-26 19:41:39,P-Usine_B-000647,P-Usine_B-000647,L-Usine_B-202343,Dassault,2023-10-30,50,CERT-P-Usine_B-000647
2023-10-26 19:37:02,P-Usine_B-000648,P-Usine_B-000648,L-Usine_B-202343,Dassault,2023-10-28,50,CERT-P-Usine_B-000648
2023-10-26 19:38:17,P-Usine_B-000649,P-Usine_B-000649,L-Usine_B-202343,Safran,2023-10-29,50,CERT-P-Usine_B-000649
2023-10-26 19:44:16,P-Usine_B-000650,P-Usine_B-000650,L-Usine_B-202343,Dassault,2023-10-29,50,CERT-P-Usine_B-000650
2023-10-26 19:44:00,P-Usine_B-000651,P-Usine_B-000651,L-Usine_B-202343,Safran,2023-10-31,50,CERT-P-Usine_B-000651
2023-10-26 19:44:00,P-Usine_B-000651,P-Usine_B-000651,L-Usine_B-202343,Safran,2023-10-31,50,CERT-P-Usine_B-000651
2023-10-26 19:46:47,P-Usine_B-000652,P-Usine_B-000652,L-Usine_B-202343,Safran,2023-10-27,50,CERT-P-Usine_B-000652
2023-10-26 19:41:40,P-Usine_B-000654,P-Usine_B-000654,L-Usine_B-202343,Dassault,2023-10-27,50,CERT-P-Usine_B-000654
2023-10-26 19:44:19,P-Usine_B-000656,P-Usine_B-000656,L-Usine_B-202343,Dassault,2023-10-29,50,CERT-P-Usine_B-000656
2023-10-26 19:42:48,P-Usine_B-000657,P-Usine_B-000657,L-Usine_B-202343,Dassault,2023-10-27,50,CERT-P-Usine_B-000657
2023-10-26 19:45:02,P-Usine_B-000658,P-Usine_B-000658,L-Usine_B-202343,Dassault,,50,CERT-P-Usine_B-000658
2023-10-26 19:50:11,P-Usine_B-000659,P-Usine_B-000659,L-Usine_B-202343,Airbus,2023-10-28,50,CERT-P-Usine_B-000659
2023-10-26 19:54:55,P-Usine_B-000661,P-Usine_B-000661,L-Usine_B-202343,Safran,2023-10-27,50,CERT-P-Usine_B-000661
2023-10-26 19:52:01,P-Usine_B-000662,P-Usine_B-000662,L-Usine_B-202343,Safran,2023-10-27,50,CERT-P-Usine_B-000662
2023-10-26 19:52:51,P-Usine_B-000663,P-Usine_B-000663,L-Usine_B-202343,Safran,2023-10-31,50,CERT-P-Usine_B-000663
2023-10-26 19:51:11,P-Usine_B-000664,P-Usine_B-000664,L-Usine_B-202343,Airbus,2023-10-27,50,CERT-P-Usine_B-000664
2023-10-26 19:53:27,P-Usine_B-000665,P-Usine_B-000665,L-Usine_B-202343,Airbus,2023-10-27,50,CERT-P-Usine_B-000665
2023-10-26 19:53:01,P-Usine_B-000666,P-Usine_B-000666,L-Usine_B-202343,Dassault,2023-10-27,50,CERT-P-Usine_B-000666
2023-10-26 19:57:39,P-Usine_B-000667,P-Usine_B-000667,L-Usine_B-202343,Dassault,2023-10-30,50,CERT-P-Usine_B-000667
2023-10-26 19:55:32,P-Usine_B-000668,P-Usine_B-000668,L-Usine_B-202343,Dassault,2023-10-28,50,CERT-P-Usine_B-000668
2023-10-26 19:59:38,P-Usine_B-000669,P-Usine_B-000669,L-Usine_B-202343,Airbus,2023-10-30,50,CERT-P-Usine_B-000669
2023-10-26 19:57:47,P-Usine_B-000670,P-Usine_B-000670,L-Usine_B-202343,Airbus,2023-10-30,50,CERT-P-Usine_B-000670
2023-10-26 20:02:51,P-Usine_B-000671,P-Usine_B-000671,L-Usine_B-202343,Safran,2023-10-30,50,CERT-P-Usine_B-000671
2023-10-26 19:59:49,P-Usine_B-000672,P-Usine_B-000672,L-Usine_B-202343,Dassault,2023-10-29,50,CERT-P-Usine_B-000672
2023-10-26 20:00:34,P-Usine_B-000673,P-Usine_B-000673,L-Usine_B-202343,Airbus,2023-10-31,50,CERT-P-Usine_B-000673
2023-10-26 20:03:07,P-Usine_B-000674,P-Usine_B-000674,L-Usine_B-202343,Airbus,2023-10-27,50,CERT-P-Usine_B-000674
2023-10-26 20:01:17,P-Usine_B-000675,P-Usine_B-000675,L-Usine_B-202343,Safran,2023-10-28,50,CERT-P-Usine_B-000675
2023-10-26 20:10:01,P-Usine_B-000676,P-Usine_B-000676,L-Usine_B-202343,Airbus,2023-10-30,50,999.9
2023-10-26 20:08:13,P-Usine_B-000677,P-Usine_B-000677,L-Usine_B-202343,Safran,,50,CERT-P-Usine_B-000677
2023-10-26 20:05:50,P-Usine_B-000678,P-Usine_B-000678,L-Usine_B-202343,Safran,2023-10-30,50,CERT-P-Usine_B-000678
2023-10-26 20:10:56,P-Usine_B-000679,P-Usine_B-000679,L-Usine_B-202343,Airbus,2023-10-29,50,CERT-P-Usine_B-000679
2023-10-26 20:04:58,P-Usine_B-000680,P-Usine_B-000680,L-Usine_B-202343,Safran,2023-10-31,50,CERT-P-Usine_B-000680
2023-10-26 20:11:57,P-Usine_B-000681,P-Usine_B-000681,L-Usine_B-202343,Safran,2023-10-30,50,CERT-P-Usine_B-000681
2023-10-26 20:11:52,P-Usine_B-000682,P-Usine_B-000682,L-Usine_B-202343,Dassault,2023-10-28,50,CERT-P-Usine_B-000682
2023-10-26 20:17:09,P-Usine_B-000683,P-Usine_B-000683,L-Usine_B-202343,Airbus,2023-10-29,50,CERT-P-Usine_B-000683
2023-10-26 20:15:58,P-Usine_B-000684,P-Usine_B-000684,L-Usine_B-202343,Dassault,2023-10-27,50,CERT-P-Usine_B-000684
2023-10-26 20:12:42,P-Usine_B-000686,P-Usine_B-000686,L-Usine_B-202343,Airbus,2023-10-31,50,CERT-P-Usine_B-000686
2023-10-26 20:13:24,P-Usine_B-000687,P-Usine_B-000687,L-Usine_B-202343,Airbus,2023-10-30,50,CERT-P-Usine_B-000687
2023-10-26 20:13:24,P-Usine_B-000687,P-Usine_B-000687,L-Usine_B-202343,Airbus,2023-10-30,50,CERT-P-Usine_B-000687
2023-10-26 20:21:55,P-Usine_B-000688,P-Usine_B-000688,L-Usine_B-202343,Dassault,2023-10-27,50,CERT-P-Usine_B-000688
2023-10-26 20:16:46,P-Usine_B-000689,P-Usine_B-000689,L-Usine_B-202343,Dassault,2023-10-27,50,CERT-P-Usine_B-000689
2023-10-26 20:22:36,P-Usine_B-000690,P-Usine_B-000690,L-Usine_B-202343,Dassault,2023-10-30,50,CERT-P-Usine_B-000690
2023-10-26 20:19:55,P-Usine_B-000691,P-Usine_B-000691,L-Usine_B-202343,Dassault,2023-10-28,50,CERT-P-Usine_B-000691
2023-10-26 20:24:09,P-Usine_B-000692,P-Usine_B-000692,L-Usine_B-202343,Airbus,2023-10-27,50,CERT-P-Usine_B-000692
2023-10-26 20:20:18,P-Usine_B-000693,P-Usine_B-000693,L-Usine_B-202343,Safran,2023-10-31,50,CERT-P-Usine_B-000693
2023-10-26 20:19:32,P-Usine_B-000694,P-Usine_B-000694,L-Usine_B-202343,Dassault,2023-10-27,50,CERT-P-Usine_B-000694
2023-10-26 20:24:49,P-Usine_B-000695,P-Usine_B-000695,L-Usine_B-202343,Airbus,2023-10-27,50,CERT-P-Usine_B-000695
2023-10-26 20:23:03,P-Usine_B-000696,P-Usine_B-000696,L-Usine_B-202343,Safran,2023-10-31,50,CERT-P-Usine_B-000696
2023-10-26 20:26:11,P-Usine_B-000697,P-Usine_B-000697,L-Usine_B-202343,Dassault,2023-10-29,50,CERT-P-Usine_B-000697
2023-10-26 20:30:01,P-Usine_B-000699,P-Usine_B-000699,L-Usine_B-202343,Safran,2023-10-29,50,CERT-P-Usine_B-000699
2023-10-26 20:34:38,P-Usine_B-000701,P-Usine_B-000701,L-Usine_B-202343,Safran,2023-10-27,50,CERT-P-Usine_B-000701
2023-10-26 20:31:13,P-Usine_B-000702,P-Usine_B-000702,L-Usine_B-202343,Airbus,2023-10-31,50,CERT-P-Usine_B-000702
2023-10-26 20:31:13,P-Usine_B-000702,P-Usine_B-000702,L-Usine_B-202343,Airbus,2023-10-31,50,CERT-P-Usine_B-000702
2023-10-26 20:28:40,P-Usine_B-000703,P-Usine_B-000703,L-Usine_B-202343,Safran,2023-10-28,50,CERT-P-Usine_B-000703
2023-10-26 20:31:34,P-Usine_B-000704,P-Usine_B-000704,L-Usine_B-202343,Safran,2023-10-31,50,CERT-P-Usine_B-000704
2023-10-26 20:39:11,P-Usine_B-000705,P-Usine_B-000705,L-Usine_B-202343,Safran,2023-10-29,50,CERT-P-Usine_B-000705
2023-10-26 20:31:58,P-Usine_B-000706,P-Usine_B-000706,L-Usine_B-202343,Safran,2023-10-30,50,CERT-P-Usine_B-000706
2023-10-26 20:40:17,P-Usine_B-000707,P-Usine_B-000707,L-Usine_B-202343,Dassault,2023-10-30,50,CERT-P-Usine_B-000707
2023-10-26 20:41:46,P-Usine_B-000708,P-Usine_B-000708,L-Usine_B-202343,Dassault,2023-10-31,50,CERT-P-Usine_B-000708
2023-10-26 20:45:07,P-Usine_B-000710,P-Usine_B-000710,L-Usine_B-202343,Dassault,2023-10-27,50,CERT-P-Usine_B-000710
2023-10-26 20:37:54,P-Usine_B-000712,P-Usine_B-000712,L-Usine_B-202343,Safran,2023-10-28,50,CERT-P-Usine_B-000712
2023-10-26 20:42:38,P-Usine_B-000713,P-Usine_B-000713,L-Usine_B-202343,Dassault,2023-10-29,50,CERT-P-Usine_B-000713
2023-10-26 20:44:08,P-Usine_B-000714,P-Usine_B-000714,L-Usine_B-202343,Airbus,2023-10-29,50,CERT-P-Usine_B-000714
2023-10-26 20:41:50,P-Usine_B-000715,P-Usine_B-000715,L-Usine_B-202343,Dassault,2023-10-27,50,CERT-P-Usine_B-000715
2023-10-26 20:47:22,P-Usine_B-000718,P-Usine_B-000718,L-Usine_B-202343,Safran,2023-10-30,50,CERT-P-Usine_B-000718
2023-10-26 20:47:12,P-Usine_B-000719,P-Usine_B-000719,L-Usine_B-202343,Airbus,2023-10-30,50,CERT-P-Usine_B-000719
2023-10-26 20:52:07,P-Usine_B-000720,P-Usine_B-000720,L-Usine_B-202343,Safran,2023-10-30,50,CERT-P-Usine_B-000720
2023-10-26 20:49:22,P-Usine_B-000721,P-Usine_B-000721,L-Usine_B-202343,Safran,2023-10-30,50,CERT-P-Usine_B-000721
2023-10-26 20:53:06,P-Usine_B-000722,P-Usine_B-000722,L-Usine_B-202343,Airbus,2023-10-27,50,CERT-P-Usine_B-000722
2023-10-26 20:55:16,P-Usine_B-000724,P-Usine_B-000724,L-Usine_B-202343,Dassault,2023-10-28,50,CERT-P-Usine_B-000724
2023-10-26 20:57:33,P-Usine_B-000725,P-Usine_B-000725,L-Usine_B-202343,Airbus,2023-10-27,50,CERT-P-Usine_B-000725
2023-10-26 20:58:02,P-Usine_B-000727,P-Usine_B-000727,L-Usine_B-202343,Dassault,2023-10-27,50,CERT-P-Usine_B-000727
2023-10-26 20:58:43,P-Usine_B-000728,P-Usine_B-000728,L-Usine_B-202343,Dassault,2023-10-28,50,CERT-P-Usine_B-000728
2023-10-26 20:57:41,P-Usine_B-000729,P-Usine_B-000729,L-Usine_B-202343,Dassault,2023-10-28,50,CERT-P-Usine_B-000729
2023-10-26 20:58:06,P-Usine_B-000730,P-Usine_B-000730,L-Usine_B-202343,Safran,2023-10-31,50,CERT-P-Usine_B-000730
2023-10-26 21:04:40,P-Usine_B-000731,P-Usine_B-000731,L-Usine_B-202343,Safran,2023-10-27,50,CERT-P-Usine_B-000731
2023-10-26 21:03:22,P-Usine_B-000732,P-Usine_B-000732,L-Usine_B-202343,Safran,2023-10-30,50,CERT-P-Usine_B-000732
2023-10-26 20:59:11,P-Usine_B-000734,P-Usine_B-000734,L-Usine_B-202343,999.9,2023-10-31,50,CERT-P-Usine_B-000734
2023-10-26 21:08:44,P-Usine_B-000735,P-Usine_B-000735,L-Usine_B-202343,Safran,2023-10-27,999.9,CERT-P-Usine_B-000735
2023-10-26 21:05:43,P-Usine_B-000736,P-Usine_B-000736,999.9,Safran,2023-10-27,50,CERT-P-Usine_B-000736
2023-10-26 21:06:35,P-Usine_B-000737,P-Usine_B-000737,L-Usine_B-202343,Dassault,2023-10-31,50,CERT-P-Usine_B-000737
2023-10-26 21:11:34,P-Usine_B-000738,P-Usine_B-000738,L-Usine_B-202343,Safran,2023-10-27,50,CERT-P-Usine_B-000738
2023-10-26 21:09:57,P-Usine_B-000739,P-Usine_B-000739,L-Usine_B-202343,Airbus,2023-10-27,50,CERT-P-Usine_B-000739
2023-10-26 21:08:25,P-Usine_B-000740,P-Usine_B-000740,L-Usine_B-202343,Airbus,2023-10-29,50,CERT-P-Usine_B-000740
2023-10-26 21:08:26,P-Usine_B-000741,P-Usine_B-000741,L-Usine_B-202343,Airbus,2023-10-27,50,CERT-P-Usine_B-000741
2023-10-26 21:16:18,P-Usine_B-000742,P-Usine_B-000742,999.9,Safran,2023-10-29,50,CERT-P-Usine_B-000742
2023-10-26 21:12:22,P-Usine_B-000744,P-Usine_B-000744,L-Usine_B-202343,Dassault,2023-10-28,50,CERT-P-Usine_B-000744
2023-10-26 21:17:23,P-Usine_B-000745,P-Usine_B-000745,L-Usine_B-202343,Dassault,2023-10-31,50,CERT-P-Usine_B-000745
2023-10-26 21:17:03,P-Usine_B-000746,P-Usine_B-000746,L-Usine_B-202343,Airbus,2023-10-29,50,CERT-P-Usine_B-000746
2023-10-26 21:21:29,P-Usine_B-000748,P-Usine_B-000748,L-Usine_B-202343,Airbus,2023-10-31,50,CERT-P-Usine_B-000748
2023-10-26 21:20:48,P-Usine_B-000749,P-Usine_B-000749,L-Usine_B-202343,Safran,2023-10-29,50,CERT-P-Usine_B-000749
2023-10-26 21:21:07,P-Usine_B-000750,P-Usine_B-000750,L-Usine_B-202343,Safran,2023-10-28,50,CERT-P-Usine_B-000750
2023-10-26 21:19:56,P-Usine_B-000751,P-Usine_B-000751,L-Usine_B-202343,Airbus,2023-10-28,50,CERT-P-Usine_B-000751
2023-10-26 21:19:56,P-Usine_B-000751,P-Usine_B-000751,L-Usine_B-202343,Airbus,2023-10-28,50,CERT-P-Usine_B-000751
2023-10-26 21:25:22,P-Usine_B-000752,P-Usine_B-000752,L-Usine_B-202343,Safran,2023-10-28,50,CERT-P-Usine_B-000752
2023-10-26 21:18:27,P-Usine_B-000753,P-Usine_B-000753,L-Usine_B-202343,Safran,2023-10-30,50,CERT-P-Usine_B-000753
2023-10-26 21:22:39,P-Usine_B-000754,P-Usine_B-000754,L-Usine_B-202343,Airbus,2023-10-30,50,CERT-P-Usine_B-000754
2023-10-26 21:21:56,P-Usine_B-000755,P-Usine_B-000755,L-Usine_B-202343,Airbus,2023-10-31,50,CERT-P-Usine_B-000755
2023-10-26 21:28:25,P-Usine_B-000756,P-Usine_B-000756,L-Usine_B-202343,Safran,2023-10-31,50,CERT-P-Usine_B-000756
2023-10-26 21:28:11,P-Usine_B-000760,P-Usine_B-000760,L-Usine_B-202343,Dassault,2023-10-31,50,999.9
2023-10-26 21:31:21,P-Usine_B-000761,P-Usine_B-000761,L-Usine_B-202343,Safran,2023-10-30,50,CERT-P-Usine_B-000761
2023-10-26 21:28:48,P-Usine_B-000762,P-Usine_B-000762,L-Usine_B-202343,Airbus,2023-10-28,50,CERT-P-Usine_B-000762
2023-10-26 21:31:58,P-Usine_B-000763,P-Usine_B-000763,L-Usine_B-202343,Dassault,2023-10-27,50,CERT-P-Usine_B-000763
2023-10-26 21:33:44,P-Usine_B-000764,P-Usine_B-000764,L-Usine_B-202343,Airbus,2023-10-28,50,CERT-P-Usine_B-000764
2023-10-26 21:30:16,P-Usine_B-000765,P-Usine_B-000765,L-Usine_B-202343,Safran,2023-10-29,50,CERT-P-Usine_B-000765
2023-10-26 21:39:04,P-Usine_B-000767,P-Usine_B-000767,L-Usine_B-202343,Airbus,2023-10-29,50,CERT-P-Usine_B-000767
2023-10-26 21:35:00,P-Usine_B-000768,P-Usine_B-000768,L-Usine_B-202343,Safran,2023-10-31,50,CERT-P-Usine_B-000768
2023-10-26 21:42:07,P-Usine_B-000770,P-Usine_B-000770,L-Usine_B-202343,Airbus,2023-10-31,50,CERT-P-Usine_B-000770
2023-10-26 21:37:08,P-Usine_B-000771,P-Usine_B-000771,L-Usine_B-202343,Dassault,2023-10-29,50,CERT-P-Usine_B-000771
2023-10-26 21:43:39,P-Usine_B-000772,P-Usine_B-000772,L-Usine_B-202343,Dassault,2023-10-28,50,CERT-P-Usine_B-000772
2023-10-26 21:45:19,P-Usine_B-000773,P-Usine_B-000773,L-Usine_B-202343,Airbus,2023-10-28,50,CERT-P-Usine_B-000773
2023-10-26 21:43:13,P-Usine_B-000774,P-Usine_B-000774,L-Usine_B-202343,Safran,2023-10-30,50,CERT-P-Usine_B-000774
2023-10-26 21:45:35,P-Usine_B-000775,P-Usine_B-000775,L-Usine_B-202343,Safran,2023-10-28,50,CERT-P-Usine_B-000775
2023-10-26 21:45:06,P-Usine_B-000776,P-Usine_B-000776,L-Usine_B-202343,Safran,2023-10-27,50,CERT-P-Usine_B-000776
2023-10-26 21:45:32,P-Usine_B-000777,P-Usine_B-000777,L-Usine_B-202343,Airbus,2023-10-28,50,CERT-P-Usine_B-000777
2023-10-26 21:50:03,P-Usine_B-000778,P-Usine_B-000778,L-Usine_B-202343,Safran,2023-10-27,50,CERT-P-Usine_B-000778
2023-10-26 21:46:25,P-Usine_B-000779,P-Usine_B-000779,L-Usine_B-202343,Dassault,2023-10-27,50,CERT-P-Usine_B-000779
2023-10-26 21:51:37,P-Usine_B-000780,P-Usine_B-000780,L-Usine_B-202343,Airbus,2023-10-29,50,CERT-P-Usine_B-000780
2023-10-26 21:46:01,P-Usine_B-000781,P-Usine_B-000781,L-Usine_B-202343,Airbus,2023-10-28,50,CERT-P-Usine_B-000781
2023-10-26 21:55:31,P-Usine_B-000782,P-Usine_B-000782,L-Usine_B-202343,Airbus,2023-10-29,50,CERT-P-Usine_B-000782
2023-10-26 21:56:53,P-Usine_B-000783,P-Usine_B-000783,L-Usine_B-202343,Dassault,2023-10-31,50,CERT-P-Usine_B-000783
2023-10-26 21:52:15,P-Usine_B-000784,P-Usine_B-000784,L-Usine_B-202343,Airbus,2023-10-31,50,CERT-P-Usine_B-000784
2023-10-26 21:52:36,P-Usine_B-000785,P-Usine_B-000785,L-Usine_B-202343,Dassault,2023-10-29,50,CERT-P-Usine_B-000785
2023-10-26 21:53:18,P-Usine_B-000786,P-Usine_B-000786,L-Usine_B-202343,Airbus,2023-10-31,50,CERT-P-Usine_B-000786
2023-10-26 21:53:31,P-Usine_B-000787,P-Usine_B-000787,L-Usine_B-202343,Dassault,2023-10-29,50,CERT-P-Usine_B-000787
2023-10-26 22:01:45,P-Usine_B-000788,P-Usine_B-000788,L-Usine_B-202343,Dassault,2023-10-28,50,CERT-P-Usine_B-000788
2023-10-26 21:55:01,P-Usine_B-000789,P-Usine_B-000789,L-Usine_B-202343,Airbus,2023-10-27,50,CERT-P-Usine_B-000789
2023-10-26 21:57:06,P-Usine_B-000790,P-Usine_B-000790,L-Usine_B-202343,Airbus,2023-10-31,50,CERT-P-Usine_B-000790
2023-10-26 21:59:34,P-Usine_B-000791,P-Usine_B-000791,L-Usine_B-202343,Airbus,2023-10-31,50,CERT-P-Usine_B-000791
2023-10-26 22:02:11,P-Usine_B-000792,P-Usine_B-000792,L-Usine_B-202343,Airbus,2023-10-28,50,CERT-P-Usine_B-000792
2023-10-26 22:05:43,P-Usine_B-000793,P-Usine_B-000793,L-Usine_B-202343,Safran,2023-10-27,50,CERT-P-Usine_B-000793
2023-10-26 22:01:55,P-Usine_B-000794,P-Usine_B-000794,L-Usine_B-202343,Safran,2023-10-31,50,CERT-P-Usine_B-000794
2023-10-26 22:08:42,P-Usine_B-000795,P-Usine_B-000795,L-Usine_B-202343,Airbus,2023-10-27,50,CERT-P-Usine_B-000795
2023-10-26 22:09:01,P-Usine_B-000796,P-Usine_B-000796,L-Usine_B-202343,Dassault,2023-10-31,50,CERT-P-Usine_B-000796
2023-10-26 22:08:09,P-Usine_B-000797,P-Usine_B-000797,L-Usine_B-202343,Dassault,2023-10-27,50,CERT-P-Usine_B-000797
2023-10-26 22:09:08,P-Usine_B-000798,P-Usine_B-000798,L-Usine_B-202343,Dassault,2023-10-30,50,CERT-P-Usine_B-000798
2023-10-26 22:10:09,P-Usine_B-000799,P-Usine_B-000799,L-Usine_B-202343,Safran,2023-10-27,50,CERT-P-Usine_B-000799
2023-10-26 22:14:00,P-Usine_B-000801,P-Usine_B-000801,L-Usine_B-202343,Safran,2023-10-27,50,CERT-P-Usine_B-000801
2023-10-26 22:15:00,P-Usine_B-000802,P-Usine_B-000802,L-Usine_B-202343,Safran,2023-10-30,50,CERT-P-Usine_B-000802
2023-10-26 22:11:32,P-Usine_B-000803,P-Usine_B-000803,L-Usine_B-202343,Dassault,2023-10-28,50,CERT-P-Usine_B-000803
2023-10-26 22:10:42,P-Usine_B-000804,P-Usine_B-000804,L-Usine_B-202343,Dassault,2023-10-29,50,CERT-P-Usine_B-000804
2023-10-26 22:11:24,P-Usine_B-000805,P-Usine_B-000805,L-Usine_B-202343,Safran,2023-10-30,50,CERT-P-Usine_B-000805
2023-10-26 22:21:35,P-Usine_B-000808,P-Usine_B-000808,L-Usine_B-202343,Safran,2023-10-31,50,CERT-P-Usine_B-000808
2023-10-26 22:20:18,P-Usine_B-000809,P-Usine_B-000809,L-Usine_B-202343,Safran,2023-10-31,50,CERT-P-Usine_B-000809
2023-10-26 22:22:47,P-Usine_B-000810,P-Usine_B-000810,L-Usine_B-202343,Dassault,2023-10-27,50,CERT-P-Usine_B-000810
2023-10-26 22:23:21,P-Usine_B-000811,P-Usine_B-000811,L-Usine_B-202343,Dassault,2023-10-27,50,CERT-P-Usine_B-000811
2023-10-26 22:23:06,P-Usine_B-000812,P-Usine_B-000812,L-Usine_B-202343,Airbus,2023-10-27,50,CERT-P-Usine_B-000812
2023-10-26 22:23:34,P-Usine_B-000814,P-Usine_B-000814,L-Usine_B-202343,Safran,2023-10-31,50,CERT-P-Usine_B-000814
2023-10-26 22:23:19,P-Usine_B-000815,999.9,L-Usine_B-202343,Safran,2023-10-29,50,CERT-P-Usine_B-000815
2023-10-26 22:29:17,P-Usine_B-000816,P-Usine_B-000816,L-Usine_B-202343,Safran,2023-10-27,50,CERT-P-Usine_B-000816
2023-10-26 22:22:57,P-Usine_B-000817,P-Usine_B-000817,L-Usine_B-202343,Safran,2023-10-30,50,CERT-P-Usine_B-000817
2023-10-26 22:26:51,P-Usine_B-000818,P-Usine_B-000818,L-Usine_B-202343,Dassault,2023-10-30,50,CERT-P-Usine_B-000818
2023-10-26 22:31:03,P-Usine_B-000819,P-Usine_B-000819,L-Usine_B-202343,Dassault,2023-10-30,50,CERT-P-Usine_B-000819
2023-10-26 22:32:06,P-Usine_B-000820,P-Usine_B-000820,L-Usine_B-202343,Airbus,2023-10-28,50,CERT-P-Usine_B-000820
2023-10-26 22:25:18,P-Usine_B-000821,P-Usine_B-000821,L-Usine_B-202343,Dassault,2023-10-28,50,CERT-P-Usine_B-000821
2023-10-26 22:30:28,P-Usine_B-000822,P-Usine_B-000822,L-Usine_B-202343,Dassault,2023-10-31,50,CERT-P-Usine_B-000822
2023-10-26 22:32:50,P-Usine_B-000824,P-Usine_B-000824,L-Usine_B-202343,Dassault,2023-10-30,50,CERT-P-Usine_B-000824
2023-10-26 22:36:49,P-Usine_B-000825,P-Usine_B-000825,L-Usine_B-202343,Dassault,2023-10-28,50,CERT-P-Usine_B-000825
2023-10-26 22:31:14,P-Usine_B-000826,P-Usine_B-000826,L-Usine_B-202343,Airbus,2023-10-30,50,CERT-P-Usine_B-000826
2023-10-26 22:33:31,P-Usine_B-000827,P-Usine_B-000827,L-Usine_B-202343,Safran,2023-10-28,50,CERT-P-Usine_B-000827
2023-10-26 22:34:38,P-Usine_B-000828,P-Usine_B-000828,L-Usine_B-202343,Safran,2023-10-29,50,CERT-P-Usine_B-000828
2023-10-26 22:33:58,P-Usine_B-000830,P-Usine_B-000830,L-Usine_B-202343,Airbus,2023-10-30,50,CERT-P-Usine_B-000830
2023-10-26 22:42:14,P-Usine_B-000832,P-Usine_B-000832,L-Usine_B-202343,Airbus,2023-10-27,50,CERT-P-Usine_B-000832
2023-10-26 22:41:48,P-Usine_B-000833,P-Usine_B-000833,L-Usine_B-202343,Safran,2023-10-30,50,CERT-P-Usine_B-000833
2023-10-26 22:46:31,P-Usine_B-000834,P-Usine_B-000834,L-Usine_B-202343,Dassault,2023-10-31,50,CERT-P-Usine_B-000834
2023-10-26 22:42:20,P-Usine_B-000835,P-Usine_B-000835,L-Usine_B-202343,Safran,2023-10-27,50,CERT-P-Usine_B-000835
2023-10-26 22:39:03,P-Usine_B-000836,P-Usine_B-000836,L-Usine_B-202343,Airbus,2023-10-28,50,CERT-P-Usine_B-000836
2023-10-26 22:49:21,P-Usine_B-000837,P-Usine_B-000837,L-Usine_B-202343,Airbus,2023-10-27,50,CERT-P-Usine_B-000837
2023-10-26 22:49:21,P-Usine_B-000837,P-Usine_B-000837,L-Usine_B-202343,Airbus,2023-10-27,50,CERT-P-Usine_B-000837
2023-10-26 22:50:09,P-Usine_B-000839,P-Usine_B-000839,L-Usine_B-202343,Safran,2023-10-29,50,CERT-P-Usine_B-000839
2023-10-26 22:44:13,P-Usine_B-000840,P-Usine_B-000840,L-Usine_B-202343,Dassault,2023-10-31,50,CERT-P-Usine_B-000840
2023-10-26 22:46:08,P-Usine_B-000841,P-Usine_B-000841,L-Usine_B-202343,Dassault,2023-10-29,50,CERT-P-Usine_B-000841
2023-10-26 22:50:56,P-Usine_B-000842,P-Usine_B-000842,999.9,Safran,2023-10-28,50,CERT-P-Usine_B-000842
2023-10-26 22:52:40,P-Usine_B-000844,P-Usine_B-000844,L-Usine_B-202343,Airbus,2023-10-29,50,CERT-P-Usine_B-000844
2023-10-26 22:57:12,P-Usine_B-000845,P-Usine_B-000845,L-Usine_B-202343,Safran,2023-10-28,50,CERT-P-Usine_B-000845
2023-10-26 22:54:11,P-Usine_B-000846,P-Usine_B-000846,L-Usine_B-202343,Dassault,2023-10-28,50,CERT-P-Usine_B-000846
2023-10-26 22:53:43,P-Usine_B-000847,P-Usine_B-000847,L-Usine_B-202343,Airbus,2023-10-27,50,CERT-P-Usine_B-000847
2023-10-26 22:56:54,P-Usine_B-000849,P-Usine_B-000849,L-Usine_B-202343,Airbus,2023-10-29,50,CERT-P-Usine_B-000849
2023-10-26 22:55:19,P-Usine_B-000850,P-Usine_B-000850,L-Usine_B-202343,Dassault,2023-10-27,50,CERT-P-Usine_B-000850
2023-10-26 22:55:10,P-Usine_B-000851,P-Usine_B-000851,L-Usine_B-202343,Safran,2023-10-31,50,CERT-P-Usine_B-000851
2023-10-26 23:02:25,P-Usine_B-000852,P-Usine_B-000852,L-Usine_B-202343,Safran,2023-10-27,50,CERT-P-Usine_B-000852
2023-10-26 23:00:18,P-Usine_B-000853,P-Usine_B-000853,L-Usine_B-202343,Dassault,2023-10-31,50,CERT-P-Usine_B-000853
2023-10-26 23:03:28,P-Usine_B-000854,P-Usine_B-000854,L-Usine_B-202343,Dassault,2023-10-31,50,CERT-P-Usine_B-000854
2023-10-26 22:59:39,P-Usine_B-000855,P-Usine_B-000855,L-Usine_B-202343,Airbus,2023-10-30,50,CERT-P-Usine_B-000855
2023-10-26 23:05:40,P-Usine_B-000857,P-Usine_B-000857,L-Usine_B-202343,Airbus,2023-10-29,50,CERT-P-Usine_B-000857
2023-10-26 23:08:28,P-Usine_B-000859,P-Usine_B-000859,L-Usine_B-202343,Dassault,2023-10-29,50,CERT-P-Usine_B-000859
2023-10-26 23:06:09,P-Usine_B-000861,P-Usine_B-000861,L-Usine_B-202343,Safran,2023-10-27,50,CERT-P-Usine_B-000861
2023-10-26 23:09:19,P-Usine_B-000862,P-Usine_B-000862,L-Usine_B-202343,Airbus,2023-10-30,50,CERT-P-Usine_B-000862
2023-10-26 23:09:40,P-Usine_B-000863,P-Usine_B-000863,L-Usine_B-202343,Dassault,2023-10-28,50,CERT-P-Usine_B-000863
2023-10-26 23:16:37,P-Usine_B-000864,P-Usine_B-000864,L-Usine_B-202343,Safran,2023-10-27,50,CERT-P-Usine_B-000864
2023-10-26 23:12:07,P-Usine_B-000865,P-Usine_B-000865,L-Usine_B-202343,Safran,2023-10-31,50,CERT-P-Usine_B-000865
2023-10-26 23:12:21,P-Usine_B-000866,P-Usine_B-000866,L-Usine_B-202343,Dassault,2023-10-31,50,CERT-P-Usine_B-000866
2023-10-26 23:15:51,P-Usine_B-000867,P-Usine_B-000867,L-Usine_B-202343,Safran,2023-10-29,50,CERT-P-Usine_B-000867
2023-10-26 23:15:28,P-Usine_B-000868,P-Usine_B-000868,L-Usine_B-202343,Airbus,2023-10-30,50,CERT-P-Usine_B-000868
2023-10-26 23:18:10,P-Usine_B-000869,P-Usine_B-000869,L-Usine_B-202343,Dassault,2023-10-27,50,CERT-P-Usine_B-000869
2023-10-26 23:17:05,P-Usine_B-000871,P-Usine_B-000871,L-Usine_B-202343,Dassault,2023-10-27,50,CERT-P-Usine_B-000871
2023-10-26 23:24:13,P-Usine_B-000872,P-Usine_B-000872,L-Usine_B-202343,Airbus,2023-10-30,50,CERT-P-Usine_B-000872
2023-10-26 23:22:15,P-Usine_B-000873,P-Usine_B-000873,L-Usine_B-202343,Dassault,2023-10-30,50,CERT-P-Usine_B-000873
2023-10-26 23:18:12,P-Usine_B-000874,P-Usine_B-000874,L-Usine_B-202343,Safran,2023-10-28,50,CERT-P-Usine_B-000874
2023-10-26 23:22:49,P-Usine_B-000875,P-Usine_B-000875,L-Usine_B-202343,Dassault,2023-10-29,50,CERT-P-Usine_B-000875
2023-10-26 23:20:26,P-Usine_B-000876,P-Usine_B-000876,L-Usine_B-202343,Safran,2023-10-29,50,CERT-P-Usine_B-000876
2023-10-26 23:25:21,P-Usine_B-000878,P-Usine_B-000878,L-Usine_B-202343,Dassault,2023-10-29,50,CERT-P-Usine_B-000878
2023-10-26 23:27:53,P-Usine_B-000879,P-Usine_B-000879,L-Usine_B-202343,Dassault,2023-10-28,50,CERT-P-Usine_B-000879
2023-10-26 23:27:53,P-Usine_B-000879,P-Usine_B-000879,L-Usine_B-202343,Dassault,2023-10-28,50,CERT-P-Usine_B-000879
2023-10-26 23:24:17,P-Usine_B-000880,P-Usine_B-000880,L-Usine_B-202343,Dassault,2023-10-27,50,CERT-P-Usine_B-000880
2023-10-26 23:32:56,P-Usine_B-000881,P-Usine_B-000881,L-Usine_B-202343,Airbus,2023-10-28,50,CERT-P-Usine_B-000881
2023-10-26 23:28:40,P-Usine_B-000882,P-Usine_B-000882,L-Usine_B-202343,Airbus,2023-10-28,50,CERT-P-Usine_B-000882
2023-10-26 23:28:17,P-Usine_B-000883,P-Usine_B-000883,L-Usine_B-202343,Dassault,2023-10-28,50,CERT-P-Usine_B-000883
2023-10-26 23:36:25,P-Usine_B-000884,P-Usine_B-000884,L-Usine_B-202343,Airbus,2023-10-29,50,CERT-P-Usine_B-000884
2023-10-26 23:35:02,P-Usine_B-000885,P-Usine_B-000885,L-Usine_B-202343,Airbus,2023-10-28,50,CERT-P-Usine_B-000885
2023-10-26 23:38:12,P-Usine_B-000886,P-Usine_B-000886,L-Usine_B-202343,Dassault,2023-10-27,50,CERT-P-Usine_B-000886
2023-10-26 23:34:32,P-Usine_B-000887,P-Usine_B-000887,L-Usine_B-202343,Airbus,2023-10-27,50,CERT-P-Usine_B-000887
2023-10-26 23:32:44,P-Usine_B-000889,P-Usine_B-000889,L-Usine_B-202343,Dassault,2023-10-30,50,CERT-P-Usine_B-000889
2023-10-26 23:33:25,P-Usine_B-000890,P-Usine_B-000890,L-Usine_B-202343,Airbus,2023-10-30,50,CERT-P-Usine_B-000890
2023-10-26 23:36:31,P-Usine_B-000891,P-Usine_B-000891,L-Usine_B-202343,Dassault,2023-10-30,50,CERT-P-Usine_B-000891
2023-10-26 23:41:37,,P-Usine_B-000892,L-Usine_B-202343,Airbus,2023-10-29,50,CERT-P-Usine_B-000892
2023-10-26 23:42:09,P-Usine_B-000893,P-Usine_B-000893,L-Usine_B-202343,Dassault,2023-10-27,50,CERT-P-Usine_B-000893
2023-10-26 23:42:43,P-Usine_B-000894,P-Usine_B-000894,L-Usine_B-202343,Dassault,2023-10-29,,CERT-P-Usine_B-000894
2023-10-26 23:41:47,P-Usine_B-000895,P-Usine_B-000895,L-Usine_B-202343,Airbus,2023-10-27,50,CERT-P-Usine_B-000895
,P-Usine_B-000896,P-Usine_B-000896,L-Usine_B-202343,Safran,2023-10-28,50,CERT-P-Usine_B-000896
2023-10-26 23:48:20,P-Usine_B-000897,P-Usine_B-000897,L-Usine_B-202343,Safran,2023-10-28,50,CERT-P-Usine_B-000897
2023-10-26 23:42:21,P-Usine_B-000899,P-Usine_B-000899,L-Usine_B-202343,Dassault,2023-10-29,50,CERT-P-Usine_B-000899
2023-10-26 23:49:36,P-Usine_B-000900,P-Usine_B-000900,L-Usine_B-202343,Dassault,2023-10-28,50,CERT-P-Usine_B-000900
2023-10-26 23:44:51,P-Usine_B-000901,P-Usine_B-000901,L-Usine_B-202343,Safran,2023-10-31,50,CERT-P-Usine_B-000901
2023-10-26 23:47:19,P-Usine_B-000902,P-Usine_B-000902,L-Usine_B-202343,Safran,2023-10-28,50,CERT-P-Usine_B-000902
2023-10-26 23:46:28,P-Usine_B-000903,P-Usine_B-000903,L-Usine_B-202343,Safran,2023-10-27,999.9,CERT-P-Usine_B-000903
2023-10-26 23:52:21,P-Usine_B-000905,P-Usine_B-000905,L-Usine_B-202343,Safran,2023-10-28,50,CERT-P-Usine_B-000905
2023-10-26 23:55:18,P-Usine_B-000906,P-Usine_B-000906,L-Usine_B-202343,Safran,2023-10-31,50,CERT-P-Usine_B-000906
2023-10-26 23:56:53,P-Usine_B-000907,P-Usine_B-000907,L-Usine_B-202343,Safran,2023-10-30,50,CERT-P-Usine_B-000907
2023-10-26 23:52:40,P-Usine_B-000909,P-Usine_B-000909,L-Usine_B-202343,Dassault,2023-10-27,50,CERT-P-Usine_B-000909
2023-10-26 23:59:40,P-Usine_B-000910,P-Usine_B-000910,L-Usine_B-202343,Dassault,2023-10-30,50,CERT-P-Usine_B-000910
2023-10-27 00:01:42,P-Usine_B-000911,P-Usine_B-000911,L-Usine_B-202343,Airbus,2023-10-30,50,CERT-P-Usine_B-000911
2023-10-27 00:01:39,P-Usine_B-000912,P-Usine_B-000912,L-Usine_B-202343,Dassault,2023-10-30,50,CERT-P-Usine_B-000912
2023-10-27 00:03:16,P-Usine_B-000913,P-Usine_B-000913,L-Usine_B-202343,Safran,2023-11-01,50,CERT-P-Usine_B-000913
2023-10-27 00:03:28,,P-Usine_B-000914,L-Usine_B-202343,Dassault,2023-10-30,50,CERT-P-Usine_B-000914
2023-10-27 00:05:14,P-Usine_B-000915,P-Usine_B-000915,L-Usine_B-202343,Airbus,2023-10-30,50,CERT-P-Usine_B-000915
2023-10-27 00:05:04,P-Usine_B-000916,P-Usine_B-000916,L-Usine_B-202343,Dassault,2023-10-28,50,CERT-P-Usine_B-000916
2023-10-27 00:06:43,P-Usine_B-000918,P-Usine_B-000918,L-Usine_B-202343,Dassault,2023-10-28,50,CERT-P-Usine_B-000918
2023-10-27 00:07:05,P-Usine_B-000919,P-Usine_B-000919,L-Usine_B-202343,Dassault,2023-10-29,50,CERT-P-Usine_B-000919
2023-10-27 00:02:52,P-Usine_B-000920,P-Usine_B-000920,L-Usine_B-202343,Safran,2023-10-29,50,CERT-P-Usine_B-000920
2023-10-27 00:11:14,P-Usine_B-000921,P-Usine_B-000921,L-Usine_B-202343,Airbus,2023-10-30,50,CERT-P-Usine_B-000921
2023-10-27 00:12:05,P-Usine_B-000922,P-Usine_B-000922,L-Usine_B-202343,Airbus,2023-11-01,50,CERT-P-Usine_B-000922
2023-10-27 00:10:16,P-Usine_B-000923,P-Usine_B-000923,L-Usine_B-202343,Safran,2023-10-31,50,CERT-P-Usine_B-000923
2023-10-27 00:10:16,P-Usine_B-000923,P-Usine_B-000923,L-Usine_B-202343,Safran,2023-10-31,50,CERT-P-Usine_B-000923
2023-10-27 00:08:51,P-Usine_B-000924,P-Usine_B-000924,L-Usine_B-202343,Dassault,2023-11-01,50,CERT-P-Usine_B-000924
2023-10-27 00:10:59,P-Usine_B-000926,P-Usine_B-000926,L-Usine_B-202343,Airbus,2023-10-31,,CERT-P-Usine_B-000926
