timestamp,part_id,laser_power_kw,cutting_speed_mms,head_temp_c,gas_consumption,status
2023-10-26 08:02:09,P-Usine_A-000001,4.35,103.7,53.3,10.61,STOP
2023-10-26 08:05:13,P-Usine_A-000002,3.66,94.6,42.4,13.6,RUN
2023-10-26 08:05:41,P-Usine_A-000003,4.02,96.1,45.4,13.3,RUN
2023-10-26 08:04:38,P-Usine_A-000004,4.39,117.2,59.8,12.64,RUN
2023-10-26 08:07:19,P-Usine_A-000005,3.99,98.6,54.4,13.7,RUN
2023-10-26 08:02:26,P-Usine_A-000006,4.14,87.5,45.4,12.73,RUN
2023-10-26 08:07:37,P-Usine_A-000007,4.31,110.2,42.5,,RUN
2023-10-26 08:10:20,P-Usine_A-000008,4.39,92.6,56.5,12.87,RUN
2023-10-26 08:06:29,P-Usine_A-000009,4.27,86.2,,10.99,RUN
2023-10-26 08:06:02,P-Usine_A-000010,3.96,82.7,56.9,11.68,
2023-10-26 08:15:21,P-Usine_A-000011,3.74,93.4,44.0,10.4,RUN
2023-10-26 08:08:56,P-Usine_A-000012,4.19,89.3,41.4,14.44,RUN
2023-10-26 08:09:37,P-Usine_A-000013,3.53,113.2,41.9,10.83,RUN
2023-10-26 08:10:41,P-Usine_A-000014,4.32,102.6,40.9,12.92,RUN
2023-10-26 08:18:05,P-Usine_A-000015,3.66,105.0,54.9,13.07,RUN
2023-10-26 08:13:59,P-Usine_A-000016,3.83,87.4,48.7,10.21,RUN
,P-Usine_A-000017,4.13,92.9,40.7,12.89,RUN
2023-10-26 08:14:22,P-Usine_A-000018,3.8,113.6,53.0,14.8,RUN
2023-10-26 08:18:48,P-Usine_A-000019,3.67,119.1,43.0,14.06,RUN
2023-10-26 08:22:36,P-Usine_A-000020,4.42,90.4,48.2,12.22,STOP
2023-10-26 08:17:24,P-Usine_A-000021,4.3,104.7,42.6,11.59,RUN
2023-10-26 08:22:22,P-Usine_A-000022,3.52,103.7,57.0,13.3,RUN
2023-10-26 08:25:27,P-Usine_A-000023,3.76,100.9,59.9,10.31,RUN
2023-10-26 08:25:03,P-Usine_A-000024,3.92,112.5,42.4,14.38,RUN
2023-10-26 08:25:27,P-Usine_A-000025,3.59,84.3,45.9,999.9,RUN
2023-10-26 08:26:27,P-Usine_A-000026,3.9,96.6,54.5,10.44,RUN
2023-10-26 08:26:27,P-Usine_A-000026,3.9,96.6,54.5,10.44,RUN
2023-10-26 08:28:16,P-Usine_A-000027,3.61,116.7,50.1,13.38,RUN
2023-10-26 08:31:16,P-Usine_A-000028,3.79,82.0,49.4,12.12,RUN
2023-10-26 08:29:56,P-Usine_A-000029,4.12,93.5,56.8,14.25,RUN
2023-10-26 08:31:32,P-Usine_A-000030,3.63,91.8,47.7,10.44,RUN
2023-10-26 08:34:22,P-Usine_A-000031,3.7,100.4,53.3,10.34,RUN
2023-10-26 08:31:36,P-Usine_A-000032,3.79,91.0,46.1,14.48,RUN
2023-10-26 08:38:21,P-Usine_A-000033,4.01,116.1,53.9,13.16,RUN
2023-10-26 08:37:09,P-Usine_A-000034,4.0,100.5,52.6,10.33,RUN
2023-10-26 08:32:18,P-Usine_A-000035,4.26,94.5,43.4,11.09,RUN
2023-10-26 08:32:31,P-Usine_A-000036,4.08,117.7,49.7,11.01,RUN
2023-10-26 08:38:24,P-Usine_A-000037,3.69,90.0,40.3,11.64,RUN
2023-10-26 08:37:11,P-Usine_A-000038,4.14,102.6,40.1,10.03,RUN
2023-10-26 08:40:19,P-Usine_A-000039,4.16,98.6,40.2,10.79,RUN
2023-10-26 08:45:29,P-Usine_A-000040,4.38,84.9,47.5,11.63,RUN
2023-10-26 08:38:23,P-Usine_A-000041,4.11,117.7,59.7,14.06,RUN
2023-10-26 08:44:46,P-Usine_A-000042,3.98,81.3,58.8,11.82,RUN
2023-10-26 08:43:56,P-Usine_A-000043,3.74,107.0,45.8,10.55,RUN
2023-10-26 08:39:31,P-Usine_A-000044,4.32,82.0,54.1,11.08,RUN
2023-10-26 08:42:14,P-Usine_A-000045,3.91,91.8,56.8,10.55,RUN
2023-10-26 08:42:14,P-Usine_A-000045,3.91,91.8,56.8,10.55,RUN
2023-10-26 08:46:46,P-Usine_A-000046,4.04,115.5,42.0,11.41,STOP
2023-10-26 08:47:09,P-Usine_A-000047,4.29,86.6,55.8,11.21,RUN
2023-10-26 08:51:00,P-Usine_A-000048,4.18,90.5,51.6,14.2,RUN
2023-10-26 08:46:46,P-Usine_A-000049,4.11,101.8,51.3,,RUN
2023-10-26 08:46:31,P-Usine_A-000050,3.81,119.6,50.4,13.37,RUN
2023-10-26 08:46:31,P-Usine_A-000050,3.81,119.6,50.4,13.37,RUN
2023-10-26 08:48:45,P-Usine_A-000051,4.13,81.8,42.8,12.56,RUN
2023-10-26 08:53:48,P-Usine_A-000052,3.74,114.1,53.2,13.51,RUN
2023-10-26 08:55:57,P-Usine_A-000053,3.97,94.3,54.2,13.97,RUN
2023-10-26 08:59:09,P-Usine_A-000054,4.22,100.2,53.5,12.6,RUN
2023-10-26 08:59:41,P-Usine_A-000055,3.68,116.2,58.7,10.11,RUN
2023-10-26 08:51:35,P-Usine_A-000056,4.39,104.6,55.6,13.05,RUN
2023-10-26 08:52:52,P-Usine_A-000057,4.03,100.2,41.7,13.21,RUN
2023-10-26 08:52:52,P-Usine_A-000057,4.03,100.2,41.7,13.21,RUN
2023-10-26 08:54:45,P-Usine_A-000058,3.5,83.0,55.0,10.51,RUN
2023-10-26 09:03:34,P-Usine_A-000059,3.61,112.2,53.4,10.36,RUN
2023-10-26 09:01:48,P-Usine_A-000060,3.94,88.9,45.8,12.53,RUN
2023-10-26 08:59:33,P-Usine_A-000061,4.37,87.7,48.3,13.55,RUN
2023-10-26 09:00:18,P-Usine_A-000062,3.89,100.0,50.6,12.66,RUN
2023-10-26 09:00:33,P-Usine_A-000063,4.33,101.5,57.0,12.23,RUN
2023-10-26 09:02:40,P-Usine_A-000064,3.68,98.0,41.6,10.09,RUN
2023-10-26 09:10:11,P-Usine_A-000065,4.09,89.0,45.9,10.27,RUN
2023-10-26 09:05:44,P-Usine_A-000066,3.64,110.3,50.1,10.36,RUN
2023-10-26 09:10:47,P-Usine_A-000067,4.18,109.3,50.8,10.7,RUN
2023-10-26 09:05:35,P-Usine_A-000068,4.27,98.1,54.1,10.79,RUN
2023-10-26 09:05:45,P-Usine_A-000069,3.95,112.7,50.7,11.6,RUN
2023-10-26 09:12:19,P-Usine_A-000070,3.69,82.5,47.6,12.1,RUN
,P-Usine_A-000071,3.92,94.7,59.5,11.62,RUN
2023-10-26 09:13:35,P-Usine_A-000072,4.1,112.4,58.6,13.59,STOP
2023-10-26 09:15:00,P-Usine_A-000073,4.33,99.0,45.9,12.06,RUN
2023-10-26 09:13:41,P-Usine_A-000074,4.09,95.6,54.8,10.19,RUN
2023-10-26 09:16:26,P-Usine_A-000075,3.94,114.9,44.2,12.8,RUN
2023-10-26 09:20:04,P-Usine_A-000076,3.79,97.6,41.4,10.62,RUN
2023-10-26 09:21:46,P-Usine_A-000077,4.17,87.8,46.7,13.22,RUN
2023-10-26 09:15:30,P-Usine_A-000078,4.44,105.2,53.6,10.27,RUN
2023-10-26 09:22:47,P-Usine_A-000079,3.52,117.6,51.1,13.5,RUN
2023-10-26 09:22:45,P-Usine_A-000080,4.4,85.5,57.9,14.9,RUN
2023-10-26 09:18:41,P-Usine_A-000081,3.73,85.2,45.7,11.0,RUN
2023-10-26 09:20:46,P-Usine_A-000082,4.44,96.6,44.4,10.57,RUN
2023-10-26 09:22:17,P-Usine_A-000083,3.57,91.5,41.7,11.81,RUN
2023-10-26 09:20:37,P-Usine_A-000084,3.67,119.0,53.5,13.95,RUN
2023-10-26 09:26:29,P-Usine_A-000085,4.28,97.2,43.6,10.42,RUN
2023-10-26 09:26:04,P-Usine_A-000086,3.97,105.9,49.9,14.0,RUN
2023-10-26 09:26:58,P-Usine_A-000087,4.15,83.3,50.6,10.48,RUN
2023-10-26 09:26:58,P-Usine_A-000087,4.15,83.3,50.6,10.48,RUN
2023-10-26 09:30:19,P-Usine_A-000088,4.46,91.4,46.5,12.13,STOP
2023-10-26 09:28:51,P-Usine_A-000089,4.49,87.8,43.5,11.26,RUN
2023-10-26 09:26:55,P-Usine_A-000090,4.06,105.2,59.4,999.9,RUN
2023-10-26 09:35:17,P-Usine_A-000091,4.09,91.4,46.4,12.52,RUN
2023-10-26 09:32:00,P-Usine_A-000092,4.01,80.6,43.5,10.37,RUN
2023-10-26 09:28:56,P-Usine_A-000093,3.64,85.7,41.6,14.01,RUN
2023-10-26 09:36:55,P-Usine_A-000094,3.62,81.8,56.4,11.84,RUN
2023-10-26 09:35:27,P-Usine_A-000095,4.29,107.0,49.1,11.72,RUN
2023-10-26 09:31:18,P-Usine_A-000096,4.42,101.7,52.1,13.84,RUN
2023-10-26 09:38:29,P-Usine_A-000097,3.63,95.3,,12.79,RUN
2023-10-26 09:41:56,P-Usine_A-000098,3.53,112.9,49.8,11.06,RUN
2023-10-26 09:40:59,P-Usine_A-000099,4.14,97.7,56.7,11.72,RUN
2023-10-26 09:45:01,P-Usine_A-000100,4.24,88.1,52.2,10.63,RUN
2023-10-26 09:38:46,P-Usine_A-000101,3.62,80.1,56.1,12.6,RUN
2023-10-26 09:43:36,P-Usine_A-000102,3.54,118.4,56.6,12.19,STOP
2023-10-26 09:47:33,P-Usine_A-000103,3.52,100.5,46.6,14.95,RUN
2023-10-26 09:46:38,P-Usine_A-000104,4.17,83.1,40.9,13.97,RUN
2023-10-26 09:40:18,P-Usine_A-000105,3.55,112.1,48.8,14.17,RUN
2023-10-26 09:45:22,P-Usine_A-000106,4.12,103.3,46.1,12.81,RUN
2023-10-26 09:46:58,P-Usine_A-000107,3.88,88.2,58.0,12.1,RUN
2023-10-26 09:51:53,P-Usine_A-000108,3.93,92.5,49.3,13.41,RUN
2023-10-26 09:46:14,P-Usine_A-000109,4.3,83.9,48.5,10.07,RUN
2023-10-26 09:51:15,P-Usine_A-000110,3.81,80.4,59.6,11.85,RUN
2023-10-26 09:52:33,P-Usine_A-000111,3.66,93.8,41.5,10.53,RUN
2023-10-26 09:53:05,P-Usine_A-000112,3.95,105.4,43.7,12.24,RUN
2023-10-26 09:53:05,P-Usine_A-000112,3.95,105.4,43.7,12.24,RUN
2023-10-26 09:51:45,P-Usine_A-000113,3.59,999.9,55.9,10.39,RUN
2023-10-26 09:53:19,P-Usine_A-000114,4.3,87.4,55.4,10.16,RUN
2023-10-26 09:51:12,P-Usine_A-000115,3.85,115.6,40.5,10.44,STOP
2023-10-26 09:51:40,P-Usine_A-000116,4.33,111.6,53.3,10.69,RUN
2023-10-26 09:54:38,P-Usine_A-000117,4.41,110.7,45.5,11.07,RUN
2023-10-26 10:00:20,P-Usine_A-000118,4.17,118.1,53.2,10.74,RUN
2023-10-26 09:58:40,P-Usine_A-000119,4.19,108.3,53.6,10.01,RUN
2023-10-26 10:01:04,P-Usine_A-000120,4.18,89.1,51.8,13.8,RUN
2023-10-26 09:59:12,P-Usine_A-000121,4.04,999.9,49.2,13.64,STOP
2023-10-26 09:57:58,P-Usine_A-000122,3.87,95.9,41.7,10.42,RUN
2023-10-26 10:02:58,P-Usine_A-000123,3.7,97.7,44.4,13.24,RUN
2023-10-26 10:03:06,P-Usine_A-000124,4.35,107.0,40.8,10.89,RUN
2023-10-26 10:09:41,P-Usine_A-000125,4.37,110.7,57.1,14.48,RUN
2023-10-26 10:07:38,P-Usine_A-000126,3.6,102.9,49.8,14.62,RUN
2023-10-26 10:11:39,P-Usine_A-000127,4.19,119.3,47.7,14.67,RUN
2023-10-26 10:10:16,P-Usine_A-000128,4.46,99.3,41.7,10.33,RUN
2023-10-26 10:07:50,P-Usine_A-000129,4.18,90.5,55.3,13.79,RUN
2023-10-26 10:10:21,P-Usine_A-000130,4.21,108.0,46.1,11.91,RUN
2023-10-26 10:14:09,P-Usine_A-000131,3.62,85.4,46.4,14.6,RUN
2023-10-26 10:14:09,P-Usine_A-000131,3.62,85.4,46.4,14.6,RUN
2023-10-26 10:07:51,P-Usine_A-000132,4.04,84.9,46.3,11.33,RUN
2023-10-26 10:17:31,P-Usine_A-000133,4.04,102.3,45.1,11.99,RUN
2023-10-26 10:15:55,P-Usine_A-000134,4.47,103.9,58.8,14.82,RUN
2023-10-26 10:16:23,P-Usine_A-000135,3.69,107.6,58.7,13.54,RUN
2023-10-26 10:14:31,P-Usine_A-000136,3.85,107.7,56.7,13.97,RUN
2023-10-26 10:21:46,P-Usine_A-000137,4.23,100.0,47.1,13.04,RUN
2023-10-26 10:18:44,P-Usine_A-000138,4.05,81.5,46.0,12.52,RUN
2023-10-26 10:17:50,P-Usine_A-000139,3.78,117.8,59.2,13.27,RUN
2023-10-26 10:19:09,P-Usine_A-000140,3.56,85.8,44.0,13.78,RUN
2023-10-26 10:24:49,P-Usine_A-000141,3.67,112.6,59.4,13.89,RUN
2023-10-26 10:23:22,P-Usine_A-000142,3.7,89.0,41.6,13.21,RUN
2023-10-26 10:24:37,P-Usine_A-000143,4.4,108.0,51.0,14.26,RUN
2023-10-26 10:23:11,P-Usine_A-000144,4.16,99.4,51.6,13.26,RUN
2023-10-26 10:20:40,P-Usine_A-000145,3.52,99.6,42.6,14.25,RUN
2023-10-26 10:22:13,P-Usine_A-000146,3.73,107.9,52.2,10.61,RUN
2023-10-26 10:22:48,P-Usine_A-000147,3.77,89.7,50.0,12.46,RUN
2023-10-26 10:23:35,P-Usine_A-000148,4.48,105.0,56.4,13.78,RUN
2023-10-26 10:34:30,P-Usine_A-000149,4.41,107.3,45.9,13.95,RUN
2023-10-26 10:28:58,P-Usine_A-000150,3.87,84.2,59.6,13.46,RUN
2023-10-26 10:28:58,P-Usine_A-000150,3.87,84.2,59.6,13.46,RUN
2023-10-26 10:36:02,P-Usine_A-000151,3.94,82.6,48.0,10.18,RUN
2023-10-26 10:37:01,P-Usine_A-000152,3.72,104.9,48.6,14.35,RUN
2023-10-26 10:37:57,P-Usine_A-000153,4.48,89.5,47.8,14.61,RUN
2023-10-26 10:33:50,P-Usine_A-000154,3.63,107.3,56.7,12.04,RUN
2023-10-26 10:31:43,P-Usine_A-000155,4.15,111.8,54.1,11.1,RUN
2023-10-26 10:33:43,P-Usine_A-000156,4.14,93.1,55.0,10.75,RUN
2023-10-26 10:42:17,P-Usine_A-000157,4.47,87.3,41.8,12.42,RUN
2023-10-26 10:43:34,P-Usine_A-000158,3.66,119.1,46.6,14.48,RUN
2023-10-26 10:41:28,P-Usine_A-000159,3.66,93.4,43.2,11.97,RUN
2023-10-26 10:44:24,P-Usine_A-000160,3.87,116.3,55.7,14.91,RUN
2023-10-26 10:45:54,P-Usine_A-000161,3.89,82.2,59.3,13.09,RUN
2023-10-26 10:39:40,P-Usine_A-000162,4.2,114.9,51.9,14.27,RUN
2023-10-26 10:39:30,P-Usine_A-000163,3.71,107.8,52.8,13.53,RUN
2023-10-26 10:45:39,P-Usine_A-000164,3.97,112.6,56.0,10.29,RUN
2023-10-26 10:46:53,P-Usine_A-000165,3.81,117.7,45.6,10.27,RUN
2023-10-26 10:43:45,P-Usine_A-000166,4.33,83.1,54.0,14.02,RUN
2023-10-26 10:49:08,P-Usine_A-000167,3.57,85.4,50.5,11.7,RUN
2023-10-26 10:53:08,P-Usine_A-000168,3.92,115.9,51.2,12.78,RUN
2023-10-26 10:46:52,P-Usine_A-000169,4.31,102.7,44.7,13.94,RUN
2023-10-26 10:50:18,P-Usine_A-000170,3.88,85.1,41.3,11.67,RUN
2023-10-26 10:55:24,P-Usine_A-000171,4.04,114.2,46.7,11.46,RUN
2023-10-26 10:57:35,P-Usine_A-000172,4.27,85.5,43.0,10.78,RUN
2023-10-26 10:51:40,P-Usine_A-000173,3.86,89.0,49.4,12.53,RUN
2023-10-26 10:50:33,P-Usine_A-000174,4.08,109.2,45.4,11.15,RUN
2023-10-26 10:59:11,P-Usine_A-000175,4.18,96.6,42.6,12.26,RUN
2023-10-26 10:54:54,P-Usine_A-000176,4.31,104.6,41.0,14.28,RUN
2023-10-26 11:01:33,P-Usine_A-000177,4.29,115.2,49.4,10.54,RUN
2023-10-26 11:00:22,P-Usine_A-000178,4.45,93.4,59.4,13.15,RUN
2023-10-26 11:00:11,P-Usine_A-000179,4.05,93.4,57.9,10.84,RUN
2023-10-26 11:00:43,P-Usine_A-000180,3.72,118.7,53.0,13.03,RUN
2023-10-26 11:05:38,P-Usine_A-000181,3.51,114.9,52.3,12.6,RUN
2023-10-26 10:59:00,P-Usine_A-000182,4.4,81.0,54.0,10.3,RUN
2023-10-26 10:59:20,P-Usine_A-000183,3.85,109.7,49.8,12.26,RUN
2023-10-26 11:02:37,P-Usine_A-000184,3.64,94.9,59.8,12.64,RUN
2023-10-26 11:01:42,P-Usine_A-000185,4.02,85.8,55.1,12.37,RUN
2023-10-26 11:06:40,P-Usine_A-000186,3.86,108.0,43.0,14.75,RUN
2023-10-26 11:12:34,P-Usine_A-000187,4.03,93.7,51.5,13.78,RUN
2023-10-26 11:13:03,P-Usine_A-000188,3.98,81.1,56.6,10.81,RUN
2023-10-26 11:11:40,P-Usine_A-000189,3.71,114.5,41.8,11.91,RUN
2023-10-26 11:12:26,P-Usine_A-000190,3.84,83.1,46.5,13.82,RUN
2023-10-26 11:10:43,P-Usine_A-000191,4.28,97.7,54.4,14.55,RUN
2023-10-26 11:13:28,P-Usine_A-000192,4.22,111.2,50.5,11.06,RUN
2023-10-26 11:08:47,P-Usine_A-000193,4.13,81.1,53.0,10.83,RUN
2023-10-26 11:12:10,P-Usine_A-000194,4.3,119.3,47.2,14.94,RUN
2023-10-26 11:11:27,P-Usine_A-000195,3.88,109.8,45.7,13.99,RUN
2023-10-26 11:14:43,P-Usine_A-000196,3.85,94.4,41.1,12.27,RUN
2023-10-26 11:16:03,P-Usine_A-000197,4.43,115.9,52.2,10.43,RUN
2023-10-26 11:17:39,P-Usine_A-000198,3.97,103.0,54.9,11.73,RUN
2023-10-26 11:22:26,P-Usine_A-000199,3.51,112.9,44.8,12.57,RUN
2023-10-26 11:19:04,P-Usine_A-000200,4.46,85.4,41.9,12.27,RUN
2023-10-26 11:18:08,P-Usine_A-000201,3.61,82.2,47.3,10.82,RUN
2023-10-26 11:25:25,P-Usine_A-000202,4.45,88.7,42.7,10.14,RUN
2023-10-26 11:25:42,P-Usine_A-000203,3.76,117.2,50.2,11.45,RUN
2023-10-26 11:29:35,P-Usine_A-000204,3.92,118.3,55.6,11.23,RUN
2023-10-26 11:22:41,P-Usine_A-000205,3.62,112.9,55.5,12.84,RUN
2023-10-26 11:28:06,P-Usine_A-000206,4.29,111.0,49.9,14.55,RUN
2023-10-26 11:25:46,P-Usine_A-000207,4.5,118.0,58.7,12.35,RUN
2023-10-26 11:31:53,P-Usine_A-000208,4.24,116.8,47.4,12.02,RUN
2023-10-26 11:25:16,P-Usine_A-000209,4.37,116.9,40.5,10.4,RUN
2023-10-26 11:34:27,P-Usine_A-000210,3.97,84.4,60.0,12.05,RUN
2023-10-26 11:28:13,P-Usine_A-000211,4.21,84.6,53.8,12.28,RUN
2023-10-26 11:31:21,P-Usine_A-000212,3.63,108.0,51.3,14.1,RUN
2023-10-26 11:30:26,P-Usine_A-000213,4.48,83.2,53.6,11.51,RUN
2023-10-26 11:34:33,P-Usine_A-000214,999.9,108.6,52.8,10.73,RUN
2023-10-26 11:36:57,P-Usine_A-000215,4.21,100.5,47.7,10.06,RUN
2023-10-26 11:33:22,P-Usine_A-000216,3.73,92.6,51.9,11.19,RUN
2023-10-26 11:36:39,P-Usine_A-000217,3.57,115.8,58.2,13.83,RUN
2023-10-26 11:36:09,P-Usine_A-000218,3.67,111.4,42.3,12.63,RUN
2023-10-26 11:42:47,P-Usine_A-000219,4.28,110.8,54.6,11.96,RUN
2023-10-26 11:39:12,P-Usine_A-000220,3.59,94.1,48.5,12.28,RUN
2023-10-26 11:39:29,P-Usine_A-000221,3.69,102.8,40.3,11.82,RUN
2023-10-26 11:37:07,P-Usine_A-000222,4.08,112.6,51.9,10.12,STOP
2023-10-26 11:38:29,P-Usine_A-000223,4.33,94.1,41.6,12.77,RUN
2023-10-26 11:40:50,P-Usine_A-000224,4.23,85.0,59.5,13.27,RUN
2023-10-26 11:48:59,P-Usine_A-000225,3.64,117.7,43.1,12.67,RUN
2023-10-26 11:48:03,P-Usine_A-000226,3.7,86.7,45.0,13.46,RUN
2023-10-26 11:48:51,P-Usine_A-000227,3.91,90.4,53.1,13.83,RUN
2023-10-26 11:50:51,P-Usine_A-000228,3.97,111.2,48.2,13.4,RUN
2023-10-26 11:52:12,P-Usine_A-000229,4.34,87.7,56.7,13.39,RUN
2023-10-26 11:52:41,P-Usine_A-000230,4.14,106.2,54.0,13.58,RUN
2023-10-26 11:52:42,P-Usine_A-000231,4.13,81.8,46.0,13.39,RUN
2023-10-26 11:50:13,P-Usine_A-000232,3.91,93.1,44.2,12.14,RUN
2023-10-26 11:54:00,P-Usine_A-000233,4.13,80.2,58.1,13.23,RUN
2023-10-26 11:49:05,P-Usine_A-000234,4.13,86.0,58.1,10.8,RUN
2023-10-26 11:57:00,P-Usine_A-000235,4.22,999.9,57.2,10.91,RUN
2023-10-26 11:59:44,P-Usine_A-000236,3.78,107.8,46.4,10.39,RUN
2023-10-26 11:55:17,P-Usine_A-000237,3.79,105.7,999.9,10.2,RUN
2023-10-26 12:01:29,P-Usine_A-000238,3.59,115.1,47.1,13.32,RUN
2023-10-26 12:01:54,P-Usine_A-000239,3.93,108.9,51.4,11.83,STOP
2023-10-26 11:56:38,P-Usine_A-000240,3.86,81.0,55.7,13.33,RUN
2023-10-26 12:03:32,P-Usine_A-000241,3.52,109.0,44.4,14.29,RUN
2023-10-26 12:06:22,P-Usine_A-000242,3.6,118.3,50.6,12.59,RUN
2023-10-26 11:59:09,P-Usine_A-000243,4.36,110.2,51.7,14.28,RUN
2023-10-26 12:05:42,P-Usine_A-000244,4.48,103.4,46.5,13.47,STOP
2023-10-26 12:09:18,P-Usine_A-000245,3.97,90.0,56.5,11.72,RUN
2023-10-26 12:02:00,P-Usine_A-000246,4.05,101.8,56.0,11.6,RUN
2023-10-26 12:11:39,P-Usine_A-000247,3.68,106.8,45.8,11.6,RUN
2023-10-26 12:12:27,P-Usine_A-000248,3.67,87.0,45.5,13.85,RUN
2023-10-26 12:11:04,P-Usine_A-000249,4.32,112.0,40.1,10.85,RUN
2023-10-26 12:11:00,P-Usine_A-000250,999.9,117.7,41.4,12.69,RUN
2023-10-26 12:11:51,P-Usine_A-000251,4.36,111.5,41.0,13.63,RUN
2023-10-26 12:14:44,P-Usine_A-000252,3.98,86.5,49.6,10.79,RUN
2023-10-26 12:08:21,P-Usine_A-000253,4.18,112.4,46.8,13.68,RUN
2023-10-26 12:11:10,P-Usine_A-000254,4.05,85.9,41.9,11.14,STOP
2023-10-26 12:16:01,P-Usine_A-000255,3.79,116.5,56.6,11.25,RUN
2023-10-26 12:20:04,P-Usine_A-000256,4.21,101.1,54.5,11.92,RUN
2023-10-26 12:18:44,P-Usine_A-000257,4.14,102.6,45.8,11.37,RUN
2023-10-26 12:19:17,P-Usine_A-000258,4.43,101.4,51.5,14.94,RUN
2023-10-26 12:23:30,P-Usine_A-000259,4.21,82.6,45.8,14.28,RUN
2023-10-26 12:22:29,P-Usine_A-000260,4.4,113.5,53.8,14.01,RUN
2023-10-26 12:16:55,P-Usine_A-000261,3.62,103.4,41.1,10.84,RUN
2023-10-26 12:20:51,P-Usine_A-000262,4.13,105.6,44.8,14.38,RUN
2023-10-26 12:24:21,P-Usine_A-000263,3.74,101.5,48.0,14.49,RUN
2023-10-26 12:25:30,P-Usine_A-000264,3.55,85.0,49.5,12.6,RUN
2023-10-26 12:27:07,P-Usine_A-000265,3.63,101.1,41.9,13.87,RUN
2023-10-26 12:24:45,P-Usine_A-000266,3.85,97.6,57.0,11.63,RUN
2023-10-26 12:25:19,P-Usine_A-000267,4.27,86.2,54.2,11.96,STOP
2023-10-26 12:24:17,P-Usine_A-000268,4.08,85.0,44.5,11.78,STOP
2023-10-26 12:32:22,P-Usine_A-000269,3.96,84.5,51.4,13.09,RUN
2023-10-26 12:26:11,P-Usine_A-000270,4.41,106.8,40.6,11.93,RUN
2023-10-26 12:33:58,P-Usine_A-000271,3.74,103.0,51.6,12.03,RUN
2023-10-26 12:31:43,P-Usine_A-000272,3.67,101.9,47.0,14.76,RUN
2023-10-26 12:30:10,P-Usine_A-000273,3.56,107.3,57.5,11.08,RUN
2023-10-26 12:36:33,P-Usine_A-000274,4.29,81.6,51.1,13.16,RUN
2023-10-26 12:32:12,P-Usine_A-000275,3.97,107.7,59.7,13.01,RUN
2023-10-26 12:33:41,P-Usine_A-000276,4.1,112.4,43.3,10.42,RUN
2023-10-26 12:32:13,P-Usine_A-000277,3.66,114.5,49.9,10.64,RUN
2023-10-26 12:39:49,P-Usine_A-000278,999.9,114.6,44.7,11.16,RUN
2023-10-26 12:37:43,P-Usine_A-000279,4.35,117.7,52.6,11.73,STOP
2023-10-26 12:44:21,P-Usine_A-000280,3.99,116.3,48.0,12.0,RUN
2023-10-26 12:41:12,P-Usine_A-000281,4.08,111.3,50.2,12.13,RUN
2023-10-26 12:44:27,P-Usine_A-000282,3.62,85.9,51.6,10.35,RUN
2023-10-26 12:47:32,P-Usine_A-000283,3.51,94.0,42.7,12.19,RUN
2023-10-26 12:39:36,P-Usine_A-000284,3.8,98.4,58.9,13.65,RUN
2023-10-26 12:47:34,P-Usine_A-000285,4.2,81.5,46.8,14.95,RUN
2023-10-26 12:43:56,P-Usine_A-000286,4.29,81.0,53.4,13.38,RUN
2023-10-26 12:49:33,P-Usine_A-000287,4.27,104.4,57.8,11.97,STOP
2023-10-26 12:52:10,P-Usine_A-000288,4.0,81.3,48.9,11.95,RUN
2023-10-26 12:49:23,P-Usine_A-000289,4.23,116.0,46.8,10.18,RUN
2023-10-26 12:45:01,P-Usine_A-000290,4.28,100.2,46.7,11.46,RUN
2023-10-26 12:49:56,P-Usine_A-000291,3.68,115.9,43.8,12.17,RUN
2023-10-26 12:50:01,P-Usine_A-000292,3.74,90.2,58.3,12.87,RUN
2023-10-26 12:53:05,P-Usine_A-000293,3.64,101.3,58.9,10.15,RUN
2023-10-26 12:57:18,P-Usine_A-000294,3.73,114.9,46.5,14.33,
2023-10-26 12:49:46,P-Usine_A-000295,4.06,83.0,47.1,10.34,STOP
2023-10-26 12:59:12,P-Usine_A-000296,4.31,81.2,59.1,13.14,RUN
2023-10-26 12:55:32,P-Usine_A-000297,4.25,89.7,40.3,12.49,RUN
2023-10-26 12:55:35,P-Usine_A-000298,4.3,90.1,51.3,10.12,RUN
2023-10-26 13:01:01,P-Usine_A-000299,4.47,115.1,56.4,12.75,RUN
2023-10-26 12:58:53,P-Usine_A-000300,4.14,110.5,45.0,12.87,RUN
2023-10-26 13:01:20,P-Usine_A-000301,999.9,99.0,47.5,13.13,RUN
2023-10-26 12:57:58,,4.47,119.4,44.9,11.81,RUN
2023-10-26 12:59:19,P-Usine_A-000303,4.47,99.0,52.9,12.32,RUN
2023-10-26 13:08:05,P-Usine_A-000304,3.95,113.9,49.2,13.21,RUN
2023-10-26 13:03:53,P-Usine_A-000305,4.09,85.3,57.2,11.85,RUN
2023-10-26 13:05:13,P-Usine_A-000306,4.49,107.0,51.9,10.02,RUN
2023-10-26 13:09:23,P-Usine_A-000307,3.78,80.3,53.6,10.83,RUN
2023-10-26 13:04:18,P-Usine_A-000308,3.51,113.7,55.4,14.5,RUN
2023-10-26 13:07:59,P-Usine_A-000309,4.27,109.9,45.0,13.41,RUN
2023-10-26 13:07:18,P-Usine_A-000310,4.06,82.7,49.3,10.67,RUN
2023-10-26 13:10:48,P-Usine_A-000311,4.49,81.1,40.3,10.36,RUN
2023-10-26 13:14:50,P-Usine_A-000312,3.68,84.0,40.6,12.06,RUN
2023-10-26 13:09:55,P-Usine_A-000313,4.01,109.7,50.5,12.06,RUN
2023-10-26 13:14:30,P-Usine_A-000314,3.64,110.5,59.6,11.94,RUN
2023-10-26 13:11:42,P-Usine_A-000315,4.34,109.1,43.3,14.41,RUN
2023-10-26 13:11:56,P-Usine_A-000316,4.0,83.1,55.7,14.86,RUN
2023-10-26 13:19:53,P-Usine_A-000317,3.57,107.3,58.5,12.43,RUN
2023-10-26 13:18:17,P-Usine_A-000318,4.21,114.9,45.8,10.5,RUN
2023-10-26 13:18:32,P-Usine_A-000319,4.11,97.1,54.8,13.53,RUN
2023-10-26 13:14:40,P-Usine_A-000320,3.96,115.4,999.9,10.52,RUN
2023-10-26 13:18:24,P-Usine_A-000321,3.83,91.5,47.3,999.9,RUN
2023-10-26 13:20:27,P-Usine_A-000322,3.77,113.9,47.5,13.18,RUN
2023-10-26 13:27:00,P-Usine_A-000323,4.2,92.4,48.2,12.62,RUN
2023-10-26 13:28:08,P-Usine_A-000324,3.61,86.6,48.7,14.02,RUN
2023-10-26 13:22:24,P-Usine_A-000325,3.65,103.4,54.6,12.01,RUN
2023-10-26 13:22:36,P-Usine_A-000326,3.5,82.5,42.9,12.1,RUN
2023-10-26 13:29:55,P-Usine_A-000327,3.92,103.4,54.6,10.57,RUN
2023-10-26 13:24:25,P-Usine_A-000328,3.53,101.4,54.5,12.6,RUN
2023-10-26 13:31:58,P-Usine_A-000329,3.72,94.8,56.4,12.17,RUN
2023-10-26 13:30:16,P-Usine_A-000330,4.38,109.0,55.2,10.46,RUN
2023-10-26 13:25:51,P-Usine_A-000331,3.77,80.5,57.6,13.52,RUN
2023-10-26 13:33:22,P-Usine_A-000332,3.64,81.6,40.4,13.33,RUN
2023-10-26 13:32:20,P-Usine_A-000333,4.07,118.1,57.8,14.65,RUN
2023-10-26 13:28:48,P-Usine_A-000334,4.09,94.2,45.0,14.62,RUN
2023-10-26 13:35:06,P-Usine_A-000335,3.69,86.6,57.4,12.05,STOP
2023-10-26 13:37:12,P-Usine_A-000336,3.94,103.6,53.5,12.25,RUN
2023-10-26 13:33:31,P-Usine_A-000337,3.92,88.8,49.7,14.59,RUN
2023-10-26 13:40:59,P-Usine_A-000338,3.95,112.2,49.9,999.9,RUN
2023-10-26 13:37:13,P-Usine_A-000339,3.61,83.2,51.8,13.94,RUN
2023-10-26 13:37:46,P-Usine_A-000340,4.34,104.5,45.8,13.92,RUN
2023-10-26 13:44:28,P-Usine_A-000341,3.97,85.2,42.7,14.68,RUN
2023-10-26 13:45:21,P-Usine_A-000342,4.29,81.0,42.5,11.69,RUN
2023-10-26 13:38:59,P-Usine_A-000343,4.45,103.5,40.6,11.08,RUN
2023-10-26 13:43:37,P-Usine_A-000344,4.28,80.2,50.7,11.02,RUN
2023-10-26 13:48:08,P-Usine_A-000345,4.21,87.0,57.7,10.69,STOP
2023-10-26 13:45:39,P-Usine_A-000346,3.96,112.8,48.9,13.49,RUN
2023-10-26 13:47:30,P-Usine_A-000347,4.34,120.0,48.0,10.08,RUN
2023-10-26 13:47:51,P-Usine_A-000348,3.6,117.6,46.3,13.79,RUN
2023-10-26 13:51:08,P-Usine_A-000349,3.87,91.1,44.3,12.16,RUN
2023-10-26 13:52:48,,3.56,105.1,52.7,14.42,RUN
2023-10-26 13:54:01,P-Usine_A-000351,4.39,111.0,45.8,11.48,RUN
2023-10-26 13:51:12,P-Usine_A-000352,4.26,96.6,46.3,11.9,RUN
2023-10-26 13:51:12,P-Usine_A-000352,4.26,96.6,46.3,11.9,RUN
,P-Usine_A-000353,3.78,95.5,47.7,10.33,RUN
2023-10-26 13:51:00,P-Usine_A-000354,3.55,87.2,52.9,14.5,RUN
2023-10-26 13:58:52,P-Usine_A-000355,3.76,104.1,52.6,11.43,STOP
2023-10-26 13:55:08,P-Usine_A-000356,3.52,104.7,53.9,14.39,STOP
2023-10-26 13:54:40,P-Usine_A-000357,3.95,104.8,44.0,13.66,RUN
2023-10-26 13:55:49,P-Usine_A-000358,4.27,107.7,41.9,14.29,RUN
2023-10-26 13:57:34,P-Usine_A-000359,3.87,89.1,40.8,12.04,RUN
2023-10-26 14:02:14,P-Usine_A-000360,3.59,87.5,42.4,13.14,RUN
2023-10-26 14:03:04,P-Usine_A-000361,4.01,87.4,47.6,11.01,RUN
2023-10-26 14:05:39,P-Usine_A-000362,4.39,111.8,49.9,14.37,RUN
2023-10-26 14:08:11,P-Usine_A-000363,3.63,91.2,57.2,10.24,RUN
2023-10-26 14:09:08,P-Usine_A-000364,3.89,114.0,50.3,10.26,RUN
2023-10-26 14:08:32,P-Usine_A-000365,4.31,100.6,46.2,10.01,RUN
2023-10-26 14:08:32,P-Usine_A-000365,4.31,100.6,46.2,10.01,RUN
2023-10-26 14:08:49,P-Usine_A-000366,3.7,108.1,47.7,10.32,RUN
2023-10-26 14:09:51,P-Usine_A-000367,3.83,118.8,51.6,11.97,RUN
2023-10-26 14:09:23,P-Usine_A-000368,4.11,108.8,41.8,12.17,RUN
2023-10-26 14:14:05,P-Usine_A-000369,3.88,98.7,46.6,14.8,RUN
2023-10-26 14:07:03,P-Usine_A-000370,4.41,116.3,48.5,11.14,RUN
2023-10-26 14:09:15,P-Usine_A-000371,3.74,107.0,50.4,14.12,RUN
2023-10-26 14:07:58,P-Usine_A-000372,4.1,89.8,46.1,14.65,RUN
2023-10-26 14:16:36,P-Usine_A-000373,3.83,112.9,51.8,14.89,RUN
2023-10-26 14:15:29,P-Usine_A-000374,3.54,95.5,57.6,12.51,RUN
2023-10-26 14:15:50,P-Usine_A-000375,3.85,97.0,49.5,10.04,RUN
2023-10-26 14:19:57,P-Usine_A-000376,4.31,100.3,999.9,13.03,RUN
2023-10-26 14:12:33,P-Usine_A-000377,4.26,100.8,44.3,12.92,RUN
2023-10-26 14:19:51,P-Usine_A-000378,4.29,101.2,50.1,11.98,RUN
2023-10-26 14:17:52,P-Usine_A-000379,4.12,93.8,52.7,10.23,RUN
2023-10-26 14:17:24,P-Usine_A-000380,3.72,86.2,54.4,14.46,RUN
2023-10-26 14:25:32,,4.35,97.5,56.8,14.63,RUN
2023-10-26 14:19:51,P-Usine_A-000382,3.77,84.0,58.9,,RUN
2023-10-26 14:26:21,P-Usine_A-000383,3.58,98.9,53.7,12.8,RUN
2023-10-26 14:28:37,P-Usine_A-000384,3.75,112.5,42.8,11.97,RUN
2023-10-26 14:29:17,P-Usine_A-000385,3.98,116.0,47.8,14.41,RUN
2023-10-26 14:22:26,P-Usine_A-000386,3.67,106.5,45.0,13.86,RUN
2023-10-26 14:23:58,P-Usine_A-000387,4.08,80.4,57.0,12.93,RUN
2023-10-26 14:31:16,P-Usine_A-000388,4.27,106.0,47.6,14.14,RUN
2023-10-26 14:32:44,P-Usine_A-000389,4.3,108.3,43.0,11.88,RUN
2023-10-26 14:25:24,P-Usine_A-000390,4.21,98.7,44.9,14.69,RUN
2023-10-26 14:34:58,P-Usine_A-000391,3.99,107.2,49.4,13.69,RUN
2023-10-26 14:28:08,P-Usine_A-000392,4.36,108.2,60.0,10.95,RUN
2023-10-26 14:33:02,P-Usine_A-000393,4.05,98.8,54.4,11.34,RUN
2023-10-26 14:32:28,P-Usine_A-000394,3.51,115.4,41.1,12.44,RUN
2023-10-26 14:32:45,P-Usine_A-000395,4.01,95.0,55.6,13.64,RUN
2023-10-26 14:36:30,P-Usine_A-000396,3.52,107.4,49.7,11.6,STOP
2023-10-26 14:36:00,P-Usine_A-000397,4.26,86.6,46.5,13.49,
2023-10-26 14:33:47,P-Usine_A-000398,3.67,116.0,50.1,10.03,RUN
2023-10-26 14:37:31,P-Usine_A-000399,4.27,110.8,55.8,10.42,STOP
2023-10-26 14:43:41,P-Usine_A-000400,3.85,111.3,56.4,10.83,RUN
2023-10-26 14:44:03,P-Usine_A-000401,4.17,89.9,44.2,11.73,RUN
2023-10-26 14:37:42,P-Usine_A-000402,4.45,107.4,999.9,10.29,RUN
2023-10-26 14:38:42,P-Usine_A-000403,4.4,103.1,47.7,12.83,RUN
2023-10-26 14:43:39,P-Usine_A-000404,3.82,98.6,48.9,11.14,RUN
2023-10-26 14:43:43,P-Usine_A-000405,4.36,81.4,43.6,14.16,RUN
2023-10-26 14:49:51,P-Usine_A-000406,3.77,101.5,42.7,10.84,RUN
2023-10-26 14:42:38,P-Usine_A-000407,4.0,105.7,42.1,13.16,RUN
2023-10-26 14:44:44,P-Usine_A-000408,3.8,90.7,59.3,10.72,STOP
2023-10-26 14:45:40,P-Usine_A-000409,3.98,89.0,43.2,14.89,STOP
2023-10-26 14:50:42,P-Usine_A-000410,4.32,119.0,42.6,999.9,RUN
2023-10-26 14:52:05,P-Usine_A-000411,3.92,101.0,45.2,12.2,RUN
2023-10-26 14:52:05,P-Usine_A-000411,3.92,101.0,45.2,12.2,RUN
2023-10-26 14:48:00,P-Usine_A-000412,4.09,117.3,49.6,14.12,RUN
2023-10-26 14:50:09,P-Usine_A-000413,999.9,98.3,42.0,11.52,RUN
2023-10-26 14:52:07,P-Usine_A-000414,4.46,99.3,47.5,12.07,RUN
2023-10-26 14:53:30,P-Usine_A-000415,3.74,108.4,,10.23,RUN
2023-10-26 14:52:19,,3.72,84.2,53.5,10.58,RUN
2023-10-26 14:53:56,P-Usine_A-000417,3.89,110.8,44.0,13.65,RUN
2023-10-26 14:54:11,P-Usine_A-000418,3.62,81.7,48.8,10.49,RUN
2023-10-26 14:55:23,P-Usine_A-000419,3.78,104.7,45.0,11.72,RUN
2023-10-26 14:57:47,P-Usine_A-000420,4.04,86.2,45.5,11.56,RUN
2023-10-26 15:04:08,P-Usine_A-000421,3.56,96.2,59.0,13.24,RUN
2023-10-26 14:57:38,P-Usine_A-000422,3.86,104.4,45.2,12.18,RUN
2023-10-26 15:03:33,P-Usine_A-000423,4.4,110.0,51.1,10.77,RUN
2023-10-26 15:01:00,P-Usine_A-000424,3.68,91.5,55.8,12.1,RUN
2023-10-26 15:02:20,P-Usine_A-000425,3.59,96.8,47.8,10.32,RUN
2023-10-26 15:02:20,P-Usine_A-000425,3.59,96.8,47.8,10.32,RUN
2023-10-26 15:04:11,P-Usine_A-000426,3.72,94.1,999.9,13.34,RUN
2023-10-26 15:03:08,P-Usine_A-000427,4.48,119.4,56.4,14.5,RUN
2023-10-26 15:13:18,P-Usine_A-000428,4.0,90.5,43.7,12.52,RUN
2023-10-26 15:10:56,P-Usine_A-000429,3.76,81.2,50.2,13.51,RUN
2023-10-26 15:10:56,P-Usine_A-000429,3.76,81.2,50.2,13.51,RUN
2023-10-26 15:14:21,P-Usine_A-000430,3.69,87.7,53.1,13.79,RUN
2023-10-26 15:14:21,P-Usine_A-000430,3.69,87.7,53.1,13.79,RUN
2023-10-26 15:11:50,P-Usine_A-000431,4.48,105.6,54.7,12.01,RUN
2023-10-26 15:08:03,P-Usine_A-000432,4.23,88.9,53.3,12.65,RUN
2023-10-26 15:12:49,P-Usine_A-000433,3.97,93.1,56.3,11.43,RUN
2023-10-26 15:15:48,P-Usine_A-000434,4.03,96.9,52.6,12.9,RUN
2023-10-26 15:14:40,P-Usine_A-000435,3.96,92.6,54.4,10.07,STOP
2023-10-26 15:17:28,P-Usine_A-000436,3.5,98.1,53.3,999.9,RUN
2023-10-26 15:16:45,P-Usine_A-000437,4.35,106.5,51.9,13.3,
2023-10-26 15:16:50,P-Usine_A-000438,4.07,88.8,55.6,10.01,RUN
2023-10-26 15:21:51,P-Usine_A-000439,3.55,91.5,44.7,13.51,RUN
2023-10-26 15:24:47,P-Usine_A-000440,4.18,114.7,46.4,10.54,RUN
2023-10-26 15:17:31,P-Usine_A-000441,3.9,101.6,44.8,11.27,STOP
2023-10-26 15:24:16,P-Usine_A-000442,4.29,108.2,55.8,11.97,RUN
2023-10-26 15:28:13,P-Usine_A-000443,3.55,105.8,52.6,14.35,RUN
2023-10-26 15:28:49,P-Usine_A-000444,3.62,86.5,48.4,10.57,RUN
2023-10-26 15:23:41,P-Usine_A-000445,3.63,112.9,52.3,11.38,RUN
2023-10-26 15:30:13,P-Usine_A-000446,4.05,117.9,46.4,11.63,RUN
2023-10-26 15:30:35,P-Usine_A-000447,3.53,102.1,57.0,11.18,RUN
2023-10-26 15:29:52,P-Usine_A-000448,4.14,80.1,54.9,11.41,RUN
2023-10-26 15:30:22,P-Usine_A-000449,4.5,80.0,40.2,14.28,RUN
2023-10-26 15:32:56,P-Usine_A-000450,3.93,117.1,45.7,13.39,RUN
2023-10-26 15:32:48,P-Usine_A-000451,4.26,84.9,52.7,11.04,RUN
2023-10-26 15:32:40,P-Usine_A-000452,4.25,91.7,42.1,11.72,RUN
2023-10-26 15:31:14,P-Usine_A-000453,4.5,93.9,59.3,12.59,RUN
2023-10-26 15:31:14,P-Usine_A-000453,4.5,93.9,59.3,12.59,RUN
2023-10-26 15:32:57,P-Usine_A-000454,4.28,83.9,40.2,11.82,RUN
2023-10-26 15:37:32,P-Usine_A-000455,4.15,88.4,53.5,14.67,RUN
2023-10-26 15:32:59,P-Usine_A-000456,3.65,94.9,47.4,10.7,RUN
2023-10-26 15:35:09,P-Usine_A-000457,3.64,116.8,52.8,10.51,RUN
2023-10-26 15:43:00,P-Usine_A-000458,4.49,83.2,50.3,10.4,RUN
2023-10-26 15:45:27,P-Usine_A-000459,4.11,114.3,55.3,14.47,STOP
2023-10-26 15:40:26,P-Usine_A-000460,3.52,108.2,42.4,11.39,RUN
2023-10-26 15:41:46,P-Usine_A-000461,4.19,116.4,40.6,11.61,RUN
2023-10-26 15:45:33,P-Usine_A-000462,3.54,84.1,42.2,11.91,RUN
2023-10-26 15:39:50,P-Usine_A-000463,4.01,84.0,43.7,10.54,RUN
2023-10-26 15:44:48,P-Usine_A-000464,4.14,96.7,55.2,11.14,RUN
2023-10-26 15:46:57,P-Usine_A-000465,4.05,97.2,60.0,12.33,STOP
2023-10-26 15:43:23,P-Usine_A-000466,3.95,86.9,49.8,13.15,RUN
2023-10-26 15:53:18,P-Usine_A-000467,4.45,83.0,55.5,11.9,STOP
2023-10-26 15:46:44,P-Usine_A-000468,4.2,112.3,58.1,13.44,RUN
2023-10-26 15:52:38,P-Usine_A-000469,3.8,104.4,42.0,14.49,STOP
2023-10-26 15:47:19,P-Usine_A-000470,999.9,104.5,50.7,10.23,RUN
2023-10-26 15:54:05,P-Usine_A-000471,4.22,119.1,55.7,10.34,RUN
2023-10-26 15:58:05,P-Usine_A-000472,4.33,87.0,56.3,12.29,RUN
2023-10-26 15:56:26,P-Usine_A-000473,3.82,110.0,58.2,12.96,RUN
2023-10-26 15:59:41,P-Usine_A-000474,4.09,81.5,45.0,10.46,RUN
2023-10-26 15:55:05,P-Usine_A-000475,4.27,85.7,,10.68,RUN
2023-10-26 15:53:07,P-Usine_A-000476,3.51,80.9,59.2,14.51,RUN
2023-10-26 16:02:15,P-Usine_A-000477,4.25,105.4,45.6,13.03,RUN
2023-10-26 15:56:55,P-Usine_A-000478,3.62,99.0,43.0,10.82,RUN
2023-10-26 15:56:22,P-Usine_A-000479,4.04,80.5,45.4,14.77,RUN
2023-10-26 16:01:02,P-Usine_A-000480,3.56,109.5,54.2,13.34,RUN
2023-10-26 16:01:02,P-Usine_A-000480,3.56,109.5,54.2,13.34,RUN
2023-10-26 16:05:09,P-Usine_A-000481,4.48,999.9,44.3,10.09,RUN
2023-10-26 16:06:47,P-Usine_A-000482,4.36,106.2,42.3,13.19,RUN
2023-10-26 16:09:49,P-Usine_A-000483,4.16,100.6,46.5,14.06,RUN
2023-10-26 16:10:26,P-Usine_A-000484,4.45,108.8,58.2,12.51,RUN
2023-10-26 16:04:41,P-Usine_A-000485,4.21,92.1,47.9,11.98,RUN
2023-10-26 16:03:26,P-Usine_A-000486,3.54,95.9,41.9,13.15,RUN
2023-10-26 16:13:09,P-Usine_A-000487,4.07,83.5,55.6,12.89,RUN
2023-10-26 16:10:30,P-Usine_A-000488,3.98,82.0,40.2,11.77,RUN
2023-10-26 16:08:46,P-Usine_A-000489,4.12,92.7,999.9,12.59,RUN
2023-10-26 16:09:32,P-Usine_A-000490,4.23,104.1,44.3,14.8,RUN
2023-10-26 16:11:37,P-Usine_A-000491,4.19,114.6,42.9,11.71,RUN
2023-10-26 16:14:26,P-Usine_A-000492,4.29,100.5,56.5,12.2,RUN
2023-10-26 16:16:11,P-Usine_A-000493,3.71,109.4,55.3,11.64,RUN
2023-10-26 16:14:45,P-Usine_A-000494,3.6,104.3,54.6,14.5,RUN
2023-10-26 16:21:12,P-Usine_A-000495,4.37,120.0,55.6,14.67,RUN
2023-10-26 16:22:11,P-Usine_A-000496,4.26,107.9,999.9,10.45,RUN
2023-10-26 16:23:58,P-Usine_A-000497,3.73,104.2,48.8,14.74,STOP
2023-10-26 16:22:39,P-Usine_A-000498,4.33,102.8,56.9,11.41,RUN
2023-10-26 16:25:39,P-Usine_A-000499,4.41,100.7,51.2,11.0,RUN
2023-10-26 16:24:43,P-Usine_A-000500,4.4,87.6,59.2,12.2,RUN
2023-10-26 16:23:56,P-Usine_A-000501,4.48,91.9,43.7,11.71,RUN
2023-10-26 16:22:12,P-Usine_A-000502,3.76,119.5,44.3,12.18,RUN
2023-10-26 16:20:02,P-Usine_A-000503,4.37,112.5,42.2,12.68,RUN
2023-10-26 16:27:03,P-Usine_A-000504,4.36,100.9,59.1,13.0,RUN
2023-10-26 16:25:54,P-Usine_A-000505,4.15,97.7,47.9,12.82,STOP
2023-10-26 16:28:15,P-Usine_A-000506,3.78,80.6,59.8,14.4,STOP
2023-10-26 16:28:15,P-Usine_A-000506,3.78,80.6,59.8,14.4,STOP
2023-10-26 16:33:35,P-Usine_A-000507,4.08,117.3,49.9,13.0,RUN
2023-10-26 16:27:44,P-Usine_A-000508,4.31,96.8,56.3,12.18,RUN
2023-10-26 16:30:50,P-Usine_A-000509,3.67,86.3,41.0,10.23,RUN
2023-10-26 16:30:50,P-Usine_A-000509,3.67,86.3,41.0,10.23,RUN
2023-10-26 16:31:18,P-Usine_A-000510,3.64,95.4,58.0,14.94,RUN
2023-10-26 16:37:08,P-Usine_A-000511,3.58,95.9,53.2,13.78,RUN
2023-10-26 16:37:36,P-Usine_A-000512,3.74,93.2,53.6,11.53,RUN
2023-10-26 16:34:16,P-Usine_A-000513,4.13,86.2,48.6,12.39,RUN
2023-10-26 16:37:55,P-Usine_A-000514,3.92,84.3,58.6,14.71,RUN
2023-10-26 16:37:18,P-Usine_A-000515,4.07,113.5,57.1,11.15,RUN
2023-10-26 16:33:23,P-Usine_A-000516,3.76,114.4,52.2,12.57,RUN
2023-10-26 16:36:06,P-Usine_A-000517,4.11,113.9,54.9,14.38,RUN
2023-10-26 16:38:11,P-Usine_A-000518,3.78,99.6,56.7,11.1,RUN
2023-10-26 16:36:38,P-Usine_A-000519,3.93,100.4,44.9,13.45,RUN
2023-10-26 16:37:31,P-Usine_A-000520,3.98,109.7,50.1,10.64,RUN
2023-10-26 16:38:54,P-Usine_A-000521,3.84,95.5,42.6,14.67,RUN
2023-10-26 16:38:54,P-Usine_A-000521,3.84,95.5,42.6,14.67,RUN
2023-10-26 16:45:13,P-Usine_A-000522,3.56,87.4,57.2,14.67,RUN
2023-10-26 16:39:52,P-Usine_A-000523,4.35,114.2,50.2,11.26,RUN
2023-10-26 16:46:46,P-Usine_A-000524,3.58,102.8,46.3,999.9,RUN
2023-10-26 16:45:33,P-Usine_A-000525,4.17,116.6,48.0,12.81,RUN
2023-10-26 16:44:20,P-Usine_A-000526,4.24,109.8,58.9,11.79,RUN
2023-10-26 16:44:44,P-Usine_A-000527,4.42,117.0,44.1,10.91,RUN
2023-10-26 16:46:55,P-Usine_A-000528,3.83,90.9,40.2,12.34,RUN
2023-10-26 16:53:20,P-Usine_A-000529,4.26,114.1,58.1,12.56,RUN
2023-10-26 16:53:20,P-Usine_A-000529,4.26,114.1,58.1,12.56,RUN
2023-10-26 16:52:16,P-Usine_A-000530,4.06,89.7,53.0,11.09,RUN
2023-10-26 16:53:25,P-Usine_A-000531,3.98,89.3,55.5,10.86,RUN
2023-10-26 16:58:43,P-Usine_A-000532,3.72,104.9,45.8,14.4,RUN
2023-10-26 16:57:13,P-Usine_A-000533,4.36,115.8,46.7,14.02,RUN
2023-10-26 16:52:10,P-Usine_A-000534,3.87,104.2,46.7,12.68,RUN
2023-10-26 16:57:09,P-Usine_A-000535,4.26,100.2,59.6,14.1,RUN
2023-10-26 16:54:51,P-Usine_A-000536,4.38,109.5,49.5,11.01,RUN
2023-10-26 16:59:46,P-Usine_A-000537,4.25,106.3,56.4,12.34,RUN
2023-10-26 16:58:05,P-Usine_A-000538,3.55,90.1,59.7,10.4,RUN
2023-10-26 16:56:02,P-Usine_A-000539,3.73,93.2,40.8,14.41,RUN
2023-10-26 16:59:23,P-Usine_A-000540,3.77,93.5,46.0,12.69,RUN
2023-10-26 17:04:23,P-Usine_A-000541,4.03,84.8,47.9,12.52,RUN
2023-10-26 17:00:26,P-Usine_A-000542,3.56,94.2,46.3,,RUN
2023-10-26 17:00:45,P-Usine_A-000543,,111.8,45.2,14.53,RUN
2023-10-26 17:06:51,P-Usine_A-000544,3.85,102.5,59.7,10.33,RUN
2023-10-26 17:03:45,P-Usine_A-000545,4.01,83.2,52.9,10.89,RUN
2023-10-26 17:12:43,P-Usine_A-000546,3.52,106.8,55.3,11.67,RUN
2023-10-26 17:13:29,P-Usine_A-000547,4.42,93.5,58.0,12.34,RUN
2023-10-26 17:05:06,P-Usine_A-000548,4.42,104.3,46.5,14.69,RUN
2023-10-26 17:11:55,P-Usine_A-000549,4.39,104.9,59.9,14.02,RUN
2023-10-26 17:12:28,P-Usine_A-000550,4.32,108.0,43.7,10.73,RUN
2023-10-26 17:13:04,P-Usine_A-000551,4.25,83.9,41.3,12.25,RUN
2023-10-26 17:12:31,P-Usine_A-000552,3.87,105.6,53.4,13.96,RUN
2023-10-26 17:12:59,P-Usine_A-000553,3.66,80.8,43.1,12.14,RUN
2023-10-26 17:11:55,P-Usine_A-000554,3.8,86.5,46.1,11.58,RUN
2023-10-26 17:20:42,P-Usine_A-000555,3.51,91.4,57.1,13.05,RUN
2023-10-26 17:19:47,P-Usine_A-000556,4.28,96.1,51.9,11.47,RUN
2023-10-26 17:16:56,P-Usine_A-000557,4.48,99.1,57.5,10.35,RUN
2023-10-26 17:16:42,P-Usine_A-000558,3.61,90.6,59.9,14.7,RUN
2023-10-26 17:22:07,P-Usine_A-000559,3.54,107.2,40.6,10.01,RUN
2023-10-26 17:24:47,P-Usine_A-000560,4.23,80.6,40.2,10.01,RUN
2023-10-26 17:18:50,P-Usine_A-000561,4.47,110.4,55.4,12.87,RUN
,P-Usine_A-000562,3.53,118.3,48.1,14.01,RUN
2023-10-26 17:20:00,P-Usine_A-000563,4.33,110.4,52.8,12.25,RUN
2023-10-26 17:21:21,P-Usine_A-000564,3.57,95.6,46.6,11.81,RUN
2023-10-26 17:25:39,P-Usine_A-000565,4.35,87.7,42.3,13.22,RUN
2023-10-26 17:26:44,P-Usine_A-000566,4.34,103.1,49.7,10.48,STOP
2023-10-26 17:26:44,P-Usine_A-000566,4.34,103.1,49.7,10.48,STOP
2023-10-26 17:30:08,P-Usine_A-000567,4.42,101.7,46.2,12.79,RUN
2023-10-26 17:28:22,P-Usine_A-000568,4.35,87.2,42.4,13.76,RUN
2023-10-26 17:29:23,P-Usine_A-000569,4.11,103.0,47.0,14.08,RUN
2023-10-26 17:29:51,P-Usine_A-000570,3.73,99.3,55.8,14.45,RUN
2023-10-26 17:29:13,P-Usine_A-000571,4.13,83.7,40.8,13.2,RUN
2023-10-26 17:29:13,P-Usine_A-000571,4.13,83.7,40.8,13.2,RUN
2023-10-26 17:35:55,P-Usine_A-000572,4.16,112.8,42.5,11.6,RUN
2023-10-26 17:35:43,P-Usine_A-000573,3.51,89.5,54.3,14.55,RUN
2023-10-26 17:40:30,P-Usine_A-000574,4.44,103.4,48.1,12.96,RUN
2023-10-26 17:39:14,P-Usine_A-000575,3.96,80.8,59.5,10.34,RUN
2023-10-26 17:36:52,P-Usine_A-000576,4.29,99.0,58.6,10.01,RUN
2023-10-26 17:36:56,P-Usine_A-000577,4.29,109.1,44.7,10.03,RUN
2023-10-26 17:38:10,P-Usine_A-000578,3.81,105.2,40.8,13.41,RUN
2023-10-26 17:45:30,P-Usine_A-000579,3.79,92.2,57.3,13.82,RUN
2023-10-26 17:45:57,P-Usine_A-000580,3.51,108.0,54.7,999.9,RUN
2023-10-26 17:39:44,P-Usine_A-000581,4.49,107.8,45.3,12.57,RUN
2023-10-26 17:39:12,P-Usine_A-000582,4.32,80.0,46.6,11.54,RUN
2023-10-26 17:44:52,P-Usine_A-000583,3.88,90.6,59.1,10.63,RUN
2023-10-26 17:47:58,P-Usine_A-000584,3.75,104.7,51.6,13.52,RUN
2023-10-26 17:49:26,P-Usine_A-000585,3.6,116.8,59.8,11.73,RUN
2023-10-26 17:50:53,P-Usine_A-000586,4.02,80.3,56.8,10.16,RUN
2023-10-26 17:52:23,P-Usine_A-000587,4.42,90.3,57.0,13.2,RUN
2023-10-26 17:53:50,P-Usine_A-000588,3.66,83.9,48.3,12.84,STOP
2023-10-26 17:47:37,P-Usine_A-000589,3.79,88.2,53.5,11.85,RUN
2023-10-26 17:51:04,P-Usine_A-000590,3.99,106.9,42.0,10.28,RUN
2023-10-26 17:51:00,P-Usine_A-000591,3.92,92.6,40.9,11.85,RUN
2023-10-26 17:55:59,P-Usine_A-000592,3.85,117.6,42.1,11.16,RUN
2023-10-26 17:58:00,P-Usine_A-000593,4.4,98.8,49.8,10.97,RUN
2023-10-26 17:56:53,P-Usine_A-000594,4.38,116.6,56.0,14.27,RUN
2023-10-26 17:57:38,P-Usine_A-000595,4.14,83.2,54.5,13.54,RUN
2023-10-26 17:55:00,P-Usine_A-000596,4.11,81.1,43.7,13.01,RUN
2023-10-26 17:55:08,P-Usine_A-000597,4.05,102.0,48.6,10.78,RUN
2023-10-26 17:56:01,P-Usine_A-000598,4.49,100.3,55.0,10.81,RUN
2023-10-26 18:03:12,P-Usine_A-000599,4.5,99.5,59.4,14.68,RUN
2023-10-26 18:02:17,P-Usine_A-000600,3.71,96.1,56.2,14.04,RUN
2023-10-26 18:05:55,P-Usine_A-000601,4.32,90.9,42.3,12.05,RUN
2023-10-26 18:08:56,P-Usine_A-000602,4.04,83.7,56.5,13.68,RUN
2023-10-26 18:05:09,P-Usine_A-000603,3.81,83.4,41.2,10.3,STOP
2023-10-26 18:05:09,P-Usine_A-000603,3.81,83.4,41.2,10.3,STOP
2023-10-26 18:08:33,P-Usine_A-000604,3.59,107.8,51.3,12.01,RUN
2023-10-26 18:08:50,P-Usine_A-000605,4.24,88.8,41.3,11.0,STOP
2023-10-26 18:06:14,P-Usine_A-000606,3.65,108.7,51.9,10.81,RUN
2023-10-26 18:06:56,P-Usine_A-000607,3.59,99.2,42.1,12.05,RUN
2023-10-26 18:14:23,P-Usine_A-000608,3.7,99.7,41.8,11.89,RUN
2023-10-26 18:14:40,P-Usine_A-000609,3.97,109.5,55.6,11.12,RUN
2023-10-26 18:10:32,P-Usine_A-000610,4.32,99.0,50.2,11.43,RUN
2023-10-26 18:16:01,P-Usine_A-000611,4.29,82.8,44.8,13.68,RUN
2023-10-26 18:18:49,P-Usine_A-000612,4.18,112.7,58.2,11.25,RUN
2023-10-26 18:16:02,P-Usine_A-000613,3.62,103.1,46.0,14.32,RUN
2023-10-26 18:18:27,P-Usine_A-000614,3.51,81.1,45.3,10.88,RUN
2023-10-26 18:16:51,P-Usine_A-000615,3.82,118.0,45.2,13.18,RUN
2023-10-26 18:19:20,P-Usine_A-000616,3.63,102.0,,12.21,RUN
2023-10-26 18:14:32,P-Usine_A-000617,4.39,92.8,51.9,14.99,RUN
2023-10-26 18:19:56,P-Usine_A-000618,3.75,90.7,48.6,10.6,RUN
2023-10-26 18:16:52,P-Usine_A-000619,4.46,112.5,59.3,10.11,RUN
2023-10-26 18:17:47,P-Usine_A-000620,3.67,93.1,42.1,12.28,RUN
2023-10-26 18:27:45,P-Usine_A-000621,4.32,86.5,58.0,13.98,RUN
2023-10-26 18:28:19,P-Usine_A-000622,3.64,999.9,55.3,10.77,RUN
2023-10-26 18:26:53,P-Usine_A-000623,4.33,87.9,46.8,13.59,RUN
2023-10-26 18:22:31,P-Usine_A-000624,4.46,104.3,51.0,14.81,RUN
2023-10-26 18:24:47,P-Usine_A-000625,4.41,88.0,55.8,13.76,RUN
2023-10-26 18:31:25,P-Usine_A-000626,3.84,82.7,41.7,11.3,RUN
2023-10-26 18:32:52,P-Usine_A-000627,3.8,94.0,49.8,14.23,RUN
2023-10-26 18:34:15,P-Usine_A-000628,4.44,105.0,51.0,12.33,RUN
2023-10-26 18:30:25,P-Usine_A-000629,3.87,112.4,44.2,13.21,RUN
2023-10-26 18:36:09,P-Usine_A-000630,3.73,84.0,53.1,11.18,RUN
2023-10-26 18:30:42,P-Usine_A-000631,3.71,86.1,45.9,13.76,RUN
2023-10-26 18:30:25,P-Usine_A-000632,4.29,118.9,59.8,11.33,RUN
2023-10-26 18:34:02,P-Usine_A-000633,4.11,109.8,44.9,11.91,RUN
2023-10-26 18:34:02,P-Usine_A-000633,4.11,109.8,44.9,11.91,RUN
2023-10-26 18:34:42,P-Usine_A-000634,4.1,119.4,48.7,12.24,RUN
2023-10-26 18:34:43,P-Usine_A-000635,4.0,112.8,58.8,13.72,RUN
2023-10-26 18:43:12,P-Usine_A-000636,4.38,81.9,50.3,10.64,RUN
2023-10-26 18:38:47,P-Usine_A-000637,3.74,80.4,57.3,11.58,RUN
2023-10-26 18:39:11,P-Usine_A-000638,4.3,105.2,40.5,11.82,RUN
2023-10-26 18:37:11,P-Usine_A-000639,4.32,94.6,58.5,11.58,RUN
2023-10-26 18:46:18,P-Usine_A-000640,4.48,97.5,53.7,14.72,RUN
2023-10-26 18:42:14,P-Usine_A-000641,3.53,84.4,40.5,13.66,RUN
2023-10-26 18:42:14,P-Usine_A-000641,3.53,84.4,40.5,13.66,RUN
2023-10-26 18:44:30,P-Usine_A-000642,4.27,99.2,53.3,10.65,RUN
2023-10-26 18:49:43,P-Usine_A-000643,3.86,113.0,42.4,11.54,RUN
2023-10-26 18:43:37,P-Usine_A-000644,4.28,119.1,53.7,13.05,RUN
2023-10-26 18:46:52,P-Usine_A-000645,4.23,97.9,46.6,14.06,RUN
2023-10-26 18:45:58,P-Usine_A-000646,4.41,108.2,51.2,11.96,RUN
2023-10-26 18:46:02,P-Usine_A-000647,4.4,103.1,52.4,10.07,RUN
2023-10-26 18:53:22,P-Usine_A-000648,3.86,104.3,41.5,11.06,RUN
2023-10-26 18:53:08,P-Usine_A-000649,4.01,95.2,48.9,14.97,RUN
2023-10-26 18:55:38,P-Usine_A-000650,4.3,80.2,42.9,10.46,RUN
2023-10-26 18:50:22,P-Usine_A-000651,4.13,88.7,44.2,14.2,RUN
2023-10-26 18:58:01,P-Usine_A-000652,4.43,84.5,53.6,10.29,RUN
2023-10-26 18:53:15,P-Usine_A-000653,3.54,93.3,49.5,13.08,RUN
2023-10-26 19:01:02,P-Usine_A-000654,3.91,85.2,46.2,12.09,RUN
2023-10-26 19:00:01,P-Usine_A-000655,999.9,114.4,51.0,14.03,RUN
2023-10-26 18:59:11,P-Usine_A-000656,3.92,101.3,41.8,12.27,RUN
2023-10-26 19:02:19,P-Usine_A-000657,3.59,91.3,45.6,14.04,RUN
2023-10-26 19:02:54,P-Usine_A-000658,3.95,97.1,44.8,11.4,RUN
2023-10-26 18:56:53,P-Usine_A-000659,4.09,95.5,54.7,11.31,RUN
2023-10-26 19:01:08,P-Usine_A-000660,3.63,83.1,40.1,14.73,RUN
2023-10-26 19:05:13,P-Usine_A-000661,4.23,81.8,55.1,12.23,RUN
2023-10-26 19:03:18,P-Usine_A-000662,4.31,113.9,46.7,13.61,RUN
2023-10-26 19:01:36,P-Usine_A-000663,3.57,89.1,49.9,12.2,RUN
2023-10-26 19:05:16,P-Usine_A-000664,3.82,99.2,49.2,12.27,RUN
2023-10-26 19:02:15,P-Usine_A-000665,3.78,80.7,54.1,10.3,RUN
2023-10-26 19:03:48,P-Usine_A-000666,4.47,97.5,40.1,14.74,RUN
2023-10-26 19:04:12,P-Usine_A-000667,4.2,86.2,55.4,14.55,RUN
2023-10-26 19:14:23,P-Usine_A-000668,3.5,119.5,58.0,13.03,RUN
2023-10-26 19:14:30,P-Usine_A-000669,3.5,113.3,51.0,14.47,RUN
2023-10-26 19:08:19,P-Usine_A-000670,4.2,96.3,42.9,11.18,RUN
2023-10-26 19:16:29,P-Usine_A-000671,4.31,89.4,44.8,14.65,RUN
2023-10-26 19:11:08,P-Usine_A-000672,3.8,115.6,47.6,12.47,RUN
2023-10-26 19:10:26,P-Usine_A-000673,3.82,96.8,56.4,13.85,RUN
2023-10-26 19:15:04,P-Usine_A-000674,3.71,84.7,43.6,14.24,RUN
2023-10-26 19:17:45,P-Usine_A-000675,3.95,110.4,51.3,13.57,RUN
2023-10-26 19:17:35,P-Usine_A-000676,3.91,88.1,52.4,13.01,RUN
2023-10-26 19:16:11,P-Usine_A-000677,4.15,102.5,51.1,13.24,RUN
2023-10-26 19:21:01,P-Usine_A-000678,3.84,90.0,43.0,12.63,RUN
2023-10-26 19:20:45,P-Usine_A-000679,4.09,111.8,49.8,14.43,RUN
2023-10-26 19:22:16,P-Usine_A-000680,4.01,109.5,51.4,13.18,RUN
2023-10-26 19:25:01,P-Usine_A-000681,4.16,83.8,40.2,10.88,RUN
2023-10-26 19:25:05,P-Usine_A-000682,4.05,97.3,49.7,13.82,RUN
2023-10-26 19:29:20,P-Usine_A-000683,4.0,111.4,51.0,999.9,STOP
2023-10-26 19:28:59,P-Usine_A-000684,4.33,115.5,41.3,14.14,RUN
2023-10-26 19:30:01,P-Usine_A-000685,3.53,89.0,58.0,12.24,RUN
2023-10-26 19:29:47,P-Usine_A-000686,4.33,88.6,52.7,14.15,STOP
2023-10-26 19:31:18,P-Usine_A-000687,4.19,87.9,53.6,10.78,RUN
2023-10-26 19:32:18,P-Usine_A-000688,3.6,101.9,50.5,12.31,RUN
2023-10-26 19:30:15,P-Usine_A-000689,4.09,90.0,53.7,12.61,RUN
2023-10-26 19:27:03,P-Usine_A-000690,3.98,114.1,41.0,14.76,RUN
2023-10-26 19:32:38,P-Usine_A-000691,3.61,97.7,50.8,10.8,RUN
2023-10-26 19:29:45,P-Usine_A-000692,3.72,117.2,47.1,14.55,RUN
2023-10-26 19:31:06,P-Usine_A-000693,3.61,102.7,52.6,12.48,RUN
2023-10-26 19:38:32,P-Usine_A-000694,4.13,94.7,41.6,11.29,RUN
2023-10-26 19:39:51,P-Usine_A-000695,3.79,103.7,55.4,13.7,RUN
2023-10-26 19:33:19,P-Usine_A-000696,3.79,85.7,49.7,13.39,RUN
2023-10-26 19:42:41,P-Usine_A-000697,3.65,90.8,54.4,13.67,STOP
2023-10-26 19:34:50,P-Usine_A-000698,3.76,85.9,57.7,11.95,RUN
2023-10-26 19:45:33,P-Usine_A-000699,3.54,104.5,47.4,13.76,RUN
2023-10-26 19:40:17,P-Usine_A-000700,4.04,117.6,45.5,10.5,RUN
2023-10-26 19:42:20,P-Usine_A-000701,3.52,103.8,,12.7,RUN
2023-10-26 19:45:49,P-Usine_A-000702,4.17,94.5,55.8,14.31,RUN
2023-10-26 19:46:33,P-Usine_A-000703,4.24,114.1,47.3,13.14,STOP
2023-10-26 19:43:46,P-Usine_A-000704,3.7,83.4,43.2,10.62,RUN
2023-10-26 19:45:52,P-Usine_A-000705,4.34,91.8,52.8,14.43,STOP
2023-10-26 19:49:11,P-Usine_A-000706,4.1,81.1,50.2,10.19,RUN
2023-10-26 19:44:26,P-Usine_A-000707,4.31,94.6,51.2,13.73,RUN
2023-10-26 19:44:55,P-Usine_A-000708,3.93,83.2,59.5,10.4,RUN
2023-10-26 19:54:39,P-Usine_A-000709,4.12,95.0,53.8,14.38,RUN
2023-10-26 19:51:48,P-Usine_A-000710,3.82,117.5,43.6,12.88,RUN
2023-10-26 19:53:42,P-Usine_A-000711,4.1,95.1,55.4,10.13,RUN
2023-10-26 19:51:30,P-Usine_A-000712,4.22,87.6,45.7,11.01,RUN
2023-10-26 19:59:26,P-Usine_A-000713,4.38,117.6,41.4,13.69,RUN
2023-10-26 19:55:52,P-Usine_A-000714,4.11,88.8,51.2,12.1,RUN
2023-10-26 19:55:37,P-Usine_A-000715,4.04,99.5,47.4,13.12,RUN
2023-10-26 19:55:46,P-Usine_A-000716,4.14,83.1,55.8,12.2,RUN
2023-10-26 19:59:33,P-Usine_A-000717,3.51,89.3,52.4,14.87,RUN
2023-10-26 19:57:06,P-Usine_A-000718,3.54,100.2,51.7,999.9,RUN
2023-10-26 19:57:40,P-Usine_A-000719,3.96,107.8,55.4,12.8,RUN
2023-10-26 19:57:40,P-Usine_A-000719,3.96,107.8,55.4,12.8,RUN
2023-10-26 20:06:01,P-Usine_A-000720,3.56,116.4,45.2,13.69,RUN
2023-10-26 20:05:26,P-Usine_A-000721,4.4,104.2,55.7,13.49,RUN
2023-10-26 20:04:56,P-Usine_A-000722,3.83,82.1,46.4,13.17,RUN
2023-10-26 20:04:36,P-Usine_A-000723,3.58,94.8,53.6,11.05,RUN
2023-10-26 20:10:18,P-Usine_A-000724,4.25,82.4,45.5,14.83,RUN
2023-10-26 20:11:07,P-Usine_A-000725,4.33,82.3,42.9,12.24,RUN
2023-10-26 20:03:40,P-Usine_A-000726,3.58,107.8,47.9,12.02,RUN
2023-10-26 20:13:17,P-Usine_A-000727,4.37,104.3,51.5,10.4,RUN
2023-10-26 20:06:58,P-Usine_A-000728,3.65,90.6,47.5,12.66,RUN
2023-10-26 20:07:02,P-Usine_A-000729,4.27,81.8,41.5,14.71,RUN
2023-10-26 20:11:42,P-Usine_A-000730,4.02,86.2,57.4,11.43,RUN
2023-10-26 20:13:33,P-Usine_A-000731,3.51,105.6,40.7,13.17,RUN
2023-10-26 20:13:33,P-Usine_A-000731,3.51,105.6,40.7,13.17,RUN
2023-10-26 20:09:59,P-Usine_A-000732,3.95,101.3,40.1,10.92,RUN
2023-10-26 20:13:52,P-Usine_A-000733,4.45,83.5,52.4,10.18,RUN
2023-10-26 20:13:18,P-Usine_A-000734,4.22,97.8,58.3,13.65,RUN
2023-10-26 20:13:18,P-Usine_A-000734,4.22,97.8,58.3,13.65,RUN
2023-10-26 20:14:15,P-Usine_A-000735,3.82,108.7,46.5,14.51,RUN
2023-10-26 20:20:31,P-Usine_A-000736,3.59,105.6,45.4,13.45,RUN
2023-10-26 20:19:22,P-Usine_A-000737,3.71,97.5,46.4,11.44,RUN
2023-10-26 20:21:55,P-Usine_A-000738,3.65,85.3,56.5,12.92,RUN
2023-10-26 20:17:44,P-Usine_A-000739,3.51,109.9,47.6,11.03,RUN
2023-10-26 20:18:41,P-Usine_A-000740,3.84,92.6,52.3,11.11,RUN
2023-10-26 20:24:53,P-Usine_A-000741,4.46,114.9,57.9,10.75,RUN
2023-10-26 20:24:24,P-Usine_A-000742,3.93,94.8,45.0,11.05,RUN
2023-10-26 20:23:13,P-Usine_A-000743,4.18,115.8,51.8,13.0,RUN
2023-10-26 20:23:44,P-Usine_A-000744,4.23,83.9,46.4,10.32,RUN
2023-10-26 20:26:22,P-Usine_A-000745,4.2,119.6,42.0,12.07,RUN
2023-10-26 20:31:44,P-Usine_A-000746,4.03,109.9,43.5,13.33,RUN
2023-10-26 20:34:06,P-Usine_A-000747,4.36,104.0,46.0,14.31,RUN
2023-10-26 20:26:51,P-Usine_A-000748,3.58,108.9,48.1,10.42,RUN
2023-10-26 20:27:54,P-Usine_A-000749,4.44,112.2,49.1,12.89,RUN
2023-10-26 20:35:23,P-Usine_A-000750,4.01,104.9,57.6,14.33,RUN
2023-10-26 20:34:15,P-Usine_A-000751,4.2,108.1,41.5,10.54,RUN
2023-10-26 20:36:57,P-Usine_A-000752,3.54,118.6,42.7,12.45,RUN
2023-10-26 20:32:43,P-Usine_A-000753,3.91,118.0,47.3,13.09,RUN
2023-10-26 20:35:45,P-Usine_A-000754,3.72,117.9,,12.29,RUN
2023-10-26 20:34:06,P-Usine_A-000755,3.8,106.1,53.0,13.62,RUN
2023-10-26 20:33:08,P-Usine_A-000756,4.08,999.9,55.9,14.38,STOP
2023-10-26 20:40:16,P-Usine_A-000757,3.72,97.5,52.0,12.03,RUN
2023-10-26 20:43:14,P-Usine_A-000758,3.92,110.1,44.0,10.84,RUN
2023-10-26 20:40:32,P-Usine_A-000759,3.69,80.8,47.5,14.98,RUN
2023-10-26 20:45:13,P-Usine_A-000760,3.66,90.9,44.9,13.24,RUN
2023-10-26 20:41:01,P-Usine_A-000761,3.61,92.0,50.4,12.3,RUN
2023-10-26 20:39:03,P-Usine_A-000762,4.33,84.0,55.0,10.99,RUN
2023-10-26 20:49:25,P-Usine_A-000763,3.52,111.4,44.2,12.39,RUN
2023-10-26 20:42:19,P-Usine_A-000764,3.77,80.0,59.8,12.8,RUN
2023-10-26 20:48:57,P-Usine_A-000765,3.88,83.7,41.2,11.57,RUN
2023-10-26 20:49:53,P-Usine_A-000766,3.65,114.6,41.2,14.7,RUN
2023-10-26 20:49:30,P-Usine_A-000767,3.89,93.9,41.2,11.5,RUN
2023-10-26 20:45:55,P-Usine_A-000768,4.42,100.0,51.5,14.63,RUN
2023-10-26 20:54:38,P-Usine_A-000769,3.9,104.0,43.0,11.66,RUN
2023-10-26 20:49:46,P-Usine_A-000770,3.87,106.3,41.1,12.16,RUN
2023-10-26 20:54:19,P-Usine_A-000771,4.03,110.3,45.4,12.66,RUN
2023-10-26 20:54:11,P-Usine_A-000772,3.72,83.0,59.9,12.41,RUN
2023-10-26 20:52:35,P-Usine_A-000773,4.01,92.0,52.6,10.49,RUN
2023-10-26 20:54:54,P-Usine_A-000774,3.67,116.5,57.1,11.57,RUN
2023-10-26 20:53:32,P-Usine_A-000775,3.72,95.3,43.5,11.76,RUN
2023-10-26 21:00:18,P-Usine_A-000776,4.44,98.4,56.8,14.09,RUN
2023-10-26 20:56:59,P-Usine_A-000777,4.36,85.4,43.4,11.59,RUN
2023-10-26 20:56:52,P-Usine_A-000778,3.86,91.2,57.3,13.48,RUN
2023-10-26 21:01:41,P-Usine_A-000779,3.67,84.6,50.7,11.24,RUN
2023-10-26 21:04:50,P-Usine_A-000780,4.17,100.4,50.0,14.75,RUN
2023-10-26 20:57:31,P-Usine_A-000781,3.55,102.3,42.3,12.16,RUN
2023-10-26 21:08:12,P-Usine_A-000782,4.31,82.4,44.2,13.83,STOP
2023-10-26 21:02:01,P-Usine_A-000783,3.61,90.7,43.7,11.32,RUN
2023-10-26 21:07:59,P-Usine_A-000784,4.33,99.2,41.3,14.68,RUN
2023-10-26 21:09:58,P-Usine_A-000785,4.41,107.7,54.9,11.05,RUN
2023-10-26 21:10:35,P-Usine_A-000786,4.23,110.8,53.0,14.09,RUN
2023-10-26 21:10:03,P-Usine_A-000787,4.13,86.7,43.4,12.64,RUN
2023-10-26 21:05:29,P-Usine_A-000788,4.21,89.1,43.4,12.23,RUN
2023-10-26 21:05:38,P-Usine_A-000789,3.98,117.5,54.2,13.62,RUN
2023-10-26 21:07:39,P-Usine_A-000790,3.75,80.2,41.4,12.22,RUN
2023-10-26 21:07:39,P-Usine_A-000790,3.75,80.2,41.4,12.22,RUN
2023-10-26 21:15:19,P-Usine_A-000791,3.9,87.6,45.6,14.17,RUN
2023-10-26 21:13:53,P-Usine_A-000792,3.83,118.8,56.9,10.59,RUN
2023-10-26 21:11:10,P-Usine_A-000793,4.14,85.4,44.1,11.18,RUN
2023-10-26 21:11:10,P-Usine_A-000793,4.14,85.4,44.1,11.18,RUN
2023-10-26 21:18:09,P-Usine_A-000794,3.8,105.8,40.5,14.15,RUN
2023-10-26 21:17:11,P-Usine_A-000795,3.93,,41.2,14.4,RUN
2023-10-26 21:18:08,P-Usine_A-000796,3.67,84.1,54.7,10.61,RUN
2023-10-26 21:15:52,P-Usine_A-000797,4.41,87.2,58.8,11.8,RUN
2023-10-26 21:15:52,P-Usine_A-000797,4.41,87.2,58.8,11.8,RUN
2023-10-26 21:16:23,P-Usine_A-000798,3.77,87.3,49.8,13.99,RUN
2023-10-26 21:16:31,P-Usine_A-000799,3.86,110.6,57.2,12.56,RUN
2023-10-26 21:19:14,P-Usine_A-000800,4.47,109.6,50.1,12.82,RUN
2023-10-26 21:19:54,P-Usine_A-000801,4.12,107.8,50.0,11.36,RUN
2023-10-26 21:20:13,P-Usine_A-000802,3.94,102.8,43.4,11.73,
2023-10-26 21:24:20,P-Usine_A-000803,3.52,116.6,48.3,13.85,RUN
2023-10-26 21:27:14,P-Usine_A-000804,4.14,101.5,58.2,11.56,RUN
2023-10-26 21:29:49,P-Usine_A-000805,3.74,96.0,49.7,12.86,RUN
2023-10-26 21:24:10,P-Usine_A-000806,3.85,101.8,44.9,10.49,RUN
2023-10-26 21:28:06,P-Usine_A-000807,4.26,80.2,53.6,10.06,RUN
2023-10-26 21:25:59,P-Usine_A-000808,3.68,81.6,52.6,10.91,RUN
2023-10-26 21:35:17,P-Usine_A-000809,4.43,95.7,56.9,14.25,RUN
2023-10-26 21:30:17,P-Usine_A-000810,4.48,86.3,56.7,14.84,RUN
2023-10-26 21:35:09,P-Usine_A-000811,3.99,88.7,44.8,10.16,RUN
2023-10-26 21:36:42,P-Usine_A-000812,4.47,104.6,55.5,12.99,RUN
2023-10-26 21:32:52,P-Usine_A-000813,3.61,118.6,54.4,11.07,RUN
2023-10-26 21:33:46,P-Usine_A-000814,3.94,107.7,42.4,10.69,RUN
2023-10-26 21:41:02,P-Usine_A-000815,4.23,111.8,49.0,14.06,RUN
2023-10-26 21:41:34,P-Usine_A-000816,3.58,107.4,41.4,10.99,RUN
2023-10-26 21:34:46,P-Usine_A-000817,4.12,90.8,43.2,12.58,RUN
2023-10-26 21:37:12,P-Usine_A-000818,4.22,112.3,44.3,10.07,RUN
2023-10-26 21:40:56,P-Usine_A-000819,3.61,104.3,56.5,11.61,RUN
2023-10-26 21:42:05,P-Usine_A-000820,4.23,101.1,999.9,14.25,RUN
2023-10-26 21:41:41,P-Usine_A-000821,3.89,100.1,43.4,13.87,RUN
2023-10-26 21:39:09,P-Usine_A-000822,3.94,97.1,58.2,12.11,RUN
2023-10-26 21:42:05,P-Usine_A-000823,3.94,102.5,57.0,14.44,RUN
2023-10-26 21:47:04,P-Usine_A-000824,3.69,117.3,54.8,10.04,RUN
2023-10-26 21:47:07,P-Usine_A-000825,3.98,119.0,46.8,11.2,RUN
2023-10-26 21:45:15,P-Usine_A-000826,4.47,115.2,46.4,11.96,RUN
2023-10-26 21:49:00,P-Usine_A-000827,4.3,117.7,47.3,12.39,RUN
2023-10-26 21:54:27,P-Usine_A-000828,4.25,97.6,54.8,12.8,RUN
2023-10-26 21:54:28,P-Usine_A-000829,4.09,109.9,48.3,12.69,RUN
2023-10-26 21:55:11,P-Usine_A-000830,3.58,111.0,48.4,11.41,RUN
2023-10-26 21:48:57,P-Usine_A-000831,4.03,114.6,56.5,12.67,RUN
2023-10-26 21:56:45,P-Usine_A-000832,4.41,81.8,44.2,14.03,RUN
2023-10-26 21:50:13,P-Usine_A-000833,4.11,88.3,45.2,11.28,RUN
2023-10-26 21:53:49,P-Usine_A-000834,3.54,116.0,53.5,13.91,RUN
2023-10-26 21:53:33,P-Usine_A-000835,4.48,115.9,46.2,13.91,RUN
2023-10-26 21:59:37,P-Usine_A-000836,4.08,105.2,54.1,11.54,RUN
2023-10-26 21:57:35,P-Usine_A-000837,3.58,107.8,43.6,10.47,STOP
2023-10-26 21:56:23,P-Usine_A-000838,3.85,110.8,49.7,10.44,RUN
2023-10-26 22:01:53,P-Usine_A-000839,4.04,116.8,50.6,10.34,RUN
2023-10-26 22:04:36,P-Usine_A-000840,3.79,118.0,49.8,12.69,RUN
2023-10-26 21:59:16,P-Usine_A-000841,3.67,112.3,40.9,12.34,RUN
2023-10-26 22:04:01,P-Usine_A-000842,4.07,85.7,50.7,13.69,RUN
2023-10-26 22:01:34,P-Usine_A-000843,3.9,82.9,44.9,13.99,STOP
2023-10-26 22:05:46,P-Usine_A-000844,3.98,104.1,48.4,14.48,RUN
2023-10-26 22:03:03,P-Usine_A-000845,4.08,999.9,42.1,14.48,STOP
2023-10-26 22:04:38,P-Usine_A-000846,3.73,87.7,45.4,10.98,RUN
2023-10-26 22:05:56,P-Usine_A-000847,3.85,84.4,52.1,13.28,RUN
2023-10-26 22:12:47,P-Usine_A-000848,4.41,107.1,57.7,11.04,RUN
2023-10-26 22:12:47,P-Usine_A-000848,4.41,107.1,57.7,11.04,RUN
2023-10-26 22:13:15,P-Usine_A-000849,999.9,86.5,50.5,12.4,STOP
2023-10-26 22:11:50,P-Usine_A-000850,4.47,118.3,41.6,14.28,RUN
2023-10-26 22:09:34,P-Usine_A-000851,4.29,93.6,50.3,13.7,RUN
2023-10-26 22:18:20,P-Usine_A-000852,4.17,113.1,56.3,11.13,RUN
2023-10-26 22:10:28,P-Usine_A-000853,3.83,97.3,44.0,11.85,RUN
2023-10-26 22:19:52,P-Usine_A-000854,3.76,102.3,40.3,13.5,RUN
2023-10-26 22:16:30,P-Usine_A-000855,3.67,115.6,58.7,12.01,RUN
2023-10-26 22:19:26,P-Usine_A-000856,4.13,105.8,44.1,12.12,RUN
2023-10-26 22:17:39,P-Usine_A-000857,4.02,105.3,52.8,999.9,RUN
2023-10-26 22:17:25,P-Usine_A-000858,4.39,93.3,40.3,11.94,RUN
2023-10-26 22:25:01,P-Usine_A-000859,4.27,104.0,40.9,13.89,STOP
2023-10-26 22:24:20,P-Usine_A-000860,4.47,88.9,42.1,12.57,RUN
2023-10-26 22:19:27,P-Usine_A-000861,3.63,111.5,53.6,13.52,RUN
2023-10-26 22:23:43,P-Usine_A-000862,3.87,999.9,56.2,10.45,STOP
2023-10-26 22:28:16,P-Usine_A-000863,3.94,103.1,40.6,10.98,RUN
2023-10-26 22:27:34,P-Usine_A-000864,3.81,81.8,56.1,14.21,RUN
2023-10-26 22:27:35,P-Usine_A-000865,3.54,87.9,44.2,10.14,RUN
2023-10-26 22:28:14,P-Usine_A-000866,3.93,114.0,51.6,11.36,RUN
,P-Usine_A-000867,3.62,100.3,57.8,11.56,RUN
2023-10-26 22:31:19,P-Usine_A-000868,4.23,92.2,45.7,12.77,RUN
2023-10-26 22:27:15,P-Usine_A-000869,4.43,116.7,44.1,11.9,RUN
2023-10-26 22:32:16,P-Usine_A-000870,3.88,106.9,48.0,14.82,RUN
2023-10-26 22:33:55,P-Usine_A-000871,999.9,97.3,55.3,13.37,RUN
2023-10-26 22:36:14,P-Usine_A-000872,3.92,81.4,57.4,14.31,RUN
2023-10-26 22:35:50,P-Usine_A-000873,3.9,116.9,42.7,13.23,RUN
2023-10-26 22:40:36,P-Usine_A-000874,4.14,109.4,42.2,13.73,RUN
2023-10-26 22:34:07,P-Usine_A-000875,4.0,117.1,50.8,14.34,RUN
2023-10-26 22:41:27,P-Usine_A-000876,3.55,89.0,45.1,13.56,RUN
2023-10-26 22:35:42,P-Usine_A-000877,3.89,83.1,55.4,11.29,RUN
2023-10-26 22:39:18,P-Usine_A-000878,3.57,104.2,44.9,14.1,RUN
2023-10-26 22:39:18,P-Usine_A-000878,3.57,104.2,44.9,14.1,RUN
2023-10-26 22:40:31,P-Usine_A-000879,3.91,96.7,49.8,13.26,RUN
2023-10-26 22:45:42,P-Usine_A-000880,4.04,84.7,44.8,12.43,RUN
2023-10-26 22:40:27,P-Usine_A-000881,4.36,103.5,59.0,14.71,RUN
2023-10-26 22:44:28,P-Usine_A-000882,4.04,105.8,48.2,12.21,RUN
2023-10-26 22:45:17,P-Usine_A-000883,4.2,101.7,59.1,12.86,RUN
2023-10-26 22:44:02,P-Usine_A-000884,4.05,96.3,55.1,10.97,RUN
2023-10-26 22:45:10,P-Usine_A-000885,3.82,97.1,46.3,14.84,RUN
2023-10-26 22:50:11,P-Usine_A-000886,3.93,92.1,40.3,14.35,RUN
2023-10-26 22:52:17,P-Usine_A-000887,4.18,84.0,58.2,13.29,RUN
2023-10-26 22:48:14,P-Usine_A-000888,3.76,115.4,51.2,14.36,RUN
2023-10-26 22:47:14,P-Usine_A-000889,4.08,110.3,41.7,10.15,RUN
2023-10-26 22:53:16,P-Usine_A-000890,4.44,113.6,40.5,13.97,STOP
2023-10-26 22:53:53,P-Usine_A-000891,3.9,107.2,56.8,13.84,RUN
2023-10-26 22:52:50,P-Usine_A-000892,4.32,117.3,,12.71,RUN
2023-10-26 22:56:09,P-Usine_A-000893,3.5,84.7,45.0,12.93,RUN
2023-10-26 22:54:47,P-Usine_A-000894,3.93,92.8,44.3,12.92,RUN
2023-10-26 22:53:01,,4.25,91.5,54.9,11.83,RUN
2023-10-26 23:03:01,P-Usine_A-000896,4.41,100.0,43.0,12.42,RUN
2023-10-26 23:03:19,P-Usine_A-000897,3.79,80.5,53.2,13.0,RUN
2023-10-26 22:59:19,P-Usine_A-000898,3.62,106.6,51.0,10.71,RUN
2023-10-26 23:01:17,P-Usine_A-000899,4.39,95.4,58.1,14.25,STOP
2023-10-26 23:01:53,P-Usine_A-000900,3.85,113.8,47.3,11.56,RUN
2023-10-26 23:00:09,P-Usine_A-000901,4.22,87.4,56.4,14.4,RUN
2023-10-26 22:59:36,P-Usine_A-000902,3.72,119.7,59.9,12.39,RUN
2023-10-26 23:06:45,P-Usine_A-000903,4.43,87.4,45.4,11.81,RUN
2023-10-26 23:09:08,P-Usine_A-000904,4.28,111.2,43.2,13.99,RUN
2023-10-26 23:07:51,P-Usine_A-000905,4.35,93.0,50.0,12.56,RUN
2023-10-26 23:11:42,P-Usine_A-000906,4.01,89.3,48.3,13.02,RUN
2023-10-26 23:07:12,P-Usine_A-000907,3.81,82.8,43.0,13.03,RUN
2023-10-26 23:05:44,P-Usine_A-000908,3.8,93.3,59.0,10.02,RUN
2023-10-26 23:10:52,P-Usine_A-000909,4.4,105.0,59.6,10.33,RUN
2023-10-26 23:16:43,P-Usine_A-000910,3.82,102.8,40.8,10.46,RUN
2023-10-26 23:15:49,P-Usine_A-000911,3.81,114.8,44.1,14.37,RUN
2023-10-26 23:12:02,P-Usine_A-000912,4.39,82.8,44.2,10.55,STOP
2023-10-26 23:18:03,P-Usine_A-000913,3.99,110.5,51.4,12.63,RUN
2023-10-26 23:13:31,P-Usine_A-000914,4.48,100.5,57.5,10.39,RUN
,P-Usine_A-000915,4.24,110.9,56.8,13.8,RUN
2023-10-26 23:15:01,P-Usine_A-000916,3.85,112.2,57.6,11.38,RUN
2023-10-26 23:15:01,P-Usine_A-000916,3.85,112.2,57.6,11.38,RUN
2023-10-26 23:21:47,P-Usine_A-000917,3.78,82.3,43.8,11.9,RUN
2023-10-26 23:16:14,P-Usine_A-000918,4.46,83.0,58.9,14.6,RUN
2023-10-26 23:18:36,P-Usine_A-000919,3.5,92.2,40.8,10.98,RUN
2023-10-26 23:18:04,P-Usine_A-000920,3.55,119.9,40.9,11.47,RUN
2023-10-26 23:24:13,P-Usine_A-000921,3.6,96.2,41.9,11.17,RUN
2023-10-26 23:24:20,P-Usine_A-000922,4.14,109.5,41.4,14.2,RUN
2023-10-26 23:23:02,P-Usine_A-000923,3.85,92.1,57.5,13.63,RUN
2023-10-26 23:28:36,P-Usine_A-000924,4.14,84.2,42.7,10.54,RUN
2023-10-26 23:23:52,P-Usine_A-000925,4.48,97.6,53.9,12.83,RUN
2023-10-26 23:23:52,P-Usine_A-000925,4.48,97.6,53.9,12.83,RUN
2023-10-26 23:24:18,P-Usine_A-000926,4.27,87.3,52.4,,RUN
2023-10-26 23:31:23,P-Usine_A-000927,4.13,93.5,52.5,10.17,RUN
2023-10-26 23:35:16,P-Usine_A-000928,3.74,93.2,46.0,12.05,RUN
2023-10-26 23:27:25,P-Usine_A-000929,3.51,97.2,41.9,13.38,RUN
2023-10-26 23:30:58,P-Usine_A-000930,4.41,84.7,48.5,14.49,RUN
2023-10-26 23:30:58,P-Usine_A-000930,4.41,84.7,48.5,14.49,RUN
2023-10-26 23:37:30,P-Usine_A-000931,3.57,117.1,42.5,14.85,RUN
2023-10-26 23:35:37,P-Usine_A-000932,4.23,114.9,50.6,12.03,RUN
2023-10-26 23:39:42,P-Usine_A-000933,4.17,101.4,48.6,13.12,RUN
2023-10-26 23:32:34,P-Usine_A-000934,3.76,99.1,50.4,14.27,RUN
2023-10-26 23:36:01,P-Usine_A-000935,3.94,96.8,42.7,999.9,RUN
2023-10-26 23:36:20,P-Usine_A-000936,4.45,100.7,43.4,13.13,RUN
2023-10-26 23:41:33,P-Usine_A-000937,3.62,90.4,52.3,10.26,RUN
2023-10-26 23:38:36,P-Usine_A-000938,4.28,84.7,45.3,10.11,RUN
2023-10-26 23:45:55,P-Usine_A-000939,3.85,999.9,41.4,10.63,RUN
2023-10-26 23:43:54,P-Usine_A-000940,3.72,86.2,49.3,14.86,RUN
2023-10-26 23:39:09,P-Usine_A-000941,3.95,118.0,42.1,10.58,RUN
2023-10-26 23:40:44,P-Usine_A-000942,4.5,93.4,45.7,13.21,RUN
2023-10-26 23:51:05,P-Usine_A-000943,3.92,117.3,50.8,14.86,RUN
2023-10-26 23:46:53,P-Usine_A-000944,3.62,101.6,57.8,12.94,RUN
2023-10-26 23:46:11,P-Usine_A-000945,3.69,101.5,50.0,10.43,STOP
2023-10-26 23:49:32,P-Usine_A-000946,4.02,114.8,59.8,11.57,RUN
2023-10-26 23:45:35,P-Usine_A-000947,4.35,104.0,59.7,12.71,RUN
2023-10-26 23:50:11,P-Usine_A-000948,3.57,81.3,57.0,14.07,RUN
2023-10-26 23:50:45,P-Usine_A-000949,3.65,95.6,48.7,14.25,RUN
2023-10-26 23:54:38,P-Usine_A-000950,3.8,117.1,48.2,14.9,RUN
2023-10-26 23:51:27,P-Usine_A-000951,4.38,107.6,55.1,13.74,RUN
2023-10-26 23:50:49,P-Usine_A-000952,3.62,119.5,999.9,14.62,RUN
2023-10-26 23:55:54,P-Usine_A-000953,4.46,86.4,53.1,11.67,RUN
2023-10-26 23:56:45,P-Usine_A-000954,3.98,119.2,58.1,11.29,RUN
2023-10-26 23:56:05,P-Usine_A-000955,4.19,93.7,43.1,11.7,RUN
2023-10-26 23:55:56,P-Usine_A-000956,3.56,86.8,59.7,12.39,RUN
2023-10-26 23:59:43,P-Usine_A-000957,4.13,84.0,50.2,999.9,RUN
2023-10-26 23:58:53,P-Usine_A-000958,4.43,104.6,59.2,10.12,RUN
2023-10-27 00:06:03,P-Usine_A-000959,4.03,97.3,54.0,14.1,RUN
2023-10-27 00:05:40,P-Usine_A-000960,4.38,109.4,47.4,13.11,RUN
2023-10-27 00:06:14,P-Usine_A-000961,4.08,108.0,53.7,13.58,RUN
2023-10-27 00:05:51,P-Usine_A-000962,4.05,105.8,43.7,13.51,RUN
2023-10-27 00:09:22,P-Usine_A-000963,3.83,103.4,57.7,14.96,RUN
2023-10-27 00:04:47,P-Usine_A-000964,4.34,119.9,41.8,12.69,RUN
2023-10-27 00:10:30,P-Usine_A-000965,4.28,87.5,54.5,12.26,RUN
2023-10-27 00:11:43,P-Usine_A-000966,4.23,87.9,57.5,14.06,RUN
2023-10-27 00:05:37,P-Usine_A-000967,4.3,117.1,52.6,10.27,
2023-10-27 00:13:28,P-Usine_A-000968,3.59,100.4,49.9,10.8,RUN
2023-10-27 00:11:27,P-Usine_A-000969,3.88,108.2,50.1,11.69,RUN
2023-10-27 00:11:44,P-Usine_A-000970,4.39,117.8,41.4,10.33,RUN
2023-10-27 00:14:14,P-Usine_A-000971,4.42,111.0,46.1,12.02,RUN
2023-10-27 00:15:44,P-Usine_A-000972,4.27,97.4,52.4,12.32,RUN
2023-10-27 00:20:04,P-Usine_A-000973,4.16,97.2,59.8,12.64,RUN
2023-10-27 00:13:12,P-Usine_A-000974,3.86,92.4,52.8,12.93,RUN
2023-10-27 00:15:16,P-Usine_A-000975,3.75,110.1,47.5,14.39,RUN
2023-10-27 00:20:08,P-Usine_A-000976,3.5,89.4,50.7,12.19,RUN
2023-10-27 00:18:07,P-Usine_A-000977,3.6,98.8,53.0,12.96,RUN
2023-10-27 00:17:05,P-Usine_A-000978,3.94,80.4,42.2,14.78,RUN
2023-10-27 00:20:12,P-Usine_A-000979,3.83,86.7,42.9,11.33,RUN
2023-10-27 00:23:00,P-Usine_A-000980,4.1,111.7,40.5,11.9,RUN
2023-10-27 00:26:01,P-Usine_A-000981,3.95,99.0,49.6,10.69,RUN
2023-10-27 00:25:33,P-Usine_A-000982,3.63,89.7,55.9,14.71,RUN
2023-10-27 00:25:02,P-Usine_A-000983,3.98,107.1,49.9,13.05,RUN
2023-10-27 00:22:31,P-Usine_A-000984,4.41,95.9,41.3,11.99,RUN
2023-10-27 00:25:31,P-Usine_A-000985,4.44,96.1,51.5,13.27,RUN
2023-10-27 00:28:53,P-Usine_A-000986,4.19,89.2,49.6,11.63,RUN
2023-10-27 00:30:01,P-Usine_A-000987,4.09,101.3,57.9,10.79,RUN
2023-10-27 00:35:37,P-Usine_A-000988,3.87,86.5,44.1,11.08,RUN
2023-10-27 00:30:21,P-Usine_A-000989,3.6,88.9,45.0,13.57,RUN
2023-10-27 00:36:30,P-Usine_A-000990,4.0,88.8,57.7,14.58,RUN
2023-10-27 00:39:04,P-Usine_A-000991,3.83,108.6,54.4,11.46,RUN
2023-10-27 00:40:34,P-Usine_A-000992,3.61,113.6,48.5,14.85,RUN
2023-10-27 00:38:19,P-Usine_A-000993,4.11,109.4,40.7,13.15,RUN
,P-Usine_A-000994,3.58,108.1,58.2,11.28,RUN
2023-10-27 00:40:10,P-Usine_A-000995,4.42,93.7,45.9,11.65,RUN
2023-10-27 00:40:39,P-Usine_A-000996,3.81,106.8,45.1,10.4,STOP
2023-10-27 00:41:21,P-Usine_A-000997,4.03,86.1,46.7,10.07,
2023-10-27 00:45:55,P-Usine_A-000998,3.79,106.2,55.5,12.64,RUN
2023-10-27 00:45:53,P-Usine_A-000999,4.25,94.4,45.5,10.8,RUN
2023-10-27 00:47:15,P-Usine_A-001000,3.91,100.8,50.1,11.99,RUN
