timestamp,part_id,punch_force_kn,vibration_level,motor_temp_c,cycle_count,status
2023-10-26 07:58:41,P-Usine_A-000001,253.8,1.71,70.5,1,RUN
2023-10-26 08:03:59,P-Usine_A-000002,257.5,0.56,52.2,2,RUN
2023-10-26 08:03:51,P-Usine_A-000003,250.8,1.11,58.9,3,RUN
2023-10-26 08:07:13,P-Usine_A-000004,294.9,1.13,78.0,4,RUN
2023-10-26 07:59:58,P-Usine_A-000005,325.2,0.74,65.2,5,RUN
2023-10-26 08:07:06,P-Usine_A-000006,343.2,1.2,64.2,6,RUN
2023-10-26 08:07:08,P-Usine_A-000007,297.3,1.41,74.8,999.9,RUN
2023-10-26 08:04:04,P-Usine_A-000008,251.5,1.03,61.6,8,RUN
2023-10-26 08:09:57,P-Usine_A-000009,279.2,1.26,54.5,9,RUN
2023-10-26 08:10:37,P-Usine_A-000010,277.5,0.52,76.2,10,RUN
2023-10-26 08:06:38,P-Usine_A-000011,339.4,1.25,51.6,11,RUN
2023-10-26 08:15:54,P-Usine_A-000012,281.1,1.31,53.7,12,RUN
2023-10-26 08:17:35,P-Usine_A-000013,291.4,1.48,62.6,13,RUN
2023-10-26 08:15:01,P-Usine_A-000014,301.0,1.7,57.1,14,RUN
2023-10-26 08:16:25,P-Usine_A-000015,272.8,0.84,56.5,15,RUN
2023-10-26 08:17:56,P-Usine_A-000016,259.2,1.43,78.2,16,RUN
2023-10-26 08:14:08,P-Usine_A-000017,327.1,1.02,70.1,17,RUN
2023-10-26 08:14:32,P-Usine_A-000018,278.2,1.19,61.2,18,RUN
2023-10-26 08:16:13,P-Usine_A-000019,284.5,0.61,76.1,19,RUN
2023-10-26 08:17:31,P-Usine_A-000020,258.6,1.91,64.0,20,RUN
2023-10-26 08:22:13,P-Usine_A-000021,308.2,1.1,56.1,21,RUN
2023-10-26 08:27:17,P-Usine_A-000022,253.7,0.8,58.0,22,RUN
2023-10-26 08:18:25,P-Usine_A-000023,326.5,1.62,72.8,23,RUN
2023-10-26 08:29:08,P-Usine_A-000024,349.3,0.74,56.1,24,RUN
2023-10-26 08:23:41,P-Usine_A-000025,344.4,0.66,60.6,25,RUN
2023-10-26 08:22:58,P-Usine_A-000026,267.9,0.75,67.6,26,RUN
2023-10-26 08:31:46,P-Usine_A-000027,334.0,1.24,69.7,27,RUN
2023-10-26 08:26:01,P-Usine_A-000028,315.9,1.26,67.9,28,RUN
2023-10-26 08:26:58,P-Usine_A-000029,280.5,0.68,77.7,29,RUN
2023-10-26 08:33:06,P-Usine_A-000030,267.1,0.82,65.7,30,RUN
2023-10-26 08:32:29,P-Usine_A-000031,253.3,1.81,54.5,31,RUN
2023-10-26 08:36:33,P-Usine_A-000032,343.9,1.7,68.7,32,RUN
2023-10-26 08:30:57,P-Usine_A-000033,289.3,1.1,79.6,33,RUN
2023-10-26 08:32:47,P-Usine_A-000034,346.9,1.64,65.8,34,RUN
2023-10-26 08:38:35,P-Usine_A-000035,338.0,1.97,70.8,35,RUN
2023-10-26 08:36:24,P-Usine_A-000036,348.3,0.56,53.0,36,RUN
2023-10-26 08:33:32,P-Usine_A-000037,288.3,1.6,56.6,37,RUN
2023-10-26 08:33:32,P-Usine_A-000037,288.3,1.6,56.6,37,RUN
2023-10-26 08:38:10,P-Usine_A-000038,282.5,1.58,68.7,38,RUN
2023-10-26 08:38:42,P-Usine_A-000039,259.7,0.6,57.3,39,RUN
2023-10-26 08:41:25,P-Usine_A-000040,259.1,1.53,63.6,40,RUN
2023-10-26 08:44:08,P-Usine_A-000041,316.7,1.39,78.1,41,RUN
2023-10-26 08:45:57,P-Usine_A-000042,,1.33,78.2,42,RUN
2023-10-26 08:48:06,P-Usine_A-000043,250.5,1.96,70.8,43,RUN
2023-10-26 08:48:34,P-Usine_A-000044,303.4,1.2,51.0,44,RUN
2023-10-26 08:43:11,P-Usine_A-000045,301.7,1.02,78.8,45,RUN
2023-10-26 08:43:27,P-Usine_A-000046,291.8,1.36,61.4,46,RUN
2023-10-26 08:47:15,P-Usine_A-000047,272.4,1.49,77.2,47,RUN
2023-10-26 08:49:00,P-Usine_A-000048,300.3,0.51,65.0,48,RUN
2023-10-26 08:51:57,P-Usine_A-000049,309.3,1.14,54.5,49,RUN
2023-10-26 08:47:36,P-Usine_A-000050,289.6,1.08,59.8,50,RUN
2023-10-26 08:46:56,P-Usine_A-000051,340.2,1.48,58.6,51,RUN
2023-10-26 08:57:16,P-Usine_A-000052,259.1,1.86,52.1,52,RUN
2023-10-26 08:48:59,P-Usine_A-000053,280.7,1.28,63.6,53,RUN
2023-10-26 08:49:36,P-Usine_A-000054,339.2,0.89,72.7,54,RUN
2023-10-26 08:56:17,P-Usine_A-000055,304.0,0.51,59.9,55,RUN
2023-10-26 08:57:35,P-Usine_A-000056,309.6,1.32,51.5,56,RUN
2023-10-26 08:54:53,P-Usine_A-000057,302.9,0.67,74.5,57,RUN
2023-10-26 08:59:44,P-Usine_A-000058,266.8,0.59,75.3,58,RUN
2023-10-26 09:01:44,P-Usine_A-000059,282.2,999.9,75.9,59,RUN
2023-10-26 09:05:10,P-Usine_A-000060,339.1,0.63,76.6,60,RUN
2023-10-26 08:58:38,P-Usine_A-000061,335.9,0.58,68.7,61,RUN
2023-10-26 09:06:29,P-Usine_A-000062,292.1,0.76,53.9,62,RUN
2023-10-26 09:04:23,P-Usine_A-000063,295.0,1.96,60.2,63,RUN
2023-10-26 09:06:51,P-Usine_A-000064,270.7,1.34,59.6,64,RUN
2023-10-26 09:06:22,P-Usine_A-000065,318.2,999.9,51.6,65,RUN
2023-10-26 09:05:04,P-Usine_A-000066,278.1,1.85,52.4,66,RUN
2023-10-26 09:11:14,P-Usine_A-000067,281.6,0.98,77.7,67,RUN
2023-10-26 09:04:46,P-Usine_A-000068,289.9,1.97,53.0,68,RUN
2023-10-26 09:13:10,P-Usine_A-000069,258.9,1.51,75.5,69,RUN
2023-10-26 09:08:03,P-Usine_A-000070,331.7,1.07,71.1,70,RUN
2023-10-26 09:12:12,P-Usine_A-000071,330.0,1.81,57.0,71,RUN
2023-10-26 09:13:31,P-Usine_A-000072,283.2,1.81,51.6,72,RUN
2023-10-26 09:16:31,P-Usine_A-000073,275.8,1.95,58.5,73,RUN
2023-10-26 09:17:16,P-Usine_A-000074,288.2,1.1,71.7,74,RUN
2023-10-26 09:17:52,P-Usine_A-000075,259.1,1.61,54.9,75,RUN
2023-10-26 09:17:52,P-Usine_A-000075,259.1,1.61,54.9,75,RUN
2023-10-26 09:21:20,P-Usine_A-000076,329.5,1.2,64.6,76,RUN
2023-10-26 09:14:57,P-Usine_A-000077,255.3,1.66,63.9,77,RUN
2023-10-26 09:15:35,P-Usine_A-000078,303.2,0.68,63.4,78,RUN
2023-10-26 09:14:51,P-Usine_A-000079,346.3,1.62,76.8,79,RUN
2023-10-26 09:23:08,P-Usine_A-000080,330.4,1.19,66.3,80,RUN
2023-10-26 09:20:57,P-Usine_A-000081,327.4,0.67,72.9,81,RUN
2023-10-26 09:24:30,P-Usine_A-000082,999.9,1.97,79.7,82,RUN
2023-10-26 09:20:48,P-Usine_A-000083,336.8,0.71,56.8,83,RUN
2023-10-26 09:26:51,P-Usine_A-000084,306.2,1.92,75.5,84,RUN
2023-10-26 09:28:20,P-Usine_A-000085,318.9,1.06,68.8,85,RUN
2023-10-26 09:22:58,P-Usine_A-000086,325.9,0.66,59.3,86,RUN
2023-10-26 09:31:56,P-Usine_A-000087,260.5,1.37,54.6,87,RUN
2023-10-26 09:32:58,P-Usine_A-000088,266.9,1.96,69.4,88,RUN
2023-10-26 09:32:58,P-Usine_A-000088,266.9,1.96,69.4,88,RUN
2023-10-26 09:29:57,P-Usine_A-000089,325.7,1.36,74.9,89,RUN
2023-10-26 09:28:44,P-Usine_A-000090,277.8,0.6,59.8,90,RUN
2023-10-26 09:34:28,P-Usine_A-000091,319.6,0.6,59.7,91,RUN
2023-10-26 09:30:51,P-Usine_A-000092,327.0,1.71,62.6,92,RUN
2023-10-26 09:30:57,P-Usine_A-000093,325.8,0.71,62.0,93,RUN
2023-10-26 09:38:46,P-Usine_A-000094,348.2,0.6,999.9,94,RUN
2023-10-26 09:38:49,P-Usine_A-000095,272.4,1.49,58.6,95,RUN
2023-10-26 09:40:13,P-Usine_A-000096,299.2,0.79,63.2,96,RUN
2023-10-26 09:32:25,P-Usine_A-000097,258.7,999.9,69.1,97,RUN
2023-10-26 09:42:10,,265.6,0.93,76.1,98,RUN
2023-10-26 09:35:26,P-Usine_A-000099,304.9,0.59,52.1,99,RUN
2023-10-26 09:41:03,P-Usine_A-000100,250.3,1.23,76.7,100,RUN
2023-10-26 09:40:17,P-Usine_A-000101,275.3,0.98,79.6,101,RUN
2023-10-26 09:41:12,P-Usine_A-000102,260.5,1.24,64.1,102,RUN
2023-10-26 09:47:12,P-Usine_A-000103,283.8,0.71,66.0,103,RUN
2023-10-26 09:39:55,P-Usine_A-000104,297.7,0.91,54.0,104,RUN
2023-10-26 09:49:07,P-Usine_A-000105,305.6,1.03,67.9,105,RUN
2023-10-26 09:41:30,P-Usine_A-000106,334.8,1.13,79.6,106,RUN
2023-10-26 09:44:43,P-Usine_A-000107,305.1,1.41,50.1,107,RUN
2023-10-26 09:49:02,P-Usine_A-000108,294.1,1.56,76.4,108,RUN
2023-10-26 09:50:53,P-Usine_A-000109,314.8,1.11,74.1,109,RUN
2023-10-26 09:52:35,P-Usine_A-000110,263.5,0.8,65.0,110,RUN
2023-10-26 09:55:40,P-Usine_A-000111,289.6,1.39,65.7,111,RUN
2023-10-26 09:49:20,P-Usine_A-000112,261.2,1.68,75.2,112,RUN
2023-10-26 09:49:20,P-Usine_A-000112,261.2,1.68,75.2,112,RUN
2023-10-26 09:55:30,P-Usine_A-000113,251.5,1.66,78.5,113,RUN
2023-10-26 09:55:30,P-Usine_A-000113,251.5,1.66,78.5,113,RUN
2023-10-26 09:50:46,P-Usine_A-000114,298.0,999.9,53.5,114,RUN
2023-10-26 09:59:26,P-Usine_A-000115,318.9,1.37,61.9,115,RUN
2023-10-26 09:54:19,P-Usine_A-000116,298.8,1.06,74.5,116,RUN
2023-10-26 09:55:13,P-Usine_A-000117,344.4,0.84,78.7,117,RUN
2023-10-26 09:53:09,P-Usine_A-000118,252.4,1.83,76.8,118,RUN
2023-10-26 09:55:16,P-Usine_A-000119,282.1,1.44,76.7,119,RUN
2023-10-26 10:01:51,P-Usine_A-000120,256.3,1.06,50.7,120,RUN
2023-10-26 09:58:10,P-Usine_A-000121,280.2,0.7,65.7,121,RUN
2023-10-26 10:05:32,P-Usine_A-000122,271.0,0.92,65.1,122,RUN
2023-10-26 10:07:16,P-Usine_A-000123,289.6,0.99,62.7,123,RUN
2023-10-26 10:04:27,P-Usine_A-000124,284.9,1.22,59.8,124,RUN
2023-10-26 10:08:43,P-Usine_A-000125,321.1,0.53,70.9,125,RUN
2023-10-26 10:07:28,P-Usine_A-000126,256.9,0.53,69.3,,RUN
2023-10-26 10:03:50,P-Usine_A-000127,261.0,0.54,79.8,127,RUN
2023-10-26 10:07:09,P-Usine_A-000128,338.2,1.97,70.4,128,RUN
2023-10-26 10:12:41,P-Usine_A-000129,325.1,1.36,50.7,129,RUN
2023-10-26 10:09:51,P-Usine_A-000130,299.3,1.08,79.5,130,RUN
2023-10-26 10:10:46,P-Usine_A-000131,260.4,0.83,67.9,131,RUN
2023-10-26 10:11:42,P-Usine_A-000132,281.0,0.54,64.6,132,RUN
2023-10-26 10:15:39,P-Usine_A-000133,269.6,1.24,63.8,133,RUN
2023-10-26 10:14:22,P-Usine_A-000134,307.2,1.15,62.1,134,RUN
2023-10-26 10:16:37,P-Usine_A-000135,306.3,0.63,70.6,135,RUN
2023-10-26 10:14:25,P-Usine_A-000136,300.1,1.18,74.7,136,RUN
2023-10-26 10:21:39,P-Usine_A-000137,290.7,1.47,59.9,137,RUN
2023-10-26 10:20:25,P-Usine_A-000138,327.1,0.63,68.1,138,RUN
2023-10-26 10:20:37,P-Usine_A-000139,296.5,1.18,78.6,139,RUN
2023-10-26 10:23:09,P-Usine_A-000140,346.4,0.94,50.9,140,RUN
2023-10-26 10:22:34,P-Usine_A-000141,295.4,1.27,65.6,141,RUN
2023-10-26 10:20:22,P-Usine_A-000142,330.5,0.8,51.6,142,RUN
2023-10-26 10:24:57,P-Usine_A-000143,255.7,1.63,50.9,143,RUN
2023-10-26 10:24:57,P-Usine_A-000143,255.7,1.63,50.9,143,RUN
2023-10-26 10:22:07,P-Usine_A-000144,285.8,0.57,78.6,144,RUN
2023-10-26 10:29:10,P-Usine_A-000145,266.0,0.97,79.8,145,RUN
2023-10-26 10:27:13,P-Usine_A-000146,280.7,1.65,57.1,146,RUN
2023-10-26 10:28:54,P-Usine_A-000147,288.1,1.13,50.3,147,RUN
2023-10-26 10:23:53,P-Usine_A-000148,324.0,1.47,76.5,148,RUN
2023-10-26 10:29:07,P-Usine_A-000149,323.9,1.1,59.6,149,RUN
2023-10-26 10:28:38,,308.0,1.1,71.5,150,RUN
2023-10-26 10:29:06,P-Usine_A-000151,299.4,1.67,52.5,151,RUN
2023-10-26 10:36:01,P-Usine_A-000152,339.5,1.12,79.0,152,RUN
2023-10-26 10:35:11,P-Usine_A-000153,313.3,1.82,72.1,153,RUN
2023-10-26 10:33:51,P-Usine_A-000154,274.3,1.54,52.3,154,RUN
2023-10-26 10:34:11,P-Usine_A-000155,258.1,0.73,79.4,155,RUN
2023-10-26 10:41:14,P-Usine_A-000156,276.5,1.61,67.5,156,RUN
2023-10-26 10:37:25,P-Usine_A-000157,316.3,1.69,51.1,157,RUN
2023-10-26 10:38:35,P-Usine_A-000158,269.2,0.76,67.7,158,RUN
2023-10-26 10:42:45,P-Usine_A-000159,344.6,0.67,55.6,159,RUN
2023-10-26 10:39:07,P-Usine_A-000160,271.1,0.75,72.9,160,RUN
2023-10-26 10:38:48,P-Usine_A-000161,311.2,0.93,68.3,161,RUN
2023-10-26 10:38:53,P-Usine_A-000162,277.9,1.88,77.3,162,RUN
2023-10-26 10:41:04,P-Usine_A-000163,284.5,1.71,59.7,163,RUN
2023-10-26 10:43:50,P-Usine_A-000164,306.8,1.87,63.6,164,RUN
2023-10-26 10:49:47,P-Usine_A-000165,326.8,1.24,61.3,165,RUN
2023-10-26 10:51:29,P-Usine_A-000166,344.6,1.95,65.3,166,RUN
2023-10-26 10:45:01,P-Usine_A-000167,338.8,0.9,58.3,167,RUN
2023-10-26 10:49:12,P-Usine_A-000168,316.1,1.79,80.0,168,RUN
,P-Usine_A-000169,295.3,1.54,55.2,169,RUN
2023-10-26 10:46:21,P-Usine_A-000170,286.9,1.86,69.2,170,RUN
2023-10-26 10:47:06,P-Usine_A-000171,337.6,1.56,71.2,171,RUN
2023-10-26 10:50:28,P-Usine_A-000172,263.7,0.87,64.6,172,RUN
2023-10-26 10:58:38,P-Usine_A-000173,280.4,1.49,74.8,173,RUN
2023-10-26 10:56:13,P-Usine_A-000174,328.5,1.77,68.8,174,RUN
2023-10-26 10:53:40,P-Usine_A-000175,299.6,1.99,65.7,175,RUN
2023-10-26 10:56:22,P-Usine_A-000176,330.9,1.9,76.2,176,RUN
2023-10-26 11:00:35,P-Usine_A-000177,263.2,1.6,62.4,177,RUN
2023-10-26 10:58:17,P-Usine_A-000178,254.1,0.81,52.6,178,RUN
2023-10-26 11:04:25,P-Usine_A-000179,327.0,0.89,66.8,179,RUN
2023-10-26 10:58:45,P-Usine_A-000180,320.6,0.76,59.0,180,RUN
2023-10-26 11:02:58,P-Usine_A-000181,336.4,1.88,52.2,181,RUN
2023-10-26 11:04:31,P-Usine_A-000182,258.4,1.43,78.6,182,RUN
2023-10-26 11:04:39,P-Usine_A-000183,278.2,1.4,67.7,183,RUN
2023-10-26 11:07:42,P-Usine_A-000184,266.5,0.56,58.9,184,RUN
2023-10-26 11:06:57,P-Usine_A-000185,297.0,0.86,57.0,185,RUN
2023-10-26 11:02:57,P-Usine_A-000186,340.8,0.72,58.2,186,RUN
2023-10-26 11:09:38,P-Usine_A-000187,265.9,0.52,53.7,187,RUN
2023-10-26 11:08:06,P-Usine_A-000188,274.9,1.35,54.2,188,RUN
2023-10-26 11:07:21,P-Usine_A-000189,346.3,1.45,78.3,189,RUN
2023-10-26 11:08:53,P-Usine_A-000190,304.7,1.92,53.2,190,RUN
2023-10-26 11:11:04,P-Usine_A-000191,252.6,1.1,61.4,191,RUN
2023-10-26 11:11:18,P-Usine_A-000192,283.4,1.42,57.5,192,RUN
2023-10-26 11:09:07,P-Usine_A-000193,316.3,1.43,67.4,193,RUN
2023-10-26 11:17:28,P-Usine_A-000194,331.5,0.5,51.5,194,RUN
2023-10-26 11:14:36,P-Usine_A-000195,252.4,0.96,77.6,195,RUN
2023-10-26 11:15:22,P-Usine_A-000196,258.5,1.51,57.5,196,RUN
2023-10-26 11:16:35,P-Usine_A-000197,301.8,1.96,54.8,197,RUN
2023-10-26 11:19:10,P-Usine_A-000198,284.6,0.89,61.5,198,RUN
2023-10-26 11:15:29,P-Usine_A-000199,270.9,0.7,70.5,199,RUN
2023-10-26 11:19:50,P-Usine_A-000200,317.9,1.5,62.8,200,RUN
2023-10-26 11:23:15,P-Usine_A-000201,277.7,0.71,70.5,201,RUN
2023-10-26 11:18:26,P-Usine_A-000202,299.7,1.59,79.5,202,RUN
2023-10-26 11:18:57,P-Usine_A-000203,312.6,0.67,60.6,203,RUN
2023-10-26 11:25:08,P-Usine_A-000204,276.7,0.78,51.4,204,RUN
2023-10-26 11:26:12,P-Usine_A-000205,326.6,1.07,71.6,205,RUN
2023-10-26 11:28:28,P-Usine_A-000206,336.5,1.84,71.1,206,RUN
2023-10-26 11:32:17,P-Usine_A-000207,327.6,0.64,55.2,207,RUN
2023-10-26 11:29:56,P-Usine_A-000208,254.1,1.81,50.4,208,RUN
2023-10-26 11:26:13,P-Usine_A-000209,316.3,0.79,53.8,209,RUN
2023-10-26 11:29:07,P-Usine_A-000210,343.0,1.18,64.5,210,RUN
2023-10-26 11:30:55,P-Usine_A-000211,292.9,1.66,69.0,211,RUN
2023-10-26 11:28:18,P-Usine_A-000212,344.5,1.81,71.1,212,RUN
2023-10-26 11:30:39,P-Usine_A-000213,274.0,1.11,52.6,213,RUN
2023-10-26 11:30:33,P-Usine_A-000214,,1.92,61.9,214,RUN
2023-10-26 11:32:13,P-Usine_A-000215,277.6,0.72,77.0,215,RUN
2023-10-26 11:35:38,P-Usine_A-000216,254.2,1.1,62.7,216,RUN
2023-10-26 11:39:56,P-Usine_A-000217,290.3,0.59,60.9,217,RUN
2023-10-26 11:36:02,P-Usine_A-000218,348.1,1.53,53.0,218,RUN
2023-10-26 11:38:19,P-Usine_A-000219,340.7,1.32,63.2,219,RUN
2023-10-26 11:40:52,P-Usine_A-000220,340.4,1.03,55.6,220,RUN
2023-10-26 11:44:21,P-Usine_A-000221,267.2,0.68,69.6,221,RUN
2023-10-26 11:46:34,P-Usine_A-000222,341.3,1.13,79.9,222,RUN
2023-10-26 11:39:33,P-Usine_A-000223,299.3,0.51,50.3,223,RUN
2023-10-26 11:39:33,P-Usine_A-000223,299.3,0.51,50.3,223,RUN
2023-10-26 11:45:25,P-Usine_A-000224,285.6,1.19,73.0,224,RUN
2023-10-26 11:44:57,P-Usine_A-000225,272.1,,77.7,225,RUN
2023-10-26 11:46:38,P-Usine_A-000226,267.9,1.58,56.5,226,RUN
2023-10-26 11:48:54,P-Usine_A-000227,280.4,0.74,999.9,227,RUN
2023-10-26 11:51:23,P-Usine_A-000228,310.7,0.61,68.2,228,RUN
2023-10-26 11:50:07,P-Usine_A-000229,274.3,1.09,67.2,229,RUN
2023-10-26 11:53:17,P-Usine_A-000230,287.0,1.86,62.3,230,RUN
2023-10-26 11:54:38,P-Usine_A-000231,251.6,1.09,74.4,231,RUN
2023-10-26 11:51:22,P-Usine_A-000232,322.2,1.65,78.7,232,RUN
2023-10-26 11:52:24,P-Usine_A-000233,314.3,1.87,75.1,233,RUN
2023-10-26 11:53:58,P-Usine_A-000234,259.6,0.82,59.2,234,RUN
2023-10-26 11:52:58,P-Usine_A-000235,325.8,0.81,72.9,235,RUN
2023-10-26 11:56:33,P-Usine_A-000236,275.4,0.57,61.5,236,RUN
2023-10-26 11:56:09,P-Usine_A-000237,258.0,1.4,68.9,237,RUN
2023-10-26 11:53:12,P-Usine_A-000238,270.6,1.18,78.2,238,RUN
2023-10-26 11:58:38,,283.2,1.77,77.0,239,RUN
2023-10-26 11:56:31,P-Usine_A-000240,318.5,0.53,55.4,240,RUN
2023-10-26 12:00:09,P-Usine_A-000241,266.3,0.77,57.2,241,RUN
2023-10-26 12:00:43,P-Usine_A-000242,342.7,1.84,53.4,242,RUN
2023-10-26 12:00:30,P-Usine_A-000243,287.7,0.88,67.1,243,RUN
2023-10-26 12:01:30,P-Usine_A-000244,323.0,1.7,73.3,244,RUN
2023-10-26 12:02:56,P-Usine_A-000245,273.3,0.65,62.2,245,RUN
2023-10-26 12:01:35,P-Usine_A-000246,325.9,1.82,65.4,246,RUN
2023-10-26 12:03:02,P-Usine_A-000247,999.9,1.55,75.5,247,RUN
2023-10-26 12:06:21,P-Usine_A-000248,258.6,0.93,53.0,248,RUN
2023-10-26 12:13:38,P-Usine_A-000249,262.0,1.43,52.7,249,RUN
2023-10-26 12:08:29,P-Usine_A-000250,345.7,1.48,71.7,250,RUN
2023-10-26 12:09:00,P-Usine_A-000251,268.3,1.73,51.4,251,RUN
2023-10-26 12:14:03,P-Usine_A-000252,348.4,0.95,76.5,252,RUN
2023-10-26 12:12:54,P-Usine_A-000253,289.5,1.76,57.4,253,RUN
2023-10-26 12:13:36,P-Usine_A-000254,250.8,0.87,60.1,254,RUN
2023-10-26 12:15:10,P-Usine_A-000255,279.5,1.48,58.0,255,RUN
2023-10-26 12:13:21,P-Usine_A-000256,284.5,0.58,61.7,256,RUN
2023-10-26 12:12:27,P-Usine_A-000257,329.4,1.16,69.9,257,RUN
2023-10-26 12:17:13,P-Usine_A-000258,271.7,999.9,57.5,258,RUN
2023-10-26 12:14:27,P-Usine_A-000259,346.7,0.78,61.8,259,RUN
2023-10-26 12:21:02,P-Usine_A-000260,318.0,1.64,72.8,260,RUN
2023-10-26 12:24:02,P-Usine_A-000261,347.0,1.2,64.2,261,RUN
2023-10-26 12:19:46,P-Usine_A-000262,285.3,0.83,999.9,262,RUN
2023-10-26 12:24:51,P-Usine_A-000263,289.1,1.87,67.8,263,RUN
2023-10-26 12:24:37,P-Usine_A-000264,277.4,0.96,80.0,264,RUN
2023-10-26 12:29:55,P-Usine_A-000265,268.1,1.53,60.5,265,RUN
2023-10-26 12:28:17,P-Usine_A-000266,317.0,1.07,54.1,266,RUN
2023-10-26 12:26:59,P-Usine_A-000267,264.2,1.53,62.9,267,RUN
2023-10-26 12:23:20,P-Usine_A-000268,254.4,1.51,56.7,268,RUN
2023-10-26 12:25:44,P-Usine_A-000269,277.1,1.22,61.7,269,RUN
2023-10-26 12:32:00,P-Usine_A-000270,279.7,1.73,63.7,270,RUN
2023-10-26 12:33:40,P-Usine_A-000271,285.2,1.84,53.9,271,RUN
2023-10-26 12:35:55,P-Usine_A-000272,303.3,1.34,52.5,272,RUN
2023-10-26 12:28:35,P-Usine_A-000273,277.9,0.63,52.4,273,RUN
2023-10-26 12:34:16,P-Usine_A-000274,333.0,1.94,76.7,274,RUN
2023-10-26 12:32:26,P-Usine_A-000275,308.8,0.72,79.8,275,RUN
2023-10-26 12:31:22,P-Usine_A-000276,999.9,1.83,77.1,276,RUN
2023-10-26 12:33:12,P-Usine_A-000277,314.7,1.21,64.0,277,RUN
2023-10-26 12:35:55,P-Usine_A-000278,321.2,0.8,59.0,278,RUN
2023-10-26 12:42:06,P-Usine_A-000279,275.9,0.81,59.0,279,RUN
2023-10-26 12:35:11,P-Usine_A-000280,282.6,1.97,76.3,280,RUN
2023-10-26 12:36:15,P-Usine_A-000281,300.8,0.71,52.4,281,RUN
2023-10-26 12:38:43,P-Usine_A-000282,342.9,1.79,69.6,282,RUN
2023-10-26 12:45:41,P-Usine_A-000283,272.8,1.02,51.6,283,RUN
2023-10-26 12:42:16,P-Usine_A-000284,252.1,1.12,78.0,284,RUN
2023-10-26 12:44:53,P-Usine_A-000285,288.4,0.61,71.4,285,RUN
2023-10-26 12:44:01,P-Usine_A-000286,285.8,1.32,77.7,286,RUN
2023-10-26 12:50:19,P-Usine_A-000287,298.6,0.68,53.3,287,RUN
2023-10-26 12:52:07,P-Usine_A-000288,999.9,1.04,75.0,288,RUN
2023-10-26 12:48:56,P-Usine_A-000289,346.2,0.69,70.1,289,RUN
2023-10-26 12:46:30,P-Usine_A-000290,315.7,0.95,71.7,290,RUN
2023-10-26 12:46:29,P-Usine_A-000291,296.8,1.59,71.5,291,RUN
2023-10-26 12:47:11,P-Usine_A-000292,336.9,1.08,56.5,292,RUN
2023-10-26 12:49:53,P-Usine_A-000293,250.3,1.68,65.1,293,RUN
2023-10-26 12:50:34,P-Usine_A-000294,340.1,1.28,59.2,294,RUN
2023-10-26 12:56:26,P-Usine_A-000295,334.3,0.89,70.5,295,RUN
2023-10-26 12:56:49,P-Usine_A-000296,302.0,1.23,53.3,296,RUN
2023-10-26 12:58:13,P-Usine_A-000297,331.3,1.18,63.4,297,RUN
2023-10-26 13:01:48,P-Usine_A-000298,327.7,1.49,79.6,298,RUN
2023-10-26 13:01:01,P-Usine_A-000299,270.4,1.85,70.6,299,RUN
2023-10-26 12:59:37,P-Usine_A-000300,307.0,1.44,64.1,300,RUN
2023-10-26 13:01:48,P-Usine_A-000301,293.4,0.9,78.5,301,RUN
2023-10-26 12:58:23,P-Usine_A-000302,296.9,1.58,59.5,302,RUN
2023-10-26 12:59:34,P-Usine_A-000303,286.7,1.69,73.7,303,RUN
2023-10-26 13:05:17,P-Usine_A-000304,313.2,0.6,54.0,304,RUN
2023-10-26 13:01:48,P-Usine_A-000305,342.1,1.15,75.2,305,RUN
2023-10-26 13:04:50,P-Usine_A-000306,300.1,0.94,50.8,306,RUN
2023-10-26 13:06:27,P-Usine_A-000307,314.0,1.94,56.8,307,RUN
2023-10-26 13:08:58,P-Usine_A-000308,267.2,1.14,55.9,308,RUN
2023-10-26 13:06:54,P-Usine_A-000309,312.4,1.89,73.5,309,RUN
2023-10-26 13:06:37,P-Usine_A-000310,261.9,0.82,73.8,310,RUN
2023-10-26 13:07:45,P-Usine_A-000311,258.6,1.78,54.9,311,RUN
2023-10-26 13:07:06,P-Usine_A-000312,258.7,999.9,77.8,312,RUN
2023-10-26 13:11:18,P-Usine_A-000313,254.5,1.08,72.0,313,RUN
2023-10-26 13:11:18,P-Usine_A-000313,254.5,1.08,72.0,313,RUN
2023-10-26 13:09:12,P-Usine_A-000314,304.5,1.59,66.0,314,RUN
2023-10-26 13:16:38,P-Usine_A-000315,318.1,1.67,58.2,315,RUN
2023-10-26 13:14:31,P-Usine_A-000316,999.9,1.12,62.5,316,RUN
2023-10-26 13:19:48,P-Usine_A-000317,254.5,1.3,51.9,317,RUN
2023-10-26 13:13:41,P-Usine_A-000318,263.5,1.46,63.7,318,RUN
2023-10-26 13:20:56,P-Usine_A-000319,306.3,1.14,51.7,319,RUN
2023-10-26 13:20:48,P-Usine_A-000320,293.1,0.84,57.6,320,RUN
2023-10-26 13:24:41,P-Usine_A-000321,295.6,1.09,66.1,321,RUN
2023-10-26 13:18:45,P-Usine_A-000322,255.0,1.71,67.3,322,RUN
2023-10-26 13:19:23,P-Usine_A-000323,335.9,1.45,64.7,323,RUN
2023-10-26 13:21:47,P-Usine_A-000324,344.9,1.0,51.4,324,RUN
2023-10-26 13:23:43,P-Usine_A-000325,327.8,0.97,52.1,325,RUN
2023-10-26 13:28:50,P-Usine_A-000326,999.9,0.69,66.1,326,RUN
2023-10-26 13:25:07,P-Usine_A-000327,326.0,1.05,72.2,327,RUN
2023-10-26 13:28:53,P-Usine_A-000328,344.5,1.69,78.5,328,RUN
2023-10-26 13:27:22,P-Usine_A-000329,304.9,1.67,70.1,329,RUN
2023-10-26 13:29:16,P-Usine_A-000330,346.9,1.58,66.7,330,RUN
2023-10-26 13:35:25,P-Usine_A-000331,277.7,1.89,62.1,331,RUN
2023-10-26 13:33:57,P-Usine_A-000332,325.2,1.84,68.0,332,RUN
2023-10-26 13:31:12,P-Usine_A-000333,309.2,1.44,70.6,333,RUN
2023-10-26 13:30:53,P-Usine_A-000334,315.9,1.78,70.9,334,RUN
2023-10-26 13:30:53,P-Usine_A-000334,315.9,1.78,70.9,334,RUN
2023-10-26 13:37:51,P-Usine_A-000335,314.5,1.85,67.0,335,RUN
2023-10-26 13:33:50,P-Usine_A-000336,307.5,1.68,63.2,336,RUN
2023-10-26 13:40:09,P-Usine_A-000337,261.2,1.94,64.0,337,RUN
2023-10-26 13:41:03,P-Usine_A-000338,305.7,1.37,69.8,338,RUN
2023-10-26 13:43:55,P-Usine_A-000339,307.7,1.55,70.1,339,RUN
2023-10-26 13:43:29,P-Usine_A-000340,339.9,1.58,58.9,340,RUN
2023-10-26 13:39:56,P-Usine_A-000341,273.2,1.04,78.6,341,RUN
2023-10-26 13:46:34,P-Usine_A-000342,,0.9,52.6,342,RUN
2023-10-26 13:40:59,P-Usine_A-000343,338.3,1.41,54.9,343,RUN
2023-10-26 13:43:24,P-Usine_A-000344,349.0,1.19,75.0,344,RUN
2023-10-26 13:49:07,P-Usine_A-000345,342.4,0.8,54.3,345,RUN
2023-10-26 13:45:07,P-Usine_A-000346,330.2,999.9,60.6,346,RUN
2023-10-26 13:48:26,P-Usine_A-000347,253.6,1.26,69.3,347,RUN
2023-10-26 13:49:15,P-Usine_A-000348,289.9,0.59,67.0,348,RUN
2023-10-26 13:44:18,P-Usine_A-000349,278.0,1.34,56.6,349,RUN
2023-10-26 13:47:38,P-Usine_A-000350,349.3,1.19,79.1,999.9,RUN
2023-10-26 13:55:01,P-Usine_A-000351,280.7,0.72,54.5,351,RUN
2023-10-26 13:50:53,P-Usine_A-000352,295.1,1.53,78.8,352,RUN
2023-10-26 13:50:38,P-Usine_A-000353,293.2,1.39,63.7,353,RUN
2023-10-26 13:55:54,P-Usine_A-000354,263.8,0.89,62.6,354,RUN
2023-10-26 13:50:40,P-Usine_A-000355,266.7,1.56,79.4,355,RUN
2023-10-26 13:56:15,P-Usine_A-000356,270.2,1.18,79.1,356,RUN
2023-10-26 14:01:28,P-Usine_A-000357,270.0,0.57,57.6,357,RUN
2023-10-26 13:54:29,P-Usine_A-000358,260.6,0.65,67.4,358,RUN
2023-10-26 14:03:27,P-Usine_A-000359,291.1,1.6,69.1,359,RUN
2023-10-26 14:01:12,P-Usine_A-000360,315.6,1.23,73.0,360,RUN
2023-10-26 14:01:51,P-Usine_A-000361,302.4,1.6,60.8,361,RUN
2023-10-26 13:59:56,P-Usine_A-000362,332.0,1.65,52.3,362,RUN
2023-10-26 13:58:22,P-Usine_A-000363,298.0,1.35,79.1,363,RUN
2023-10-26 14:03:21,P-Usine_A-000364,330.0,1.33,62.1,364,RUN
2023-10-26 14:08:06,P-Usine_A-000365,316.8,1.19,58.2,365,RUN
2023-10-26 14:07:54,P-Usine_A-000366,306.2,0.53,56.1,366,RUN
2023-10-26 14:09:12,P-Usine_A-000367,251.5,1.69,59.7,367,RUN
2023-10-26 14:08:57,P-Usine_A-000368,252.6,0.86,66.4,368,RUN
2023-10-26 14:12:43,P-Usine_A-000369,341.3,0.53,55.7,369,RUN
2023-10-26 14:08:07,P-Usine_A-000370,257.9,0.7,54.7,370,RUN
2023-10-26 14:15:29,P-Usine_A-000371,288.1,0.63,52.1,371,RUN
2023-10-26 14:08:53,P-Usine_A-000372,275.8,1.39,79.4,372,RUN
2023-10-26 14:14:50,P-Usine_A-000373,274.5,1.09,54.2,373,RUN
2023-10-26 14:11:33,P-Usine_A-000374,256.8,1.34,63.4,374,RUN
2023-10-26 14:17:48,P-Usine_A-000375,286.9,1.51,71.6,375,RUN
2023-10-26 14:20:15,P-Usine_A-000376,999.9,1.08,58.8,376,RUN
2023-10-26 14:13:57,P-Usine_A-000377,342.8,0.64,79.9,377,RUN
2023-10-26 14:21:34,P-Usine_A-000378,264.4,1.81,71.2,378,RUN
2023-10-26 14:17:08,P-Usine_A-000379,271.0,999.9,68.9,379,RUN
2023-10-26 14:20:09,P-Usine_A-000380,299.8,1.79,53.6,380,RUN
2023-10-26 14:21:52,P-Usine_A-000381,285.5,1.8,50.5,381,RUN
2023-10-26 14:25:02,P-Usine_A-000382,330.3,1.75,60.3,382,RUN
2023-10-26 14:24:10,P-Usine_A-000383,281.5,1.19,69.2,383,RUN
2023-10-26 14:26:06,P-Usine_A-000384,311.1,1.36,63.2,384,RUN
2023-10-26 14:22:09,P-Usine_A-000385,313.3,1.04,76.1,385,RUN
2023-10-26 14:23:05,P-Usine_A-000386,285.5,0.89,67.3,386,RUN
2023-10-26 14:22:30,P-Usine_A-000387,294.4,0.65,57.7,387,RUN
2023-10-26 14:24:13,P-Usine_A-000388,256.2,0.57,67.9,388,RUN
2023-10-26 14:33:41,P-Usine_A-000389,261.7,0.86,72.5,389,RUN
2023-10-26 14:27:40,P-Usine_A-000390,325.5,1.71,55.4,390,RUN
2023-10-26 14:34:38,P-Usine_A-000391,295.9,1.49,79.3,391,RUN
2023-10-26 14:27:27,P-Usine_A-000392,267.4,1.52,58.2,392,RUN
2023-10-26 14:35:35,P-Usine_A-000393,257.1,1.48,63.8,393,RUN
2023-10-26 14:37:59,P-Usine_A-000394,251.4,0.69,69.4,394,RUN
2023-10-26 14:31:40,P-Usine_A-000395,294.8,0.84,60.6,999.9,RUN
2023-10-26 14:34:06,P-Usine_A-000396,341.8,1.89,64.4,396,RUN
2023-10-26 14:33:11,P-Usine_A-000397,255.6,1.6,55.8,397,RUN
2023-10-26 14:33:28,P-Usine_A-000398,326.3,0.83,56.0,398,RUN
2023-10-26 14:41:57,P-Usine_A-000399,303.6,1.38,76.0,399,RUN
2023-10-26 14:37:32,P-Usine_A-000400,346.9,1.4,53.1,400,RUN
2023-10-26 14:40:01,P-Usine_A-000401,329.7,1.42,999.9,401,RUN
2023-10-26 14:46:06,P-Usine_A-000402,291.0,1.41,65.6,402,RUN
2023-10-26 14:42:08,P-Usine_A-000403,286.3,1.75,76.8,403,RUN
2023-10-26 14:41:03,P-Usine_A-000404,330.4,1.08,75.0,404,RUN
2023-10-26 14:46:19,P-Usine_A-000405,283.5,0.84,73.4,405,RUN
2023-10-26 14:44:55,P-Usine_A-000406,341.9,1.05,51.6,406,RUN
2023-10-26 14:44:51,P-Usine_A-000407,306.8,0.51,63.5,407,RUN
2023-10-26 14:49:58,P-Usine_A-000408,259.4,1.74,57.9,408,RUN
2023-10-26 14:49:58,P-Usine_A-000408,259.4,1.74,57.9,408,RUN
2023-10-26 14:51:37,P-Usine_A-000409,323.9,1.61,77.9,409,RUN
2023-10-26 14:48:12,P-Usine_A-000410,281.1,1.6,62.2,410,RUN
2023-10-26 14:51:06,P-Usine_A-000411,321.3,1.5,79.9,411,RUN
2023-10-26 14:49:29,P-Usine_A-000412,252.4,0.51,66.8,412,RUN
2023-10-26 14:57:42,P-Usine_A-000413,250.3,1.34,64.3,413,RUN
2023-10-26 14:52:19,P-Usine_A-000414,285.9,1.03,58.2,414,RUN
2023-10-26 14:55:21,P-Usine_A-000415,285.6,0.52,58.0,415,RUN
2023-10-26 14:52:28,P-Usine_A-000416,304.0,0.56,61.3,416,RUN
2023-10-26 14:57:22,P-Usine_A-000417,297.1,0.61,72.1,417,RUN
2023-10-26 14:59:07,P-Usine_A-000418,259.3,1.06,64.2,418,RUN
2023-10-26 14:58:40,P-Usine_A-000419,343.6,1.9,60.3,419,RUN
2023-10-26 15:05:21,P-Usine_A-000420,283.5,1.88,69.9,420,RUN
2023-10-26 15:04:02,P-Usine_A-000421,308.0,1.35,78.8,421,RUN
2023-10-26 15:01:30,P-Usine_A-000422,269.4,1.18,67.3,422,RUN
2023-10-26 15:06:02,P-Usine_A-000423,277.9,1.18,50.5,423,RUN
2023-10-26 15:08:54,P-Usine_A-000424,320.1,0.83,58.1,424,RUN
2023-10-26 15:10:07,P-Usine_A-000425,295.9,1.96,56.0,425,RUN
2023-10-26 15:02:54,P-Usine_A-000426,307.6,1.45,66.0,426,RUN
2023-10-26 15:11:36,P-Usine_A-000427,332.3,1.05,53.1,427,RUN
2023-10-26 15:13:07,P-Usine_A-000428,334.9,0.83,61.7,428,RUN
2023-10-26 15:04:32,P-Usine_A-000429,330.3,0.86,51.9,429,RUN
2023-10-26 15:13:10,P-Usine_A-000430,333.1,0.95,62.5,430,RUN
2023-10-26 15:13:05,P-Usine_A-000431,299.1,0.57,52.1,431,RUN
2023-10-26 15:09:36,P-Usine_A-000432,323.8,1.46,52.0,432,RUN
2023-10-26 15:16:51,P-Usine_A-000433,325.6,1.74,72.2,433,
2023-10-26 15:17:52,P-Usine_A-000434,272.1,1.3,50.5,434,RUN
2023-10-26 15:18:31,P-Usine_A-000435,286.8,0.61,55.5,435,RUN
2023-10-26 15:15:10,P-Usine_A-000436,314.8,1.46,77.5,436,RUN
2023-10-26 15:16:07,P-Usine_A-000437,290.4,1.42,57.8,437,RUN
2023-10-26 15:17:59,P-Usine_A-000438,349.5,1.45,52.8,438,RUN
2023-10-26 15:19:13,P-Usine_A-000439,271.1,0.63,52.4,439,RUN
2023-10-26 15:19:13,P-Usine_A-000440,273.6,1.7,60.7,440,RUN
2023-10-26 15:20:06,P-Usine_A-000441,284.9,0.93,59.1,441,RUN
2023-10-26 15:21:03,P-Usine_A-000442,307.3,1.09,63.5,442,RUN
2023-10-26 15:22:15,P-Usine_A-000443,273.3,1.49,52.2,443,RUN
2023-10-26 15:21:53,P-Usine_A-000444,288.4,1.29,60.8,444,RUN
2023-10-26 15:25:32,P-Usine_A-000445,310.4,1.0,65.6,445,RUN
2023-10-26 15:25:55,P-Usine_A-000446,270.6,1.04,67.0,446,RUN
2023-10-26 15:32:08,P-Usine_A-000447,313.4,1.53,57.5,447,RUN
2023-10-26 15:31:35,P-Usine_A-000448,288.7,1.51,66.1,448,RUN
2023-10-26 15:30:36,P-Usine_A-000449,328.3,0.97,59.5,449,RUN
2023-10-26 15:31:40,P-Usine_A-000450,294.6,1.22,56.4,450,RUN
2023-10-26 15:31:40,P-Usine_A-000450,294.6,1.22,56.4,450,RUN
2023-10-26 15:35:14,P-Usine_A-000451,331.9,1.27,52.1,999.9,RUN
2023-10-26 15:35:01,P-Usine_A-000452,292.7,1.2,78.6,452,RUN
2023-10-26 15:38:19,P-Usine_A-000453,297.0,0.8,62.9,453,RUN
2023-10-26 15:32:43,P-Usine_A-000454,339.2,1.05,77.7,454,RUN
2023-10-26 15:34:49,P-Usine_A-000455,264.4,1.84,52.5,455,RUN
2023-10-26 15:36:46,P-Usine_A-000456,329.5,1.21,62.7,456,RUN
2023-10-26 15:37:51,P-Usine_A-000457,320.8,0.58,59.0,457,RUN
2023-10-26 15:43:20,P-Usine_A-000458,288.0,999.9,75.3,458,RUN
2023-10-26 15:41:06,P-Usine_A-000459,285.7,0.93,77.2,459,RUN
2023-10-26 15:46:10,P-Usine_A-000460,311.8,1.35,59.0,460,RUN
2023-10-26 15:37:34,P-Usine_A-000461,311.3,0.79,62.8,461,RUN
2023-10-26 15:41:13,P-Usine_A-000462,285.9,1.93,67.9,462,RUN
2023-10-26 15:48:54,P-Usine_A-000463,343.6,999.9,68.2,463,RUN
2023-10-26 15:44:27,P-Usine_A-000464,261.2,1.63,67.0,464,RUN
2023-10-26 15:43:22,P-Usine_A-000465,261.2,1.62,69.9,465,RUN
2023-10-26 15:44:07,P-Usine_A-000466,345.8,0.59,73.3,466,RUN
2023-10-26 15:49:22,P-Usine_A-000467,332.0,1.47,79.8,467,RUN
2023-10-26 15:53:24,P-Usine_A-000468,260.8,1.07,77.4,,RUN
2023-10-26 15:52:41,P-Usine_A-000469,334.7,0.86,51.2,469,RUN
2023-10-26 15:48:40,P-Usine_A-000470,264.2,1.91,76.7,470,RUN
2023-10-26 15:56:54,P-Usine_A-000471,300.2,1.11,73.9,471,RUN
2023-10-26 15:50:40,P-Usine_A-000472,331.5,1.12,70.1,472,RUN
2023-10-26 15:51:44,P-Usine_A-000473,298.2,1.96,75.9,473,RUN
2023-10-26 15:55:20,P-Usine_A-000474,,1.4,62.6,474,RUN
2023-10-26 15:55:05,P-Usine_A-000475,297.2,1.44,79.3,475,RUN
2023-10-26 15:54:25,P-Usine_A-000476,345.9,0.99,69.9,476,RUN
2023-10-26 16:01:58,P-Usine_A-000477,288.5,0.99,77.6,477,RUN
2023-10-26 15:59:46,P-Usine_A-000478,321.9,1.93,64.5,478,RUN
2023-10-26 16:03:42,P-Usine_A-000479,251.3,1.71,51.2,479,RUN
2023-10-26 16:05:48,P-Usine_A-000480,251.4,0.68,78.7,,RUN
2023-10-26 16:01:31,P-Usine_A-000481,266.3,1.37,58.1,481,RUN
2023-10-26 16:06:10,P-Usine_A-000482,348.3,1.83,52.0,482,RUN
2023-10-26 16:02:51,P-Usine_A-000483,301.7,1.05,57.3,483,RUN
2023-10-26 16:10:04,P-Usine_A-000484,264.2,0.88,69.7,484,RUN
2023-10-26 16:04:15,P-Usine_A-000485,342.7,1.91,57.2,485,RUN
2023-10-26 16:11:28,P-Usine_A-000486,329.8,1.42,68.5,486,RUN
2023-10-26 16:04:12,P-Usine_A-000487,315.4,1.63,74.6,487,RUN
2023-10-26 16:06:35,P-Usine_A-000488,335.2,0.75,66.1,488,RUN
2023-10-26 16:10:44,P-Usine_A-000489,343.7,1.81,79.6,489,RUN
2023-10-26 16:15:06,P-Usine_A-000490,260.2,1.21,75.0,490,RUN
2023-10-26 16:16:30,P-Usine_A-000491,338.7,1.07,63.7,491,RUN
2023-10-26 16:18:54,P-Usine_A-000492,330.2,0.95,65.9,492,RUN
2023-10-26 16:13:03,P-Usine_A-000493,304.4,0.65,72.2,493,RUN
2023-10-26 16:13:59,P-Usine_A-000494,275.2,1.64,68.7,494,RUN
2023-10-26 16:18:59,P-Usine_A-000495,273.5,1.46,67.4,495,RUN
2023-10-26 16:18:45,P-Usine_A-000496,269.2,1.74,74.0,496,RUN
2023-10-26 16:19:00,P-Usine_A-000497,310.1,1.96,69.5,497,RUN
2023-10-26 16:20:26,P-Usine_A-000498,348.8,1.47,74.3,498,RUN
2023-10-26 16:20:27,P-Usine_A-000499,265.2,1.19,61.3,499,RUN
2023-10-26 16:18:55,P-Usine_A-000500,999.9,1.18,55.1,500,RUN
2023-10-26 16:23:08,P-Usine_A-000501,318.0,1.02,56.3,501,RUN
2023-10-26 16:22:37,P-Usine_A-000502,329.5,1.78,70.4,502,RUN
2023-10-26 16:26:11,P-Usine_A-000503,338.9,0.91,77.3,503,RUN
2023-10-26 16:24:42,P-Usine_A-000504,300.0,1.24,57.2,504,RUN
2023-10-26 16:24:42,P-Usine_A-000504,300.0,1.24,57.2,504,RUN
2023-10-26 16:22:26,P-Usine_A-000505,265.2,0.82,60.4,505,RUN
2023-10-26 16:31:26,P-Usine_A-000506,320.3,1.7,51.7,506,RUN
2023-10-26 16:32:53,P-Usine_A-000507,315.1,0.92,71.8,507,RUN
2023-10-26 16:34:18,P-Usine_A-000508,314.3,0.71,74.6,508,RUN
2023-10-26 16:31:43,P-Usine_A-000509,340.7,1.15,51.7,509,RUN
2023-10-26 16:29:13,P-Usine_A-000510,347.3,1.28,55.2,510,RUN
2023-10-26 16:35:39,P-Usine_A-000511,307.3,1.66,79.9,511,RUN
2023-10-26 16:30:20,P-Usine_A-000512,318.1,1.28,53.2,512,RUN
2023-10-26 16:34:15,P-Usine_A-000513,311.9,1.06,63.0,513,RUN
2023-10-26 16:33:07,P-Usine_A-000514,333.7,1.91,70.2,514,RUN
2023-10-26 16:38:58,P-Usine_A-000515,276.0,0.64,58.0,515,RUN
2023-10-26 16:39:13,P-Usine_A-000516,251.9,1.14,50.6,516,RUN
2023-10-26 16:42:21,P-Usine_A-000517,281.7,0.51,59.0,517,RUN
2023-10-26 16:40:53,P-Usine_A-000518,255.9,1.04,64.9,518,RUN
2023-10-26 16:40:08,P-Usine_A-000519,318.6,1.42,77.8,519,RUN
2023-10-26 16:38:08,P-Usine_A-000520,348.5,0.57,58.3,520,RUN
2023-10-26 16:42:14,P-Usine_A-000521,305.3,1.9,79.4,521,RUN
2023-10-26 16:40:55,P-Usine_A-000522,328.2,1.25,64.0,522,RUN
2023-10-26 16:41:15,P-Usine_A-000523,283.8,1.13,60.1,523,RUN
2023-10-26 16:42:09,P-Usine_A-000524,999.9,1.7,76.2,524,RUN
2023-10-26 16:45:03,P-Usine_A-000525,301.3,1.98,62.6,525,RUN
2023-10-26 16:45:25,P-Usine_A-000526,270.4,1.76,72.3,526,RUN
2023-10-26 16:49:05,P-Usine_A-000527,331.7,1.24,57.8,527,RUN
2023-10-26 16:54:14,P-Usine_A-000528,326.8,1.02,68.3,528,RUN
2023-10-26 16:46:27,P-Usine_A-000529,338.5,1.17,52.8,529,RUN
2023-10-26 16:49:45,P-Usine_A-000530,326.9,0.95,57.3,530,RUN
2023-10-26 16:52:09,P-Usine_A-000531,301.0,1.73,,531,RUN
2023-10-26 16:49:45,P-Usine_A-000532,288.1,1.39,54.4,532,RUN
2023-10-26 16:59:00,P-Usine_A-000533,313.1,0.79,72.2,533,RUN
2023-10-26 16:57:54,P-Usine_A-000534,263.6,1.23,51.4,534,RUN
2023-10-26 16:56:43,P-Usine_A-000535,293.5,1.36,68.6,535,RUN
2023-10-26 17:02:30,P-Usine_A-000536,264.4,1.19,60.9,536,RUN
2023-10-26 17:01:44,P-Usine_A-000537,346.5,1.28,64.1,999.9,RUN
2023-10-26 16:57:09,P-Usine_A-000538,300.9,0.97,79.7,538,RUN
2023-10-26 17:01:50,P-Usine_A-000539,291.4,0.63,58.2,539,RUN
2023-10-26 17:06:07,P-Usine_A-000540,341.1,1.92,66.7,540,RUN
2023-10-26 17:03:24,P-Usine_A-000541,335.6,0.76,73.6,541,RUN
2023-10-26 17:02:48,P-Usine_A-000542,318.8,1.2,54.8,542,RUN
2023-10-26 17:04:16,P-Usine_A-000543,279.7,1.26,75.9,543,RUN
2023-10-26 17:06:35,P-Usine_A-000544,303.5,1.4,76.9,544,RUN
2023-10-26 17:04:34,P-Usine_A-000545,313.9,0.62,75.9,545,RUN
2023-10-26 17:10:22,P-Usine_A-000546,327.2,0.71,64.6,546,RUN
2023-10-26 17:13:08,P-Usine_A-000547,299.0,1.77,50.7,547,RUN
2023-10-26 17:08:33,P-Usine_A-000548,289.7,1.51,75.8,548,RUN
2023-10-26 17:09:39,P-Usine_A-000549,284.8,1.13,61.1,549,RUN
2023-10-26 17:07:38,P-Usine_A-000550,288.6,0.58,57.8,550,RUN
2023-10-26 17:13:00,P-Usine_A-000551,288.2,1.17,64.9,551,RUN
2023-10-26 17:10:17,P-Usine_A-000552,291.8,1.2,65.3,552,RUN
2023-10-26 17:15:01,P-Usine_A-000553,343.5,1.08,64.2,553,RUN
,P-Usine_A-000554,289.2,0.68,74.6,554,RUN
2023-10-26 17:18:57,P-Usine_A-000555,260.4,0.8,51.6,555,RUN
2023-10-26 17:22:17,P-Usine_A-000556,311.5,1.41,62.7,556,RUN
2023-10-26 17:19:55,P-Usine_A-000557,309.1,0.94,68.1,557,RUN
2023-10-26 17:18:28,,295.0,1.25,69.0,558,RUN
2023-10-26 17:21:38,P-Usine_A-000559,259.4,1.62,60.8,559,RUN
2023-10-26 17:19:13,P-Usine_A-000560,259.8,0.86,73.6,560,RUN
2023-10-26 17:22:41,P-Usine_A-000561,271.3,1.2,60.3,561,RUN
2023-10-26 17:28:09,P-Usine_A-000562,326.4,0.95,77.4,562,RUN
2023-10-26 17:28:10,P-Usine_A-000563,344.8,1.02,77.1,563,RUN
2023-10-26 17:20:34,P-Usine_A-000564,287.7,1.82,60.8,564,RUN
2023-10-26 17:22:40,P-Usine_A-000565,329.1,0.98,66.0,565,RUN
2023-10-26 17:31:31,P-Usine_A-000566,284.2,1.93,59.1,566,RUN
2023-10-26 17:31:01,P-Usine_A-000567,310.9,1.69,75.2,567,RUN
2023-10-26 17:32:12,P-Usine_A-000568,317.5,0.51,76.0,568,RUN
2023-10-26 17:31:03,P-Usine_A-000569,324.0,1.4,70.8,569,RUN
2023-10-26 17:32:39,P-Usine_A-000570,268.9,1.17,59.1,570,RUN
2023-10-26 17:37:06,P-Usine_A-000571,280.2,1.11,66.4,571,RUN
2023-10-26 17:35:16,P-Usine_A-000572,272.1,0.9,74.0,572,RUN
2023-10-26 17:39:43,P-Usine_A-000573,303.6,1.92,50.1,573,RUN
2023-10-26 17:33:50,P-Usine_A-000574,338.1,1.06,53.3,574,RUN
2023-10-26 17:38:45,P-Usine_A-000575,335.4,1.82,65.1,575,RUN
2023-10-26 17:36:43,P-Usine_A-000576,272.4,1.18,58.4,576,RUN
2023-10-26 17:43:04,P-Usine_A-000577,320.3,0.95,72.8,577,RUN
2023-10-26 17:43:45,P-Usine_A-000578,265.2,1.42,77.4,578,RUN
2023-10-26 17:44:19,P-Usine_A-000579,348.2,1.48,51.7,579,RUN
2023-10-26 17:44:32,P-Usine_A-000580,268.2,1.75,74.5,580,RUN
2023-10-26 17:47:08,P-Usine_A-000581,319.1,1.81,67.8,581,RUN
2023-10-26 17:44:52,P-Usine_A-000582,285.7,1.08,59.5,582,RUN
2023-10-26 17:48:09,P-Usine_A-000583,301.0,1.88,999.9,583,RUN
2023-10-26 17:46:30,P-Usine_A-000584,281.3,1.13,78.9,584,RUN
2023-10-26 17:47:56,P-Usine_A-000585,255.6,1.56,75.9,585,RUN
2023-10-26 17:42:41,P-Usine_A-000586,260.8,0.56,69.5,586,RUN
2023-10-26 17:50:44,P-Usine_A-000587,316.1,0.97,57.9,587,RUN
2023-10-26 17:46:44,P-Usine_A-000588,327.5,1.85,65.6,588,RUN
2023-10-26 17:50:29,P-Usine_A-000589,337.4,1.49,73.8,589,RUN
2023-10-26 17:56:11,P-Usine_A-000590,301.5,1.56,71.7,590,RUN
2023-10-26 17:52:57,P-Usine_A-000591,316.4,1.05,78.0,591,RUN
2023-10-26 17:57:18,P-Usine_A-000592,303.4,1.22,56.2,592,RUN
2023-10-26 17:51:57,P-Usine_A-000593,251.0,1.8,62.5,593,RUN
2023-10-26 17:58:22,P-Usine_A-000594,299.9,0.97,79.1,594,RUN
2023-10-26 17:54:19,P-Usine_A-000595,344.4,1.57,50.4,595,RUN
2023-10-26 17:57:23,P-Usine_A-000596,329.1,1.66,70.0,596,RUN
2023-10-26 18:02:17,P-Usine_A-000597,324.3,1.51,61.3,597,RUN
2023-10-26 18:02:17,P-Usine_A-000597,324.3,1.51,61.3,597,RUN
2023-10-26 18:00:26,P-Usine_A-000598,271.4,1.68,76.3,598,RUN
2023-10-26 18:02:19,P-Usine_A-000599,255.6,0.55,69.1,599,RUN
2023-10-26 17:57:02,P-Usine_A-000600,253.0,1.15,78.1,600,RUN
2023-10-26 18:02:00,P-Usine_A-000601,278.9,1.17,78.1,601,RUN
2023-10-26 17:59:48,P-Usine_A-000602,340.6,1.6,79.6,602,RUN
2023-10-26 18:09:29,P-Usine_A-000603,277.7,1.83,65.5,603,RUN
2023-10-26 18:10:31,P-Usine_A-000604,252.8,1.58,75.2,604,RUN
2023-10-26 18:10:19,P-Usine_A-000605,299.9,1.13,64.6,605,RUN
2023-10-26 18:05:38,P-Usine_A-000606,253.5,1.34,65.8,606,RUN
2023-10-26 18:09:35,P-Usine_A-000607,304.2,1.5,68.7,607,RUN
2023-10-26 18:05:43,P-Usine_A-000608,263.7,1.65,68.2,608,RUN
2023-10-26 18:13:27,P-Usine_A-000609,324.2,1.39,57.0,609,RUN
2023-10-26 18:14:37,P-Usine_A-000610,331.3,1.68,69.7,610,RUN
2023-10-26 18:11:49,P-Usine_A-000611,314.1,1.35,57.8,611,RUN
2023-10-26 18:16:21,P-Usine_A-000612,300.6,0.99,77.1,612,RUN
2023-10-26 18:11:03,P-Usine_A-000613,261.4,1.33,68.8,613,RUN
2023-10-26 18:19:21,P-Usine_A-000614,275.4,1.12,54.7,614,RUN
2023-10-26 18:12:29,P-Usine_A-000615,335.2,1.51,70.0,615,RUN
2023-10-26 18:15:23,P-Usine_A-000616,333.5,0.96,69.7,616,RUN
2023-10-26 18:17:18,P-Usine_A-000617,304.4,1.78,57.2,617,RUN
2023-10-26 18:20:57,P-Usine_A-000618,274.0,0.65,70.9,618,RUN
2023-10-26 18:18:19,P-Usine_A-000619,308.9,1.26,71.8,619,RUN
2023-10-26 18:19:48,P-Usine_A-000620,283.0,1.5,64.0,620,RUN
2023-10-26 18:24:24,P-Usine_A-000621,333.4,1.16,77.1,621,RUN
2023-10-26 18:21:28,P-Usine_A-000622,321.1,0.56,72.6,622,RUN
2023-10-26 18:27:04,P-Usine_A-000623,269.7,1.96,76.0,623,RUN
2023-10-26 18:30:54,P-Usine_A-000624,345.5,1.24,54.3,624,RUN
2023-10-26 18:30:55,P-Usine_A-000625,342.4,1.84,78.1,625,RUN
2023-10-26 18:24:39,P-Usine_A-000626,263.7,1.85,69.0,626,RUN
2023-10-26 18:30:22,P-Usine_A-000627,251.3,1.62,59.1,627,RUN
2023-10-26 18:34:26,P-Usine_A-000628,290.6,1.54,64.5,628,RUN
2023-10-26 18:34:26,P-Usine_A-000628,290.6,1.54,64.5,628,RUN
2023-10-26 18:28:48,P-Usine_A-000629,345.7,1.99,70.0,999.9,RUN
2023-10-26 18:32:53,P-Usine_A-000630,340.8,0.98,58.8,630,RUN
2023-10-26 18:30:41,P-Usine_A-000631,282.6,1.8,50.2,631,RUN
2023-10-26 18:30:41,P-Usine_A-000631,282.6,1.8,50.2,631,RUN
2023-10-26 18:34:09,P-Usine_A-000632,311.4,0.88,66.4,632,RUN
2023-10-26 18:33:39,P-Usine_A-000633,334.1,1.77,76.6,633,RUN
2023-10-26 18:41:11,P-Usine_A-000634,259.0,1.65,71.6,634,RUN
2023-10-26 18:40:04,P-Usine_A-000635,321.2,1.11,60.9,635,RUN
2023-10-26 18:33:39,P-Usine_A-000636,339.2,1.66,78.4,636,RUN
2023-10-26 18:36:11,P-Usine_A-000637,291.3,1.41,56.0,637,RUN
2023-10-26 18:39:41,P-Usine_A-000638,322.8,0.54,50.1,638,RUN
2023-10-26 18:36:35,P-Usine_A-000639,333.4,1.63,66.1,,RUN
2023-10-26 18:42:31,P-Usine_A-000640,280.0,1.09,74.4,640,RUN
2023-10-26 18:38:47,P-Usine_A-000641,338.1,0.75,75.4,641,RUN
2023-10-26 18:40:57,P-Usine_A-000642,258.1,1.27,58.0,642,RUN
2023-10-26 18:47:53,P-Usine_A-000643,271.1,1.98,70.2,643,RUN
2023-10-26 18:48:18,P-Usine_A-000644,342.7,1.8,50.3,644,RUN
2023-10-26 18:48:24,P-Usine_A-000645,319.8,0.58,60.6,645,RUN
2023-10-26 18:51:59,P-Usine_A-000646,311.7,1.04,60.2,646,RUN
2023-10-26 18:51:18,P-Usine_A-000647,314.4,0.5,65.3,647,RUN
2023-10-26 18:49:39,P-Usine_A-000648,337.3,999.9,60.9,648,RUN
2023-10-26 18:53:35,P-Usine_A-000649,317.3,1.94,56.0,649,RUN
2023-10-26 18:56:57,P-Usine_A-000650,294.4,,68.1,650,RUN
2023-10-26 18:52:21,P-Usine_A-000651,310.5,0.95,50.4,651,RUN
2023-10-26 18:58:18,P-Usine_A-000652,277.1,1.03,62.6,652,RUN
2023-10-26 18:54:22,P-Usine_A-000653,310.4,1.64,51.8,653,RUN
2023-10-26 18:57:22,P-Usine_A-000654,317.8,0.82,73.2,654,RUN
2023-10-26 18:53:27,P-Usine_A-000655,339.8,0.88,75.5,655,RUN
2023-10-26 18:55:08,P-Usine_A-000656,324.8,0.55,52.3,656,RUN
2023-10-26 18:54:35,P-Usine_A-000657,298.8,1.45,70.2,657,RUN
2023-10-26 18:55:17,P-Usine_A-000658,287.4,0.69,68.1,658,RUN
2023-10-26 18:57:40,,334.4,1.35,62.5,659,RUN
2023-10-26 19:02:28,P-Usine_A-000660,258.9,0.66,59.9,660,RUN
2023-10-26 19:04:01,P-Usine_A-000661,303.1,1.97,74.6,661,RUN
2023-10-26 19:01:48,P-Usine_A-000662,346.0,1.46,63.0,662,RUN
2023-10-26 19:06:54,P-Usine_A-000663,293.4,0.68,56.4,663,RUN
2023-10-26 19:04:40,P-Usine_A-000664,295.5,0.78,58.2,664,RUN
2023-10-26 19:03:16,P-Usine_A-000665,346.1,0.65,67.5,665,RUN
2023-10-26 19:11:58,P-Usine_A-000666,322.7,1.19,51.3,666,RUN
2023-10-26 19:05:44,P-Usine_A-000667,292.9,1.4,58.9,667,
2023-10-26 19:14:11,P-Usine_A-000668,269.5,0.92,74.4,668,RUN
2023-10-26 19:08:01,P-Usine_A-000669,289.8,0.84,62.0,669,RUN
2023-10-26 19:11:36,P-Usine_A-000670,332.3,0.82,60.7,670,RUN
2023-10-26 19:11:36,P-Usine_A-000670,332.3,0.82,60.7,670,RUN
2023-10-26 19:15:23,P-Usine_A-000671,296.8,0.93,68.4,671,RUN
2023-10-26 19:13:31,P-Usine_A-000672,334.8,0.66,56.6,672,RUN
2023-10-26 19:15:57,P-Usine_A-000673,285.5,1.57,67.0,673,RUN
2023-10-26 19:14:13,P-Usine_A-000674,265.6,1.78,78.3,674,RUN
2023-10-26 19:19:51,P-Usine_A-000675,270.3,1.41,51.2,999.9,RUN
2023-10-26 19:12:59,P-Usine_A-000676,311.1,0.82,61.8,676,RUN
2023-10-26 19:19:12,P-Usine_A-000677,258.1,1.66,74.1,677,RUN
2023-10-26 19:21:51,P-Usine_A-000678,277.0,1.71,72.4,678,RUN
2023-10-26 19:21:51,P-Usine_A-000678,277.0,1.71,72.4,678,RUN
2023-10-26 19:23:10,P-Usine_A-000679,999.9,1.69,51.6,679,RUN
2023-10-26 19:19:33,P-Usine_A-000680,322.5,1.41,68.4,680,RUN
2023-10-26 19:25:53,P-Usine_A-000681,327.6,0.56,55.3,681,RUN
2023-10-26 19:25:52,P-Usine_A-000682,289.4,0.73,67.9,682,RUN
2023-10-26 19:19:25,P-Usine_A-000683,268.9,1.29,54.6,683,RUN
2023-10-26 19:28:07,P-Usine_A-000684,349.2,0.54,51.6,684,RUN
2023-10-26 19:22:02,P-Usine_A-000685,301.4,1.2,61.4,685,RUN
2023-10-26 19:24:22,P-Usine_A-000686,275.0,1.08,77.7,686,RUN
2023-10-26 19:32:26,P-Usine_A-000687,304.1,1.44,58.7,687,RUN
2023-10-26 19:34:34,P-Usine_A-000688,337.8,1.46,57.1,688,RUN
2023-10-26 19:30:47,P-Usine_A-000689,290.9,1.69,55.8,689,RUN
2023-10-26 19:29:48,P-Usine_A-000690,275.5,0.65,57.8,690,RUN
2023-10-26 19:34:21,P-Usine_A-000691,338.8,0.57,71.8,691,RUN
2023-10-26 19:32:34,P-Usine_A-000692,336.5,1.72,66.5,692,RUN
2023-10-26 19:33:31,P-Usine_A-000693,337.7,1.87,65.1,693,RUN
2023-10-26 19:37:21,P-Usine_A-000694,333.3,1.63,67.6,694,RUN
2023-10-26 19:35:55,P-Usine_A-000695,257.0,1.4,74.6,695,RUN
2023-10-26 19:42:05,P-Usine_A-000696,348.7,0.95,66.1,696,RUN
2023-10-26 19:41:36,P-Usine_A-000697,257.7,1.32,64.8,697,RUN
2023-10-26 19:41:07,P-Usine_A-000698,345.6,1.43,75.2,698,RUN
2023-10-26 19:38:30,P-Usine_A-000699,253.8,1.47,60.1,699,RUN
2023-10-26 19:45:51,P-Usine_A-000700,260.8,1.32,66.1,700,RUN
2023-10-26 19:44:51,P-Usine_A-000701,272.0,1.36,57.0,701,RUN
2023-10-26 19:38:42,P-Usine_A-000702,288.6,1.65,55.2,702,RUN
2023-10-26 19:48:17,P-Usine_A-000703,345.5,1.93,61.0,703,RUN
2023-10-26 19:44:14,P-Usine_A-000704,251.2,1.86,68.8,704,RUN
2023-10-26 19:42:45,P-Usine_A-000705,285.4,0.72,62.3,705,RUN
2023-10-26 19:51:16,P-Usine_A-000706,256.0,1.17,74.5,706,RUN
2023-10-26 19:49:17,P-Usine_A-000707,288.9,0.66,63.7,707,RUN
2023-10-26 19:53:44,P-Usine_A-000708,252.5,1.16,63.6,708,RUN
2023-10-26 19:53:44,P-Usine_A-000708,252.5,1.16,63.6,708,RUN
2023-10-26 19:50:22,P-Usine_A-000709,314.5,0.53,60.0,709,RUN
2023-10-26 19:51:29,P-Usine_A-000710,312.4,0.6,53.1,710,RUN
2023-10-26 19:50:56,P-Usine_A-000711,289.4,1.64,69.0,711,RUN
2023-10-26 19:50:08,P-Usine_A-000712,259.4,0.56,60.2,712,RUN
2023-10-26 19:52:58,P-Usine_A-000713,312.0,0.84,62.3,713,RUN
2023-10-26 19:58:31,P-Usine_A-000714,287.9,0.61,58.1,714,RUN
2023-10-26 19:59:27,P-Usine_A-000715,275.1,1.75,64.6,715,RUN
2023-10-26 20:00:21,P-Usine_A-000716,321.6,0.69,77.7,716,RUN
2023-10-26 19:54:15,P-Usine_A-000717,281.6,0.97,60.2,717,RUN
2023-10-26 19:58:57,P-Usine_A-000718,290.8,1.1,69.3,718,RUN
2023-10-26 19:55:35,P-Usine_A-000719,328.7,1.28,60.7,719,RUN
2023-10-26 19:58:01,P-Usine_A-000720,263.7,0.84,79.7,720,RUN
2023-10-26 20:01:47,P-Usine_A-000721,333.7,1.19,73.4,721,RUN
2023-10-26 20:01:17,P-Usine_A-000722,266.4,1.86,62.3,722,RUN
2023-10-26 20:04:18,P-Usine_A-000723,333.6,1.81,56.8,723,RUN
2023-10-26 20:00:19,P-Usine_A-000724,,1.66,77.8,724,RUN
2023-10-26 20:01:39,P-Usine_A-000725,316.7,1.01,64.6,725,RUN
2023-10-26 20:06:56,P-Usine_A-000726,333.0,1.01,69.6,726,RUN
2023-10-26 20:08:39,P-Usine_A-000727,273.4,1.58,60.6,727,RUN
2023-10-26 20:06:59,P-Usine_A-000728,346.4,1.69,68.5,728,RUN
2023-10-26 20:07:37,P-Usine_A-000729,290.1,0.71,63.2,729,RUN
2023-10-26 20:10:48,P-Usine_A-000730,323.4,0.68,57.6,730,RUN
2023-10-26 20:11:37,P-Usine_A-000731,266.5,1.43,55.0,731,RUN
2023-10-26 20:14:44,P-Usine_A-000732,274.3,1.86,,732,RUN
2023-10-26 20:17:41,P-Usine_A-000733,263.7,1.99,69.0,733,RUN
2023-10-26 20:17:41,P-Usine_A-000733,263.7,1.99,69.0,733,RUN
2023-10-26 20:10:54,P-Usine_A-000734,273.7,0.81,50.5,734,RUN
2023-10-26 20:13:44,P-Usine_A-000735,318.1,0.74,71.1,735,RUN
2023-10-26 20:17:00,P-Usine_A-000736,284.3,1.18,55.6,736,RUN
2023-10-26 20:21:29,P-Usine_A-000737,303.0,1.12,77.9,737,RUN
2023-10-26 20:18:32,P-Usine_A-000738,320.0,0.51,57.4,738,RUN
2023-10-26 20:23:41,P-Usine_A-000739,261.9,0.71,72.4,739,RUN
2023-10-26 20:23:41,P-Usine_A-000739,261.9,0.71,72.4,739,RUN
2023-10-26 20:27:00,P-Usine_A-000740,261.5,0.67,71.4,740,RUN
2023-10-26 20:25:51,P-Usine_A-000741,327.8,1.4,57.1,741,RUN
2023-10-26 20:26:53,P-Usine_A-000742,290.5,1.05,63.1,742,RUN
2023-10-26 20:20:32,P-Usine_A-000743,318.2,1.98,71.6,743,RUN
2023-10-26 20:24:07,P-Usine_A-000744,339.9,0.52,51.8,744,RUN
2023-10-26 20:30:51,P-Usine_A-000745,321.2,0.99,78.9,745,RUN
2023-10-26 20:31:09,P-Usine_A-000746,318.5,1.42,70.2,746,RUN
2023-10-26 20:29:51,P-Usine_A-000747,252.2,1.96,57.4,747,RUN
2023-10-26 20:28:57,P-Usine_A-000748,280.3,0.79,53.5,748,RUN
2023-10-26 20:31:27,P-Usine_A-000749,311.1,0.52,78.5,749,RUN
2023-10-26 20:32:40,P-Usine_A-000750,263.5,1.25,75.6,750,RUN
2023-10-26 20:31:21,P-Usine_A-000751,302.1,1.75,77.3,751,RUN
2023-10-26 20:29:18,P-Usine_A-000752,335.1,1.15,75.4,752,RUN
2023-10-26 20:37:01,P-Usine_A-000753,264.6,1.0,56.7,753,RUN
2023-10-26 20:38:14,P-Usine_A-000754,289.3,0.98,72.4,754,RUN
2023-10-26 20:32:58,P-Usine_A-000755,336.8,0.52,52.7,755,RUN
2023-10-26 20:34:31,P-Usine_A-000756,257.3,0.84,59.1,,RUN
2023-10-26 20:43:41,P-Usine_A-000757,347.2,1.05,62.4,757,RUN
2023-10-26 20:44:31,P-Usine_A-000758,329.6,1.53,50.7,758,RUN
2023-10-26 20:36:12,P-Usine_A-000759,,0.67,59.2,759,RUN
2023-10-26 20:37:41,P-Usine_A-000760,298.3,1.8,58.0,760,RUN
2023-10-26 20:37:41,P-Usine_A-000760,298.3,1.8,58.0,760,RUN
2023-10-26 20:46:46,P-Usine_A-000761,333.8,0.72,57.5,761,RUN
2023-10-26 20:42:19,P-Usine_A-000762,304.9,0.73,73.4,762,RUN
2023-10-26 20:46:02,P-Usine_A-000763,302.7,0.6,66.6,763,RUN
2023-10-26 20:46:07,P-Usine_A-000764,312.0,1.25,76.3,764,RUN
2023-10-26 20:46:25,P-Usine_A-000765,337.3,1.71,57.3,765,RUN
2023-10-26 20:51:23,P-Usine_A-000766,292.8,1.22,65.3,766,RUN
2023-10-26 20:50:19,P-Usine_A-000767,276.3,0.9,73.4,767,RUN
2023-10-26 20:53:20,P-Usine_A-000768,270.7,1.69,56.9,768,RUN
2023-10-26 20:48:37,P-Usine_A-000769,324.0,1.41,58.4,769,RUN
2023-10-26 20:55:20,P-Usine_A-000770,298.2,0.99,71.6,770,RUN
2023-10-26 20:49:28,P-Usine_A-000771,289.9,1.82,76.6,771,RUN
2023-10-26 20:55:25,P-Usine_A-000772,278.6,1.26,71.6,772,RUN
2023-10-26 20:55:01,P-Usine_A-000773,271.5,1.73,70.4,773,RUN
2023-10-26 20:51:53,P-Usine_A-000774,285.7,1.14,74.9,774,RUN
2023-10-26 20:57:39,P-Usine_A-000775,279.8,1.33,74.5,775,RUN
2023-10-26 20:59:45,P-Usine_A-000776,345.3,0.57,68.4,776,RUN
2023-10-26 20:59:44,P-Usine_A-000777,257.4,0.83,53.6,777,RUN
2023-10-26 21:02:41,P-Usine_A-000778,307.5,1.98,54.9,778,RUN
2023-10-26 21:00:35,P-Usine_A-000779,301.5,1.93,55.6,779,RUN
2023-10-26 20:57:00,P-Usine_A-000780,335.0,1.51,64.4,780,RUN
2023-10-26 21:04:54,P-Usine_A-000781,257.8,0.8,52.2,781,RUN
2023-10-26 20:58:51,P-Usine_A-000782,257.3,0.56,68.3,782,RUN
2023-10-26 21:06:29,P-Usine_A-000783,296.8,1.36,57.7,783,RUN
2023-10-26 21:08:43,P-Usine_A-000784,273.7,1.24,79.2,784,RUN
2023-10-26 21:02:31,P-Usine_A-000785,301.4,1.53,73.6,785,RUN
2023-10-26 21:08:01,P-Usine_A-000786,261.8,0.79,60.9,786,RUN
2023-10-26 21:04:24,P-Usine_A-000787,257.1,1.94,62.8,787,RUN
2023-10-26 21:12:59,P-Usine_A-000788,300.9,1.61,79.4,788,RUN
2023-10-26 21:14:35,P-Usine_A-000789,277.8,0.82,78.5,789,RUN
2023-10-26 21:08:26,P-Usine_A-000790,266.5,1.89,73.1,790,RUN
2023-10-26 21:11:31,P-Usine_A-000791,314.6,1.64,63.4,791,RUN
2023-10-26 21:15:24,P-Usine_A-000792,309.1,1.68,63.8,792,RUN
2023-10-26 21:12:51,P-Usine_A-000793,309.9,1.88,56.3,793,RUN
2023-10-26 21:20:24,P-Usine_A-000794,254.4,0.52,62.4,794,RUN
2023-10-26 21:19:24,P-Usine_A-000795,313.6,1.11,58.3,795,RUN
2023-10-26 21:20:18,P-Usine_A-000796,278.4,0.53,71.2,796,RUN
2023-10-26 21:21:40,P-Usine_A-000797,325.3,1.0,55.9,797,RUN
2023-10-26 21:22:03,P-Usine_A-000798,346.6,1.92,60.5,798,RUN
2023-10-26 21:18:07,P-Usine_A-000799,348.0,1.52,56.2,799,RUN
2023-10-26 21:25:47,P-Usine_A-000800,308.2,0.7,74.7,800,RUN
2023-10-26 21:26:05,P-Usine_A-000801,251.3,1.34,50.2,801,RUN
2023-10-26 21:27:15,P-Usine_A-000802,315.0,1.79,56.6,802,RUN
2023-10-26 21:24:46,P-Usine_A-000803,282.9,1.75,63.2,803,RUN
2023-10-26 21:26:43,P-Usine_A-000804,266.1,0.53,74.6,804,RUN
2023-10-26 21:28:39,P-Usine_A-000805,333.6,1.53,62.0,805,RUN
2023-10-26 21:29:34,P-Usine_A-000806,316.5,1.14,72.6,806,RUN
2023-10-26 21:24:59,P-Usine_A-000807,252.8,1.3,78.0,807,RUN
2023-10-26 21:30:22,P-Usine_A-000808,260.2,1.53,66.8,808,RUN
2023-10-26 21:31:42,P-Usine_A-000809,320.7,1.56,55.6,809,RUN
2023-10-26 21:32:36,P-Usine_A-000810,294.6,0.85,67.9,810,RUN
2023-10-26 21:32:39,P-Usine_A-000811,267.4,1.43,57.6,811,RUN
2023-10-26 21:34:25,P-Usine_A-000812,324.7,1.69,57.7,812,RUN
2023-10-26 21:38:03,P-Usine_A-000813,328.8,1.44,58.1,813,RUN
2023-10-26 21:40:46,P-Usine_A-000814,294.0,0.88,71.7,814,RUN
2023-10-26 21:38:13,P-Usine_A-000815,344.6,0.54,66.2,815,RUN
2023-10-26 21:38:55,P-Usine_A-000816,269.0,1.77,58.3,999.9,RUN
2023-10-26 21:39:47,P-Usine_A-000817,293.1,1.04,55.3,817,RUN
2023-10-26 21:42:08,P-Usine_A-000818,271.7,0.53,70.6,818,RUN
2023-10-26 21:39:08,P-Usine_A-000819,295.9,1.89,57.9,819,RUN
2023-10-26 21:37:30,P-Usine_A-000820,297.5,1.69,68.2,820,RUN
2023-10-26 21:41:27,P-Usine_A-000821,349.5,0.8,52.3,821,RUN
2023-10-26 21:45:19,P-Usine_A-000822,267.6,0.82,78.4,822,RUN
2023-10-26 21:43:42,P-Usine_A-000823,280.8,0.91,66.1,823,RUN
2023-10-26 21:43:42,P-Usine_A-000823,280.8,0.91,66.1,823,RUN
2023-10-26 21:49:05,P-Usine_A-000824,278.6,1.27,50.7,824,RUN
2023-10-26 21:45:15,P-Usine_A-000825,338.7,1.56,76.9,825,RUN
2023-10-26 21:50:45,P-Usine_A-000826,320.3,1.44,64.9,826,RUN
2023-10-26 21:47:18,P-Usine_A-000827,333.2,0.54,59.2,827,RUN
2023-10-26 21:49:19,P-Usine_A-000828,266.1,0.59,75.2,828,RUN
2023-10-26 21:53:00,P-Usine_A-000829,341.7,1.45,75.1,829,RUN
2023-10-26 21:54:48,P-Usine_A-000830,294.3,0.85,76.4,830,RUN
2023-10-26 21:56:50,P-Usine_A-000831,305.9,0.67,68.5,831,RUN
2023-10-26 21:51:02,P-Usine_A-000832,337.7,1.18,62.7,832,RUN
2023-10-26 21:49:47,P-Usine_A-000833,330.5,1.68,68.1,833,RUN
2023-10-26 21:57:14,P-Usine_A-000834,332.2,1.07,999.9,834,RUN
2023-10-26 21:53:27,P-Usine_A-000835,341.6,1.84,59.1,835,RUN
2023-10-26 22:00:18,P-Usine_A-000836,267.9,1.01,59.1,836,RUN
2023-10-26 21:57:40,P-Usine_A-000837,281.8,1.88,60.1,837,RUN
2023-10-26 21:57:21,P-Usine_A-000838,311.5,0.84,74.5,838,RUN
2023-10-26 22:04:48,P-Usine_A-000839,297.3,1.2,52.3,839,RUN
2023-10-26 21:58:16,P-Usine_A-000840,321.0,2.0,62.2,840,RUN
2023-10-26 22:04:49,P-Usine_A-000841,316.1,0.72,62.0,841,RUN
2023-10-26 22:01:06,P-Usine_A-000842,329.2,0.85,58.6,842,RUN
2023-10-26 22:00:42,P-Usine_A-000843,250.6,1.67,62.9,843,RUN
2023-10-26 22:01:00,P-Usine_A-000844,250.9,1.44,,844,RUN
2023-10-26 22:10:01,P-Usine_A-000845,317.0,1.15,58.0,845,RUN
2023-10-26 22:06:04,P-Usine_A-000846,312.6,1.03,67.5,846,RUN
2023-10-26 22:11:32,P-Usine_A-000847,303.0,0.62,75.0,847,RUN
2023-10-26 22:05:49,P-Usine_A-000848,310.5,1.94,78.3,848,RUN
2023-10-26 22:09:45,P-Usine_A-000849,320.0,0.67,78.6,849,RUN
2023-10-26 22:13:22,P-Usine_A-000850,261.8,0.82,71.0,850,RUN
2023-10-26 22:17:05,P-Usine_A-000851,271.1,1.66,69.1,851,RUN
2023-10-26 22:18:40,P-Usine_A-000852,328.8,0.91,52.4,852,RUN
2023-10-26 22:13:47,P-Usine_A-000853,310.1,1.07,62.0,853,RUN
2023-10-26 22:16:36,P-Usine_A-000854,263.2,1.43,60.6,854,RUN
2023-10-26 22:17:21,P-Usine_A-000855,276.2,1.96,68.3,855,RUN
2023-10-26 22:21:29,P-Usine_A-000856,308.6,1.54,52.7,856,RUN
2023-10-26 22:17:07,P-Usine_A-000857,292.5,0.77,72.0,857,RUN
2023-10-26 22:22:31,P-Usine_A-000858,256.5,0.84,56.3,858,RUN
2023-10-26 22:16:15,P-Usine_A-000859,348.8,0.6,61.3,859,RUN
2023-10-26 22:19:55,P-Usine_A-000860,293.9,0.68,53.4,860,RUN
2023-10-26 22:26:23,P-Usine_A-000861,264.2,1.43,57.6,861,RUN
2023-10-26 22:26:23,P-Usine_A-000861,264.2,1.43,57.6,861,RUN
2023-10-26 22:27:30,P-Usine_A-000862,347.1,0.79,56.4,862,RUN
2023-10-26 22:23:10,P-Usine_A-000863,335.6,0.72,59.5,863,RUN
2023-10-26 22:23:51,P-Usine_A-000864,323.0,1.55,66.3,864,RUN
2023-10-26 22:31:15,P-Usine_A-000865,266.2,0.69,,865,RUN
2023-10-26 22:25:04,P-Usine_A-000866,335.0,0.57,65.1,866,RUN
2023-10-26 22:25:38,P-Usine_A-000867,316.4,0.72,70.8,867,RUN
2023-10-26 22:26:17,P-Usine_A-000868,269.2,1.58,66.4,868,RUN
2023-10-26 22:31:41,P-Usine_A-000869,267.8,1.13,71.4,869,RUN
2023-10-26 22:31:30,P-Usine_A-000870,341.7,1.44,64.2,870,RUN
2023-10-26 22:35:07,P-Usine_A-000871,305.2,1.71,73.1,871,RUN
2023-10-26 22:38:45,P-Usine_A-000872,273.2,1.1,79.2,872,RUN
2023-10-26 22:35:54,P-Usine_A-000873,290.5,1.87,75.5,873,RUN
2023-10-26 22:34:02,P-Usine_A-000874,339.0,1.24,76.9,874,RUN
2023-10-26 22:34:15,P-Usine_A-000875,,1.8,79.8,875,RUN
,P-Usine_A-000876,251.9,1.57,77.4,876,RUN
2023-10-26 22:35:55,P-Usine_A-000877,257.4,0.91,62.5,877,RUN
2023-10-26 22:36:29,P-Usine_A-000878,311.6,1.79,60.3,878,RUN
2023-10-26 22:36:39,P-Usine_A-000879,256.1,0.54,62.8,879,RUN
2023-10-26 22:45:48,P-Usine_A-000880,290.0,1.34,61.2,880,RUN
2023-10-26 22:46:35,P-Usine_A-000881,252.6,0.73,62.5,881,RUN
2023-10-26 22:43:49,P-Usine_A-000882,304.8,1.58,67.4,882,RUN
2023-10-26 22:45:15,P-Usine_A-000883,350.0,1.61,59.0,883,RUN
2023-10-26 22:47:17,P-Usine_A-000884,348.5,0.89,65.1,884,RUN
2023-10-26 22:45:53,P-Usine_A-000885,290.0,1.65,65.3,885,RUN
2023-10-26 22:45:26,P-Usine_A-000886,295.3,1.72,51.3,886,RUN
2023-10-26 22:49:59,P-Usine_A-000887,338.3,1.61,78.7,887,RUN
2023-10-26 22:46:11,P-Usine_A-000888,267.4,0.66,59.2,999.9,RUN
2023-10-26 22:53:53,P-Usine_A-000889,281.0,1.65,62.3,889,RUN
2023-10-26 22:52:40,P-Usine_A-000890,290.5,0.85,56.1,890,RUN
2023-10-26 22:57:45,P-Usine_A-000891,310.9,0.89,51.3,891,RUN
2023-10-26 22:52:02,P-Usine_A-000892,303.3,,72.2,892,RUN
2023-10-26 22:58:55,P-Usine_A-000893,301.3,1.07,51.8,893,RUN
2023-10-26 22:54:27,P-Usine_A-000894,261.7,1.83,57.0,894,RUN
2023-10-26 22:58:18,P-Usine_A-000895,262.3,1.11,63.5,895,RUN
2023-10-26 23:02:40,P-Usine_A-000896,340.5,1.51,50.5,896,RUN
2023-10-26 22:56:34,P-Usine_A-000897,275.7,1.16,70.1,897,RUN
2023-10-26 22:59:59,P-Usine_A-000898,300.4,0.6,79.0,898,RUN
2023-10-26 23:04:16,P-Usine_A-000899,280.0,1.91,65.7,899,RUN
2023-10-26 23:05:36,P-Usine_A-000900,326.7,1.88,77.6,900,RUN
2023-10-26 23:05:00,P-Usine_A-000901,274.2,0.73,61.0,901,RUN
2023-10-26 23:07:07,P-Usine_A-000902,295.1,1.95,60.8,902,RUN
2023-10-26 23:09:02,P-Usine_A-000903,307.7,0.64,57.2,903,RUN
2023-10-26 23:01:52,P-Usine_A-000904,315.3,1.13,71.6,904,RUN
2023-10-26 23:03:35,P-Usine_A-000905,346.7,0.72,64.0,905,RUN
2023-10-26 23:12:27,P-Usine_A-000906,324.5,1.02,55.0,906,RUN
2023-10-26 23:08:56,P-Usine_A-000907,330.2,0.86,68.2,907,RUN
2023-10-26 23:11:00,P-Usine_A-000908,285.3,1.26,54.0,908,RUN
2023-10-26 23:10:20,P-Usine_A-000909,316.0,1.93,52.0,909,RUN
2023-10-26 23:10:20,P-Usine_A-000909,316.0,1.93,52.0,909,RUN
2023-10-26 23:07:33,P-Usine_A-000910,311.2,0.98,75.9,910,RUN
2023-10-26 23:13:02,P-Usine_A-000911,321.6,1.25,73.5,911,RUN
2023-10-26 23:09:17,P-Usine_A-000912,305.2,0.56,69.4,912,RUN
2023-10-26 23:10:23,P-Usine_A-000913,318.0,0.65,59.8,913,RUN
2023-10-26 23:13:39,P-Usine_A-000914,275.1,0.51,59.6,914,RUN
2023-10-26 23:21:15,P-Usine_A-000915,297.3,0.83,62.2,915,RUN
2023-10-26 23:15:02,P-Usine_A-000916,297.2,1.04,78.0,916,RUN
2023-10-26 23:22:22,P-Usine_A-000917,252.1,1.89,69.3,917,RUN
2023-10-26 23:23:57,P-Usine_A-000918,281.4,0.81,68.1,918,RUN
2023-10-26 23:20:15,P-Usine_A-000919,294.7,0.67,66.1,999.9,RUN
2023-10-26 23:17:23,P-Usine_A-000920,264.3,0.54,77.2,920,RUN
2023-10-26 23:19:16,P-Usine_A-000921,294.8,0.73,61.4,921,RUN
2023-10-26 23:27:24,P-Usine_A-000922,338.6,1.48,51.8,999.9,RUN
2023-10-26 23:22:48,P-Usine_A-000923,308.8,1.15,70.7,923,RUN
2023-10-26 23:25:07,P-Usine_A-000924,255.1,0.56,63.8,924,RUN
2023-10-26 23:29:14,P-Usine_A-000925,263.1,1.6,64.5,925,RUN
2023-10-26 23:31:45,P-Usine_A-000926,284.8,1.11,53.5,926,RUN
2023-10-26 23:30:00,P-Usine_A-000927,287.6,999.9,70.2,927,RUN
2023-10-26 23:26:32,P-Usine_A-000928,294.9,0.7,73.0,928,RUN
2023-10-26 23:31:14,P-Usine_A-000929,305.5,0.9,66.5,929,RUN
2023-10-26 23:29:02,P-Usine_A-000930,338.4,1.72,60.9,930,RUN
2023-10-26 23:36:26,P-Usine_A-000931,347.6,0.55,66.8,931,RUN
2023-10-26 23:30:20,P-Usine_A-000932,257.4,1.58,70.5,932,RUN
2023-10-26 23:35:05,P-Usine_A-000933,290.4,1.14,50.5,933,RUN
2023-10-26 23:32:33,P-Usine_A-000934,349.1,0.71,77.7,934,RUN
2023-10-26 23:41:09,P-Usine_A-000935,309.7,1.52,80.0,935,RUN
2023-10-26 23:41:03,P-Usine_A-000936,264.3,1.42,76.9,936,RUN
2023-10-26 23:36:46,P-Usine_A-000937,261.2,1.84,75.0,937,RUN
2023-10-26 23:41:50,P-Usine_A-000938,320.7,0.52,63.8,938,RUN
2023-10-26 23:43:13,P-Usine_A-000939,269.1,0.58,70.9,939,RUN
2023-10-26 23:44:16,P-Usine_A-000940,314.9,0.59,53.5,940,RUN
2023-10-26 23:40:43,P-Usine_A-000941,305.8,1.3,61.9,941,RUN
2023-10-26 23:43:40,P-Usine_A-000942,339.5,0.78,59.9,942,RUN
2023-10-26 23:48:37,P-Usine_A-000943,346.0,1.58,79.7,943,RUN
2023-10-26 23:50:27,P-Usine_A-000944,338.8,0.73,66.6,944,RUN
2023-10-26 23:51:44,P-Usine_A-000945,321.8,1.89,64.3,945,RUN
2023-10-26 23:47:58,P-Usine_A-000946,295.9,1.39,55.6,946,RUN
2023-10-26 23:47:25,P-Usine_A-000947,269.6,1.29,76.8,947,
2023-10-26 23:53:10,P-Usine_A-000948,285.8,0.87,77.1,948,RUN
2023-10-26 23:52:10,P-Usine_A-000949,259.4,0.68,74.9,949,RUN
2023-10-26 23:55:47,P-Usine_A-000950,331.5,1.17,77.1,950,RUN
2023-10-26 23:58:10,P-Usine_A-000951,305.2,0.71,59.9,951,RUN
2023-10-26 23:58:17,P-Usine_A-000952,266.2,1.78,65.6,952,RUN
2023-10-26 23:58:17,P-Usine_A-000952,266.2,1.78,65.6,952,RUN
2023-10-27 00:00:44,P-Usine_A-000953,318.5,1.39,63.9,953,RUN
2023-10-27 00:01:57,P-Usine_A-000954,308.0,1.02,59.8,954,RUN
2023-10-27 00:01:54,P-Usine_A-000955,292.3,1.65,80.0,955,RUN
2023-10-26 23:55:00,P-Usine_A-000956,320.3,1.43,55.1,956,RUN
2023-10-27 00:02:01,P-Usine_A-000957,314.3,0.91,63.7,957,RUN
2023-10-27 00:01:22,P-Usine_A-000958,313.4,0.91,59.4,958,RUN
2023-10-27 00:04:33,P-Usine_A-000959,253.5,1.82,66.2,959,RUN
2023-10-27 00:01:56,P-Usine_A-000960,325.2,1.31,59.4,960,RUN
2023-10-27 00:01:28,P-Usine_A-000961,299.3,1.63,64.9,961,RUN
2023-10-27 00:00:43,P-Usine_A-000962,297.1,0.99,57.4,962,RUN
2023-10-27 00:09:24,P-Usine_A-000963,271.6,1.19,79.2,963,RUN
2023-10-27 00:08:35,P-Usine_A-000964,332.4,1.53,78.2,964,RUN
2023-10-27 00:12:10,P-Usine_A-000965,288.8,0.73,76.5,965,RUN
2023-10-27 00:08:03,P-Usine_A-000966,335.4,0.58,76.3,966,RUN
2023-10-27 00:14:04,P-Usine_A-000967,283.2,1.08,79.7,967,RUN
2023-10-27 00:06:36,P-Usine_A-000968,250.4,0.78,65.1,968,RUN
2023-10-27 00:16:14,P-Usine_A-000969,334.8,1.0,66.9,969,RUN
2023-10-27 00:13:11,P-Usine_A-000970,282.5,1.65,79.0,970,RUN
2023-10-27 00:11:36,P-Usine_A-000971,277.4,1.77,70.4,971,RUN
2023-10-27 00:15:52,P-Usine_A-000972,280.1,1.75,68.7,972,RUN
2023-10-27 00:19:31,P-Usine_A-000973,308.6,1.03,60.4,973,RUN
2023-10-27 00:20:54,P-Usine_A-000974,293.6,0.82,62.2,974,RUN
2023-10-27 00:13:14,P-Usine_A-000975,265.2,1.92,53.2,975,RUN
2023-10-27 00:22:24,P-Usine_A-000976,321.3,1.38,67.1,976,RUN
2023-10-27 00:22:22,P-Usine_A-000977,262.9,1.74,68.0,977,RUN
2023-10-27 00:19:27,P-Usine_A-000978,318.0,1.82,68.6,978,RUN
2023-10-27 00:24:27,P-Usine_A-000979,311.5,0.57,64.4,979,RUN
2023-10-27 00:25:10,P-Usine_A-000980,337.6,1.15,54.7,980,RUN
2023-10-27 00:23:18,P-Usine_A-000981,253.9,1.66,53.9,981,RUN
2023-10-27 00:25:36,P-Usine_A-000982,344.6,0.64,55.4,982,RUN
2023-10-27 00:21:55,P-Usine_A-000983,343.2,0.55,79.1,983,RUN
2023-10-27 00:26:32,P-Usine_A-000984,268.0,1.74,57.3,984,RUN
2023-10-27 00:24:28,P-Usine_A-000985,348.0,1.26,79.7,985,RUN
2023-10-27 00:24:28,P-Usine_A-000985,348.0,1.26,79.7,985,RUN
2023-10-27 00:27:08,P-Usine_A-000986,,1.58,74.3,986,RUN
2023-10-27 00:25:47,P-Usine_A-000987,263.5,1.69,76.5,987,RUN
2023-10-27 00:31:40,P-Usine_A-000988,286.1,1.24,73.5,988,RUN
2023-10-27 00:31:25,P-Usine_A-000989,321.9,0.78,57.6,989,RUN
2023-10-27 00:31:56,P-Usine_A-000990,336.8,1.19,59.4,990,RUN
2023-10-27 00:30:19,P-Usine_A-000991,278.2,1.13,78.0,991,RUN
2023-10-27 00:34:40,P-Usine_A-000992,268.3,1.76,50.1,992,RUN
2023-10-27 00:39:35,P-Usine_A-000993,262.9,0.98,63.6,993,RUN
2023-10-27 00:39:35,P-Usine_A-000994,275.4,1.58,76.5,994,RUN
2023-10-27 00:35:05,P-Usine_A-000995,291.1,0.53,70.6,995,RUN
2023-10-27 00:38:37,P-Usine_A-000996,324.1,1.86,62.4,996,RUN
2023-10-27 00:41:02,P-Usine_A-000997,330.8,1.18,61.5,997,RUN
2023-10-27 00:42:19,P-Usine_A-000998,274.3,1.74,57.8,998,RUN
2023-10-27 00:45:51,P-Usine_A-000999,266.5,1.33,70.3,999,RUN
2023-10-27 00:41:15,P-Usine_A-001000,307.5,1.11,77.3,1000,RUN
