timestamp,part_id,applied_pressure_bar,target_angle,actual_angle,hydraulic_temp_c
2023-10-26 08:03:31,P-Usine_A-000001,204.5,90.0,90.04,46.7
2023-10-26 07:57:18,P-Usine_A-000002,219.0,90.0,90.28,52.8
2023-10-26 08:07:24,P-Usine_A-000003,217.7,90.0,89.97,64.9
2023-10-26 08:07:51,P-Usine_A-000004,207.8,90.0,90.4,55.3
2023-10-26 08:09:22,P-Usine_A-000005,195.6,90.0,90.22,64.7
2023-10-26 08:04:08,P-Usine_A-000006,203.1,90.0,89.88,49.1
2023-10-26 08:07:42,P-Usine_A-000007,198.1,90.0,89.94,46.5
2023-10-26 08:04:46,P-Usine_A-000008,194.7,90.0,89.98,45.1
2023-10-26 08:05:36,P-Usine_A-000009,215.4,90.0,90.72,51.3
2023-10-26 08:14:57,P-Usine_A-000010,194.4,90.0,89.97,55.4
2023-10-26 08:07:33,P-Usine_A-000011,190.4,,89.23,56.0
2023-10-26 08:09:36,P-Usine_A-000012,216.2,90.0,89.73,61.9
2023-10-26 08:15:04,P-Usine_A-000013,207.4,90.0,90.98,45.4
2023-10-26 08:14:08,P-Usine_A-000014,211.1,90.0,89.41,61.1
,P-Usine_A-000015,192.2,90.0,89.74,45.1
2023-10-26 08:16:59,P-Usine_A-000016,182.8,90.0,90.76,52.1
2023-10-26 08:14:07,P-Usine_A-000017,189.6,90.0,89.37,64.0
2023-10-26 08:16:16,P-Usine_A-000018,213.0,90.0,90.04,45.2
2023-10-26 08:16:00,P-Usine_A-000019,216.2,90.0,89.37,55.8
2023-10-26 08:23:44,P-Usine_A-000020,202.1,90.0,89.92,58.3
2023-10-26 08:24:48,P-Usine_A-000021,211.9,90.0,89.38,48.3
2023-10-26 08:27:09,P-Usine_A-000022,205.2,90.0,90.13,65.0
2023-10-26 08:21:02,P-Usine_A-000023,187.8,90.0,88.81,46.9
2023-10-26 08:23:08,P-Usine_A-000024,185.2,90.0,89.77,48.9
2023-10-26 08:23:08,P-Usine_A-000024,185.2,90.0,89.77,48.9
2023-10-26 08:22:53,P-Usine_A-000025,202.0,90.0,89.91,49.1
2023-10-26 08:29:40,P-Usine_A-000026,189.7,90.0,90.04,57.3
2023-10-26 08:24:31,P-Usine_A-000027,201.8,90.0,90.41,63.3
2023-10-26 08:28:35,P-Usine_A-000028,182.7,90.0,90.23,63.4
2023-10-26 08:25:10,P-Usine_A-000029,216.9,90.0,89.7,57.5
2023-10-26 08:26:41,P-Usine_A-000030,193.9,90.0,90.21,60.2
2023-10-26 08:30:04,P-Usine_A-000031,192.6,90.0,89.29,58.0
2023-10-26 08:29:43,P-Usine_A-000032,205.1,,90.22,60.0
2023-10-26 08:37:00,P-Usine_A-000033,215.2,90.0,90.24,54.0
2023-10-26 08:33:54,P-Usine_A-000034,191.0,90.0,90.28,61.8
2023-10-26 08:30:38,P-Usine_A-000035,198.9,90.0,90.28,55.8
2023-10-26 08:37:50,P-Usine_A-000036,198.9,90.0,89.47,60.4
2023-10-26 08:35:56,P-Usine_A-000037,186.4,90.0,90.34,64.3
2023-10-26 08:35:15,P-Usine_A-000038,199.1,90.0,90.34,50.9
2023-10-26 08:43:39,P-Usine_A-000039,203.9,90.0,90.17,63.4
2023-10-26 08:43:16,P-Usine_A-000040,202.4,90.0,89.47,54.4
2023-10-26 08:43:16,P-Usine_A-000040,202.4,90.0,89.47,54.4
2023-10-26 08:43:49,P-Usine_A-000041,208.9,90.0,89.96,47.8
2023-10-26 08:41:07,P-Usine_A-000042,209.1,90.0,89.08,57.0
2023-10-26 08:39:53,P-Usine_A-000043,195.8,90.0,89.71,54.9
2023-10-26 08:40:00,P-Usine_A-000044,189.6,90.0,89.63,48.1
2023-10-26 08:46:19,P-Usine_A-000045,184.9,90.0,90.35,45.7
2023-10-26 08:48:34,P-Usine_A-000046,195.3,90.0,90.18,54.7
2023-10-26 08:48:39,P-Usine_A-000047,188.8,90.0,90.35,48.4
2023-10-26 08:48:16,P-Usine_A-000048,182.8,90.0,90.41,50.2
2023-10-26 08:50:34,P-Usine_A-000049,213.0,90.0,89.85,47.8
2023-10-26 08:53:42,P-Usine_A-000050,195.9,90.0,90.46,999.9
2023-10-26 08:53:42,P-Usine_A-000051,219.7,90.0,90.16,50.0
2023-10-26 08:52:52,P-Usine_A-000052,208.8,90.0,89.36,64.7
2023-10-26 08:51:37,P-Usine_A-000053,219.2,90.0,89.81,64.1
2023-10-26 08:50:06,P-Usine_A-000054,182.4,90.0,999.9,50.2
2023-10-26 08:53:37,P-Usine_A-000055,184.0,90.0,89.73,51.8
2023-10-26 08:52:35,P-Usine_A-000056,196.6,90.0,90.55,62.6
2023-10-26 09:00:51,P-Usine_A-000057,181.4,90.0,89.69,57.5
2023-10-26 09:00:51,P-Usine_A-000057,181.4,90.0,89.69,57.5
2023-10-26 09:00:15,P-Usine_A-000058,181.3,90.0,89.59,48.4
2023-10-26 08:57:18,P-Usine_A-000059,181.8,90.0,89.71,46.3
2023-10-26 08:59:26,P-Usine_A-000060,206.1,90.0,89.94,61.9
2023-10-26 09:05:38,P-Usine_A-000061,215.2,90.0,90.3,53.2
2023-10-26 09:07:22,P-Usine_A-000062,184.0,90.0,999.9,64.4
2023-10-26 09:04:06,P-Usine_A-000063,200.3,90.0,90.49,58.8
2023-10-26 09:07:05,P-Usine_A-000064,180.1,90.0,89.96,63.8
2023-10-26 09:06:19,P-Usine_A-000065,198.9,90.0,89.48,62.8
2023-10-26 09:07:02,P-Usine_A-000066,198.0,90.0,89.56,52.7
2023-10-26 09:09:15,P-Usine_A-000067,214.5,90.0,89.66,46.9
2023-10-26 09:08:40,P-Usine_A-000068,216.1,90.0,89.84,49.9
2023-10-26 09:05:16,P-Usine_A-000069,192.1,90.0,89.43,45.3
2023-10-26 09:15:20,P-Usine_A-000070,201.5,90.0,89.93,53.5
2023-10-26 09:13:36,P-Usine_A-000071,193.7,90.0,90.64,47.7
2023-10-26 09:16:15,P-Usine_A-000072,181.9,90.0,90.17,45.7
2023-10-26 09:15:13,P-Usine_A-000073,208.3,90.0,90.2,48.6
2023-10-26 09:12:10,P-Usine_A-000074,183.9,90.0,89.41,47.5
2023-10-26 09:14:43,P-Usine_A-000075,189.3,90.0,90.5,59.8
2023-10-26 09:19:40,P-Usine_A-000076,191.7,90.0,90.57,53.7
2023-10-26 09:19:34,P-Usine_A-000077,199.1,90.0,89.62,63.3
2023-10-26 09:18:46,P-Usine_A-000078,198.8,90.0,89.47,49.4
2023-10-26 09:17:48,P-Usine_A-000079,999.9,90.0,89.63,50.7
2023-10-26 09:16:26,P-Usine_A-000080,213.6,90.0,90.05,54.7
2023-10-26 09:22:41,P-Usine_A-000081,194.8,90.0,89.71,62.3
2023-10-26 09:20:24,P-Usine_A-000082,183.9,90.0,90.35,55.0
2023-10-26 09:27:55,P-Usine_A-000083,186.1,90.0,90.14,48.4
2023-10-26 09:20:16,P-Usine_A-000084,205.7,90.0,89.5,47.7
2023-10-26 09:27:47,P-Usine_A-000085,191.5,90.0,89.93,56.4
2023-10-26 09:30:16,P-Usine_A-000086,185.4,90.0,90.19,48.7
2023-10-26 09:24:16,P-Usine_A-000087,208.9,90.0,91.45,48.2
2023-10-26 09:27:10,P-Usine_A-000088,197.2,90.0,89.57,55.1
2023-10-26 09:33:39,P-Usine_A-000089,211.9,90.0,90.06,54.2
2023-10-26 09:30:19,P-Usine_A-000090,199.3,90.0,88.77,55.4
2023-10-26 09:29:56,P-Usine_A-000091,209.9,90.0,89.83,46.5
2023-10-26 09:36:56,P-Usine_A-000092,207.9,90.0,90.6,58.5
2023-10-26 09:30:13,P-Usine_A-000093,192.6,90.0,90.35,60.2
2023-10-26 09:29:07,P-Usine_A-000094,190.9,90.0,89.95,52.5
2023-10-26 09:39:11,P-Usine_A-000095,205.5,90.0,90.65,58.8
2023-10-26 09:32:59,P-Usine_A-000096,195.7,90.0,90.03,60.5
2023-10-26 09:38:29,P-Usine_A-000097,198.8,90.0,90.39,64.0
2023-10-26 09:40:24,P-Usine_A-000098,215.8,90.0,90.17,61.3
2023-10-26 09:35:54,P-Usine_A-000099,206.3,90.0,90.04,51.8
2023-10-26 09:43:55,P-Usine_A-000100,212.9,90.0,89.06,50.8
2023-10-26 09:43:49,P-Usine_A-000101,214.2,90.0,90.5,63.1
2023-10-26 09:45:14,P-Usine_A-000102,208.2,90.0,90.34,49.8
2023-10-26 09:39:09,P-Usine_A-000103,212.9,90.0,90.12,55.6
2023-10-26 09:45:57,P-Usine_A-000104,180.5,90.0,89.68,54.5
2023-10-26 09:42:58,P-Usine_A-000105,215.0,90.0,90.51,64.5
2023-10-26 09:48:29,P-Usine_A-000106,,90.0,90.51,55.2
2023-10-26 09:44:41,P-Usine_A-000107,193.4,90.0,89.83,49.7
2023-10-26 09:48:45,P-Usine_A-000108,195.4,90.0,89.87,49.9
2023-10-26 09:53:28,P-Usine_A-000109,203.4,90.0,,47.6
2023-10-26 09:49:19,P-Usine_A-000110,211.6,90.0,90.46,64.8
2023-10-26 09:48:13,P-Usine_A-000111,212.7,90.0,89.67,46.5
2023-10-26 09:54:16,P-Usine_A-000112,187.7,90.0,90.61,52.5
2023-10-26 09:58:13,P-Usine_A-000113,202.7,90.0,90.05,46.7
2023-10-26 09:56:17,P-Usine_A-000114,183.0,90.0,90.37,55.9
2023-10-26 09:54:57,P-Usine_A-000115,206.4,90.0,89.73,59.8
2023-10-26 09:59:50,P-Usine_A-000116,197.5,90.0,89.23,61.0
2023-10-26 09:57:31,P-Usine_A-000117,213.7,90.0,90.88,63.6
2023-10-26 09:54:15,P-Usine_A-000118,203.6,90.0,89.36,54.5
2023-10-26 09:59:33,P-Usine_A-000119,202.5,90.0,88.71,55.9
2023-10-26 10:02:26,P-Usine_A-000120,181.8,90.0,89.71,60.6
2023-10-26 09:57:34,P-Usine_A-000121,191.9,90.0,89.88,48.8
2023-10-26 10:03:17,P-Usine_A-000122,210.6,90.0,89.59,50.3
2023-10-26 09:59:24,P-Usine_A-000123,192.6,90.0,89.58,47.9
2023-10-26 10:07:01,P-Usine_A-000124,210.8,90.0,89.54,63.7
2023-10-26 10:08:15,P-Usine_A-000125,192.2,90.0,90.05,49.2
2023-10-26 10:11:26,P-Usine_A-000126,195.0,90.0,90.08,61.4
2023-10-26 10:04:00,P-Usine_A-000127,199.2,90.0,90.15,51.9
2023-10-26 10:05:15,P-Usine_A-000128,214.0,90.0,89.69,51.7
2023-10-26 10:11:33,P-Usine_A-000129,200.3,90.0,89.98,57.3
2023-10-26 10:10:54,P-Usine_A-000130,193.1,90.0,89.69,59.4
2023-10-26 10:08:41,P-Usine_A-000131,210.9,90.0,89.36,64.4
2023-10-26 10:09:14,P-Usine_A-000132,204.1,90.0,91.15,63.9
2023-10-26 10:17:50,P-Usine_A-000133,189.0,90.0,90.21,60.4
2023-10-26 10:15:31,P-Usine_A-000134,199.0,90.0,90.33,60.1
2023-10-26 10:16:00,P-Usine_A-000135,217.5,90.0,89.54,64.5
2023-10-26 10:18:32,P-Usine_A-000136,217.8,999.9,90.47,56.7
2023-10-26 10:13:30,P-Usine_A-000137,186.0,90.0,89.98,57.1
2023-10-26 10:16:50,P-Usine_A-000138,185.1,90.0,89.44,62.2
2023-10-26 10:21:13,P-Usine_A-000139,185.1,90.0,89.53,59.3
2023-10-26 10:17:09,P-Usine_A-000140,199.9,90.0,89.78,58.0
2023-10-26 10:17:09,P-Usine_A-000140,199.9,90.0,89.78,58.0
2023-10-26 10:24:07,P-Usine_A-000141,215.1,90.0,89.96,46.0
2023-10-26 10:24:16,P-Usine_A-000142,187.8,90.0,89.68,48.1
2023-10-26 10:25:27,P-Usine_A-000143,198.8,90.0,90.31,64.7
2023-10-26 10:24:01,P-Usine_A-000144,195.9,90.0,89.77,60.8
2023-10-26 10:28:18,P-Usine_A-000145,191.9,90.0,90.39,61.3
2023-10-26 10:29:51,P-Usine_A-000146,191.8,90.0,91.26,64.9
2023-10-26 10:27:58,P-Usine_A-000147,209.6,90.0,89.09,64.0
2023-10-26 10:26:00,P-Usine_A-000148,215.0,90.0,90.22,58.3
2023-10-26 10:31:21,P-Usine_A-000149,183.8,90.0,89.56,45.2
2023-10-26 10:35:09,P-Usine_A-000150,186.2,90.0,88.99,53.0
2023-10-26 10:27:41,P-Usine_A-000151,196.6,90.0,90.95,57.4
2023-10-26 10:34:57,P-Usine_A-000152,206.6,90.0,90.09,49.6
2023-10-26 10:37:56,P-Usine_A-000153,205.1,90.0,89.42,58.7
2023-10-26 10:39:13,P-Usine_A-000154,195.6,90.0,89.1,47.6
2023-10-26 10:33:35,P-Usine_A-000155,202.8,90.0,90.32,53.3
2023-10-26 10:36:13,P-Usine_A-000156,216.9,90.0,89.68,56.1
2023-10-26 10:34:53,P-Usine_A-000157,185.0,90.0,89.65,47.8
2023-10-26 10:43:10,P-Usine_A-000158,218.9,90.0,89.58,50.5
2023-10-26 10:39:38,P-Usine_A-000159,208.2,90.0,89.57,49.9
2023-10-26 10:43:16,P-Usine_A-000160,209.6,90.0,89.91,56.7
2023-10-26 10:38:36,P-Usine_A-000161,203.2,90.0,90.37,54.4
2023-10-26 10:39:39,P-Usine_A-000162,205.6,90.0,90.04,50.8
2023-10-26 10:47:24,P-Usine_A-000163,182.3,90.0,89.66,64.9
2023-10-26 10:40:36,P-Usine_A-000164,191.5,90.0,90.15,62.7
2023-10-26 10:50:21,P-Usine_A-000165,208.2,90.0,90.15,47.6
2023-10-26 10:44:52,P-Usine_A-000166,208.5,90.0,91.11,49.6
2023-10-26 10:45:46,P-Usine_A-000167,205.0,90.0,90.06,54.5
2023-10-26 10:49:43,P-Usine_A-000168,192.8,90.0,90.01,47.1
2023-10-26 10:53:41,P-Usine_A-000169,199.0,90.0,89.57,45.0
2023-10-26 10:51:04,P-Usine_A-000170,218.9,90.0,89.59,46.9
2023-10-26 10:48:20,P-Usine_A-000171,192.7,90.0,89.88,48.3
2023-10-26 10:50:04,P-Usine_A-000172,220.0,90.0,90.79,56.7
2023-10-26 10:49:56,P-Usine_A-000173,204.4,90.0,89.56,54.7
2023-10-26 10:55:44,P-Usine_A-000174,203.0,90.0,89.57,55.6
2023-10-26 10:59:44,P-Usine_A-000175,195.0,90.0,90.91,49.0
2023-10-26 10:55:25,P-Usine_A-000176,218.5,90.0,90.32,58.1
2023-10-26 10:53:08,P-Usine_A-000177,219.0,90.0,90.65,46.3
2023-10-26 10:58:29,P-Usine_A-000178,210.5,90.0,90.87,47.4
2023-10-26 11:00:38,P-Usine_A-000179,189.5,90.0,89.71,49.1
2023-10-26 10:59:28,P-Usine_A-000180,183.3,90.0,90.21,64.4
2023-10-26 11:01:35,P-Usine_A-000181,185.3,90.0,90.37,59.3
2023-10-26 10:58:17,P-Usine_A-000182,202.1,90.0,90.27,56.5
2023-10-26 11:03:41,P-Usine_A-000183,189.6,90.0,91.32,63.1
2023-10-26 11:04:57,P-Usine_A-000184,216.9,90.0,89.54,61.5
2023-10-26 11:01:44,P-Usine_A-000185,204.3,90.0,90.35,55.4
2023-10-26 11:11:17,P-Usine_A-000186,184.1,90.0,88.89,64.6
2023-10-26 11:03:23,P-Usine_A-000187,181.6,90.0,89.93,50.9
2023-10-26 11:07:37,P-Usine_A-000188,193.3,90.0,90.24,57.3
2023-10-26 11:04:59,P-Usine_A-000189,205.7,90.0,999.9,59.7
2023-10-26 11:15:17,P-Usine_A-000190,196.2,90.0,90.67,48.1
2023-10-26 11:09:39,P-Usine_A-000191,185.9,90.0,89.91,57.3
,P-Usine_A-000192,192.9,90.0,90.6,53.4
2023-10-26 11:16:34,P-Usine_A-000193,213.9,90.0,90.71,64.3
2023-10-26 11:18:05,P-Usine_A-000194,195.5,90.0,90.24,61.2
2023-10-26 11:19:22,P-Usine_A-000195,200.8,90.0,89.96,49.2
2023-10-26 11:21:22,P-Usine_A-000196,183.9,90.0,89.69,49.6
2023-10-26 11:15:31,P-Usine_A-000197,186.3,90.0,90.12,53.6
2023-10-26 11:16:24,P-Usine_A-000198,209.1,90.0,89.79,57.6
2023-10-26 11:24:07,P-Usine_A-000199,200.6,90.0,89.94,56.0
2023-10-26 11:22:02,P-Usine_A-000200,194.2,90.0,88.87,46.0
2023-10-26 11:25:35,P-Usine_A-000201,214.6,90.0,89.8,47.0
2023-10-26 11:25:34,P-Usine_A-000202,198.7,90.0,90.37,52.1
2023-10-26 11:21:12,P-Usine_A-000203,212.0,90.0,89.91,63.9
,P-Usine_A-000204,181.8,90.0,90.51,50.8
2023-10-26 11:29:44,P-Usine_A-000205,182.5,90.0,89.93,54.6
2023-10-26 11:24:41,P-Usine_A-000206,192.9,90.0,89.02,47.7
2023-10-26 11:28:45,P-Usine_A-000207,200.2,90.0,89.86,60.3
2023-10-26 11:23:38,P-Usine_A-000208,203.9,90.0,90.2,62.4
2023-10-26 11:31:52,P-Usine_A-000209,198.2,90.0,89.8,47.5
2023-10-26 11:33:45,P-Usine_A-000210,,90.0,90.38,62.8
2023-10-26 11:32:18,P-Usine_A-000211,205.2,90.0,90.53,62.9
2023-10-26 11:28:56,P-Usine_A-000212,203.1,90.0,89.1,51.4
2023-10-26 11:34:35,P-Usine_A-000213,193.6,90.0,88.86,57.3
2023-10-26 11:35:23,P-Usine_A-000214,213.3,90.0,90.37,58.6
2023-10-26 11:35:14,P-Usine_A-000215,195.8,90.0,90.7,57.2
2023-10-26 11:31:54,P-Usine_A-000216,190.2,90.0,89.81,45.1
2023-10-26 11:39:54,P-Usine_A-000217,213.9,90.0,89.7,61.9
2023-10-26 11:41:29,P-Usine_A-000218,191.6,90.0,89.08,52.0
2023-10-26 11:37:25,P-Usine_A-000219,199.6,90.0,89.47,60.1
2023-10-26 11:39:20,P-Usine_A-000220,196.7,90.0,90.36,59.0
2023-10-26 11:42:22,P-Usine_A-000221,182.9,90.0,90.06,56.3
2023-10-26 11:39:29,P-Usine_A-000222,203.4,90.0,90.02,58.5
2023-10-26 11:38:43,P-Usine_A-000223,186.0,90.0,89.75,60.3
2023-10-26 11:43:30,P-Usine_A-000224,999.9,90.0,90.86,63.3
2023-10-26 11:40:51,P-Usine_A-000225,196.2,90.0,89.89,52.0
2023-10-26 11:43:14,P-Usine_A-000226,216.4,90.0,89.85,47.2
2023-10-26 11:51:21,P-Usine_A-000227,212.5,90.0,89.99,63.1
2023-10-26 11:43:35,P-Usine_A-000228,187.7,90.0,90.19,45.5
2023-10-26 11:48:46,P-Usine_A-000229,194.9,90.0,90.3,52.4
2023-10-26 11:49:32,P-Usine_A-000230,193.9,,90.8,47.9
2023-10-26 11:51:10,P-Usine_A-000231,180.6,90.0,90.05,51.5
2023-10-26 11:50:48,P-Usine_A-000232,192.7,90.0,89.37,46.4
2023-10-26 11:50:36,P-Usine_A-000233,190.2,90.0,89.38,53.7
2023-10-26 11:48:59,P-Usine_A-000234,198.1,90.0,89.29,57.5
2023-10-26 11:58:52,P-Usine_A-000235,195.4,90.0,90.36,58.2
2023-10-26 11:58:43,P-Usine_A-000236,191.3,90.0,89.72,45.2
2023-10-26 12:01:10,P-Usine_A-000237,207.9,90.0,90.69,55.9
2023-10-26 12:02:53,P-Usine_A-000238,208.2,90.0,89.57,49.8
2023-10-26 11:55:49,P-Usine_A-000239,198.8,90.0,89.35,59.3
2023-10-26 12:03:31,P-Usine_A-000240,181.7,90.0,90.49,63.0
2023-10-26 12:00:51,P-Usine_A-000241,212.3,90.0,90.28,46.0
2023-10-26 12:04:23,P-Usine_A-000242,207.9,90.0,89.58,53.8
2023-10-26 12:04:23,P-Usine_A-000242,207.9,90.0,89.58,53.8
2023-10-26 12:02:13,P-Usine_A-000243,211.8,90.0,90.2,54.0
2023-10-26 12:03:22,P-Usine_A-000244,183.8,90.0,90.62,53.2
2023-10-26 12:08:25,P-Usine_A-000245,191.3,90.0,89.31,60.5
2023-10-26 12:02:57,P-Usine_A-000246,193.6,90.0,90.07,60.0
2023-10-26 12:04:01,P-Usine_A-000247,198.7,90.0,89.76,58.0
2023-10-26 12:08:35,P-Usine_A-000248,203.8,90.0,89.78,60.1
2023-10-26 12:12:40,P-Usine_A-000249,210.3,90.0,90.35,60.7
2023-10-26 12:09:50,P-Usine_A-000250,218.4,90.0,90.49,45.5
2023-10-26 12:09:50,P-Usine_A-000250,218.4,90.0,90.49,45.5
2023-10-26 12:15:11,P-Usine_A-000251,194.3,90.0,90.42,58.6
2023-10-26 12:13:31,P-Usine_A-000252,208.8,90.0,90.39,56.7
2023-10-26 12:11:15,P-Usine_A-000253,212.8,90.0,89.75,63.2
2023-10-26 12:17:57,P-Usine_A-000254,218.5,90.0,90.47,64.4
2023-10-26 12:17:57,P-Usine_A-000254,218.5,90.0,90.47,64.4
2023-10-26 12:20:05,P-Usine_A-000255,181.4,90.0,90.92,47.9
2023-10-26 12:17:55,P-Usine_A-000256,183.0,90.0,89.44,999.9
2023-10-26 12:14:31,P-Usine_A-000257,207.8,90.0,89.63,59.4
2023-10-26 12:22:28,P-Usine_A-000258,185.1,90.0,90.05,46.7
2023-10-26 12:16:16,P-Usine_A-000259,219.8,90.0,90.95,45.4
2023-10-26 12:16:50,P-Usine_A-000260,194.1,90.0,90.4,46.6
2023-10-26 12:22:09,P-Usine_A-000261,187.0,90.0,89.9,51.2
2023-10-26 12:20:44,P-Usine_A-000262,186.8,90.0,89.34,48.4
2023-10-26 12:20:44,P-Usine_A-000262,186.8,90.0,89.34,48.4
2023-10-26 12:20:56,P-Usine_A-000263,196.7,90.0,90.16,47.0
2023-10-26 12:20:56,P-Usine_A-000263,196.7,90.0,90.16,47.0
2023-10-26 12:22:10,P-Usine_A-000264,203.1,90.0,89.82,61.3
2023-10-26 12:23:47,P-Usine_A-000265,181.1,90.0,89.92,49.1
,P-Usine_A-000266,206.7,90.0,90.25,57.3
2023-10-26 12:25:23,P-Usine_A-000267,185.8,90.0,,54.7
2023-10-26 12:29:16,P-Usine_A-000268,197.2,90.0,89.44,47.7
2023-10-26 12:26:14,P-Usine_A-000269,219.9,90.0,89.41,49.1
,P-Usine_A-000270,218.7,90.0,89.95,59.8
2023-10-26 12:35:22,P-Usine_A-000271,182.8,90.0,89.89,48.1
2023-10-26 12:34:41,P-Usine_A-000272,219.3,90.0,90.0,52.5
2023-10-26 12:31:03,P-Usine_A-000273,184.5,90.0,89.62,64.3
2023-10-26 12:33:50,P-Usine_A-000274,203.3,90.0,89.52,45.6
2023-10-26 12:33:50,P-Usine_A-000274,203.3,90.0,89.52,45.6
2023-10-26 12:30:05,P-Usine_A-000275,203.3,90.0,89.7,57.6
2023-10-26 12:39:24,P-Usine_A-000276,208.1,90.0,90.52,57.3
2023-10-26 12:40:39,P-Usine_A-000277,219.0,90.0,89.85,48.3
2023-10-26 12:38:54,P-Usine_A-000278,208.4,90.0,90.32,49.7
2023-10-26 12:40:32,P-Usine_A-000279,213.9,90.0,89.39,56.3
2023-10-26 12:37:15,P-Usine_A-000280,189.5,90.0,89.82,46.8
2023-10-26 12:36:18,P-Usine_A-000281,199.0,90.0,90.64,58.0
2023-10-26 12:45:29,P-Usine_A-000282,188.7,90.0,89.7,63.0
2023-10-26 12:46:13,P-Usine_A-000283,186.4,90.0,89.21,56.8
2023-10-26 12:39:51,P-Usine_A-000284,199.7,90.0,89.9,46.8
2023-10-26 12:43:47,P-Usine_A-000285,999.9,90.0,89.77,64.9
2023-10-26 12:45:22,P-Usine_A-000286,184.6,90.0,90.45,51.1
2023-10-26 12:46:55,P-Usine_A-000287,210.9,90.0,90.07,51.6
2023-10-26 12:50:53,P-Usine_A-000288,184.2,90.0,90.21,54.7
2023-10-26 12:49:31,P-Usine_A-000289,215.0,90.0,90.12,999.9
2023-10-26 12:54:31,P-Usine_A-000290,207.4,90.0,90.02,53.1
2023-10-26 12:49:36,P-Usine_A-000291,200.4,90.0,89.75,55.6
2023-10-26 12:51:53,P-Usine_A-000292,189.4,90.0,89.84,57.0
2023-10-26 12:53:21,P-Usine_A-000293,198.6,90.0,89.7,50.7
2023-10-26 12:49:48,P-Usine_A-000294,191.8,90.0,89.29,62.2
2023-10-26 12:55:19,P-Usine_A-000295,190.6,90.0,89.44,45.6
2023-10-26 12:53:30,P-Usine_A-000296,199.2,90.0,90.92,53.6
2023-10-26 13:00:54,P-Usine_A-000297,194.7,90.0,89.85,50.2
2023-10-26 13:02:34,P-Usine_A-000298,206.6,90.0,89.84,59.5
2023-10-26 12:59:21,P-Usine_A-000299,212.6,90.0,89.29,50.3
2023-10-26 13:02:36,P-Usine_A-000300,196.2,90.0,90.6,60.4
2023-10-26 13:02:36,P-Usine_A-000300,196.2,90.0,90.6,60.4
2023-10-26 13:04:39,P-Usine_A-000301,206.3,90.0,89.47,49.1
2023-10-26 13:02:57,P-Usine_A-000302,183.1,90.0,90.42,54.2
2023-10-26 12:57:56,P-Usine_A-000303,216.8,90.0,89.41,47.7
2023-10-26 13:02:55,P-Usine_A-000304,185.2,90.0,90.03,48.1
2023-10-26 13:08:25,P-Usine_A-000305,212.8,90.0,89.21,45.5
2023-10-26 13:01:52,P-Usine_A-000306,208.1,90.0,89.95,55.6
2023-10-26 13:04:16,P-Usine_A-000307,190.9,90.0,90.22,64.0
2023-10-26 13:05:30,P-Usine_A-000308,187.3,90.0,90.37,48.3
2023-10-26 13:07:41,P-Usine_A-000309,186.8,90.0,89.97,63.0
2023-10-26 13:07:30,P-Usine_A-000310,194.4,90.0,89.55,58.5
2023-10-26 13:12:16,P-Usine_A-000311,180.9,90.0,90.97,60.1
2023-10-26 13:11:38,P-Usine_A-000312,199.9,90.0,89.65,50.3
2023-10-26 13:08:16,P-Usine_A-000313,183.0,90.0,89.5,51.5
2023-10-26 13:17:27,P-Usine_A-000314,182.2,90.0,90.22,57.4
2023-10-26 13:10:32,P-Usine_A-000315,188.6,90.0,90.63,49.7
2023-10-26 13:19:28,P-Usine_A-000316,183.4,90.0,89.24,54.7
2023-10-26 13:11:39,P-Usine_A-000317,202.0,90.0,90.16,49.3
2023-10-26 13:11:39,P-Usine_A-000317,202.0,90.0,90.16,49.3
2023-10-26 13:19:35,P-Usine_A-000318,180.3,90.0,90.32,57.6
2023-10-26 13:19:35,P-Usine_A-000318,180.3,90.0,90.32,57.6
2023-10-26 13:13:43,P-Usine_A-000319,999.9,90.0,90.96,59.1
2023-10-26 13:23:01,P-Usine_A-000320,195.2,90.0,89.98,999.9
2023-10-26 13:21:51,P-Usine_A-000321,188.3,90.0,89.67,45.9
2023-10-26 13:24:09,P-Usine_A-000322,197.6,90.0,89.8,57.5
2023-10-26 13:23:38,P-Usine_A-000323,182.7,90.0,89.92,46.8
2023-10-26 13:23:34,P-Usine_A-000324,193.3,90.0,90.11,55.1
2023-10-26 13:27:44,P-Usine_A-000325,217.3,90.0,89.83,52.5
2023-10-26 13:21:17,P-Usine_A-000326,209.7,90.0,90.26,60.7
2023-10-26 13:22:17,P-Usine_A-000327,216.8,90.0,89.69,53.6
2023-10-26 13:26:02,P-Usine_A-000328,,90.0,90.96,60.5
2023-10-26 13:32:36,P-Usine_A-000329,187.8,90.0,90.71,47.2
2023-10-26 13:25:28,P-Usine_A-000330,191.3,90.0,90.4,49.5
2023-10-26 13:32:56,P-Usine_A-000331,197.6,90.0,89.69,58.9
2023-10-26 13:33:43,P-Usine_A-000332,203.0,90.0,89.28,55.4
2023-10-26 13:28:33,P-Usine_A-000333,197.3,90.0,90.67,53.1
2023-10-26 13:29:17,P-Usine_A-000334,182.4,90.0,90.85,64.9
2023-10-26 13:32:44,P-Usine_A-000335,189.9,90.0,90.52,52.0
2023-10-26 13:36:24,P-Usine_A-000336,190.3,90.0,90.45,56.3
2023-10-26 13:40:44,P-Usine_A-000337,202.5,90.0,90.12,61.1
2023-10-26 13:36:55,P-Usine_A-000338,204.7,90.0,90.1,63.2
2023-10-26 13:42:19,,188.6,90.0,90.44,49.3
2023-10-26 13:40:38,P-Usine_A-000340,185.7,90.0,90.4,63.6
2023-10-26 13:44:06,P-Usine_A-000341,191.0,90.0,89.41,60.3
2023-10-26 13:39:03,P-Usine_A-000342,186.4,90.0,89.17,60.1
2023-10-26 13:43:21,P-Usine_A-000343,210.1,90.0,89.83,63.2
2023-10-26 13:45:40,P-Usine_A-000344,180.0,90.0,90.08,64.8
2023-10-26 13:43:55,P-Usine_A-000345,200.2,90.0,90.34,50.1
2023-10-26 13:47:00,P-Usine_A-000346,213.6,90.0,89.59,61.2
2023-10-26 13:44:45,P-Usine_A-000347,191.7,90.0,90.01,55.7
2023-10-26 13:51:50,P-Usine_A-000348,194.4,90.0,90.64,52.5
2023-10-26 13:48:17,P-Usine_A-000349,184.6,90.0,89.57,51.7
2023-10-26 13:52:24,P-Usine_A-000350,182.4,90.0,88.68,62.1
2023-10-26 13:52:47,P-Usine_A-000351,193.7,90.0,89.77,63.0
2023-10-26 13:54:38,P-Usine_A-000352,193.4,90.0,89.92,57.8
2023-10-26 13:55:54,P-Usine_A-000353,183.1,90.0,90.11,64.9
2023-10-26 13:56:44,P-Usine_A-000354,184.6,90.0,90.51,63.6
2023-10-26 13:59:57,P-Usine_A-000355,180.8,90.0,89.4,51.7
2023-10-26 13:58:01,P-Usine_A-000356,188.2,90.0,90.96,53.4
2023-10-26 13:55:37,P-Usine_A-000357,215.8,90.0,90.12,59.7
2023-10-26 14:01:43,P-Usine_A-000358,186.9,90.0,89.93,59.4
2023-10-26 13:59:52,P-Usine_A-000359,193.6,90.0,90.02,52.4
2023-10-26 14:03:42,P-Usine_A-000360,200.2,90.0,90.19,56.0
2023-10-26 14:01:21,P-Usine_A-000361,194.0,90.0,90.48,59.8
2023-10-26 13:59:46,P-Usine_A-000362,192.2,90.0,89.85,56.7
2023-10-26 13:59:03,P-Usine_A-000363,203.2,90.0,89.14,45.1
2023-10-26 14:06:55,P-Usine_A-000364,193.3,90.0,89.93,59.7
2023-10-26 14:09:41,P-Usine_A-000365,181.8,90.0,90.65,59.8
2023-10-26 14:05:23,P-Usine_A-000366,214.5,90.0,89.5,61.7
2023-10-26 14:09:01,P-Usine_A-000367,188.3,90.0,90.14,55.5
2023-10-26 14:06:31,P-Usine_A-000368,183.3,90.0,90.0,47.9
2023-10-26 14:09:03,P-Usine_A-000369,207.5,90.0,90.07,61.7
2023-10-26 14:13:40,P-Usine_A-000370,195.0,90.0,89.91,50.6
2023-10-26 14:14:37,P-Usine_A-000371,189.4,90.0,89.64,63.4
2023-10-26 14:10:11,P-Usine_A-000372,189.9,90.0,90.77,46.6
2023-10-26 14:11:34,P-Usine_A-000373,196.9,90.0,90.61,51.0
2023-10-26 14:12:18,P-Usine_A-000374,201.2,90.0,89.41,61.0
2023-10-26 14:17:56,P-Usine_A-000375,190.5,90.0,90.15,61.4
2023-10-26 14:17:05,P-Usine_A-000376,220.0,90.0,90.67,49.1
2023-10-26 14:14:45,P-Usine_A-000377,210.9,90.0,89.93,53.4
2023-10-26 14:22:23,P-Usine_A-000378,216.4,90.0,89.52,50.1
2023-10-26 14:16:28,P-Usine_A-000379,180.5,90.0,,54.0
2023-10-26 14:16:53,P-Usine_A-000380,189.6,90.0,89.66,57.3
2023-10-26 14:19:15,P-Usine_A-000381,199.7,999.9,89.76,57.9
2023-10-26 14:25:23,P-Usine_A-000382,197.6,90.0,89.48,49.9
2023-10-26 14:18:07,P-Usine_A-000383,217.6,90.0,90.23,61.6
2023-10-26 14:21:16,P-Usine_A-000384,219.5,90.0,89.76,62.4
2023-10-26 14:25:26,P-Usine_A-000385,188.9,90.0,91.11,54.7
2023-10-26 14:25:51,P-Usine_A-000386,199.0,90.0,89.63,55.4
2023-10-26 14:25:12,P-Usine_A-000387,217.4,90.0,91.27,50.8
2023-10-26 14:24:51,P-Usine_A-000388,217.4,90.0,89.95,61.2
2023-10-26 14:32:38,P-Usine_A-000389,186.2,90.0,91.35,51.1
2023-10-26 14:25:36,P-Usine_A-000390,194.2,90.0,90.13,55.3
2023-10-26 14:32:48,P-Usine_A-000391,196.4,90.0,89.46,61.6
2023-10-26 14:29:19,P-Usine_A-000392,201.6,90.0,90.41,56.5
2023-10-26 14:35:12,P-Usine_A-000393,196.7,90.0,90.89,46.2
2023-10-26 14:33:14,P-Usine_A-000394,214.1,90.0,89.16,64.8
2023-10-26 14:37:39,P-Usine_A-000395,193.3,90.0,89.02,52.7
2023-10-26 14:39:12,P-Usine_A-000396,207.4,90.0,89.74,50.4
2023-10-26 14:37:05,P-Usine_A-000397,189.5,90.0,90.93,999.9
2023-10-26 14:41:58,P-Usine_A-000398,213.6,90.0,89.5,61.9
2023-10-26 14:39:09,P-Usine_A-000399,210.4,90.0,90.54,50.0
2023-10-26 14:41:23,P-Usine_A-000400,188.5,90.0,89.58,56.1
2023-10-26 14:42:58,P-Usine_A-000401,204.3,90.0,88.96,45.6
2023-10-26 14:40:08,P-Usine_A-000402,215.4,90.0,89.63,47.7
2023-10-26 14:40:20,P-Usine_A-000403,189.9,90.0,90.03,51.5
2023-10-26 14:44:38,P-Usine_A-000404,201.3,90.0,90.55,58.9
2023-10-26 14:45:27,P-Usine_A-000405,205.2,90.0,89.95,52.1
2023-10-26 14:43:45,P-Usine_A-000406,200.6,90.0,89.82,45.2
2023-10-26 14:49:52,P-Usine_A-000407,189.5,90.0,90.24,61.5
2023-10-26 14:45:21,,216.9,90.0,89.97,49.4
2023-10-26 14:53:10,P-Usine_A-000409,214.6,90.0,90.46,62.6
2023-10-26 14:47:21,P-Usine_A-000410,205.2,90.0,89.76,51.6
2023-10-26 14:48:00,P-Usine_A-000411,192.3,90.0,90.11,63.8
2023-10-26 14:51:51,P-Usine_A-000412,200.6,90.0,91.06,61.4
2023-10-26 14:55:40,P-Usine_A-000413,205.7,90.0,89.96,52.2
2023-10-26 14:54:43,P-Usine_A-000414,214.2,90.0,90.38,54.7
2023-10-26 14:56:17,P-Usine_A-000415,204.7,90.0,90.47,50.6
2023-10-26 14:51:46,P-Usine_A-000416,185.5,90.0,90.37,47.9
2023-10-26 15:00:04,P-Usine_A-000417,197.3,90.0,89.97,62.6
2023-10-26 15:02:40,P-Usine_A-000418,185.4,90.0,89.92,55.7
2023-10-26 14:56:40,P-Usine_A-000419,203.4,90.0,90.6,46.3
2023-10-26 14:56:45,P-Usine_A-000420,196.2,90.0,89.64,57.1
2023-10-26 14:56:45,P-Usine_A-000421,183.6,90.0,90.37,57.7
2023-10-26 14:56:45,P-Usine_A-000421,183.6,90.0,90.37,57.7
2023-10-26 15:03:17,P-Usine_A-000422,186.6,90.0,90.46,46.0
2023-10-26 14:58:47,P-Usine_A-000423,184.5,90.0,90.19,60.7
2023-10-26 14:59:49,P-Usine_A-000424,182.7,90.0,89.54,60.7
2023-10-26 14:59:49,P-Usine_A-000424,182.7,90.0,89.54,60.7
2023-10-26 15:05:48,P-Usine_A-000425,193.3,90.0,88.62,47.2
2023-10-26 15:09:48,P-Usine_A-000426,210.3,90.0,89.33,47.3
2023-10-26 15:06:23,P-Usine_A-000427,,90.0,90.25,63.0
2023-10-26 15:07:50,P-Usine_A-000428,205.1,90.0,89.83,46.0
2023-10-26 15:10:21,P-Usine_A-000429,185.5,90.0,89.75,51.4
2023-10-26 15:10:21,P-Usine_A-000429,185.5,90.0,89.75,51.4
2023-10-26 15:08:42,P-Usine_A-000430,203.1,90.0,89.59,59.9
2023-10-26 15:16:21,P-Usine_A-000431,204.1,90.0,89.62,60.6
2023-10-26 15:10:45,P-Usine_A-000432,193.0,90.0,91.03,45.7
2023-10-26 15:10:08,P-Usine_A-000433,216.9,90.0,90.18,46.8
2023-10-26 15:11:22,P-Usine_A-000434,211.9,90.0,91.14,48.3
2023-10-26 15:19:24,P-Usine_A-000435,196.7,90.0,90.35,53.9
2023-10-26 15:18:29,P-Usine_A-000436,182.9,90.0,89.51,47.8
2023-10-26 15:21:22,P-Usine_A-000437,191.8,90.0,90.22,50.1
2023-10-26 15:20:17,P-Usine_A-000438,186.4,90.0,90.25,51.8
2023-10-26 15:24:21,P-Usine_A-000439,196.9,90.0,90.0,59.8
2023-10-26 15:22:16,P-Usine_A-000440,185.8,90.0,90.29,55.7
2023-10-26 15:21:08,P-Usine_A-000441,210.1,90.0,89.53,53.3
2023-10-26 15:21:09,P-Usine_A-000442,217.5,90.0,90.9,48.2
2023-10-26 15:26:00,P-Usine_A-000443,194.5,90.0,89.75,58.4
2023-10-26 15:22:31,P-Usine_A-000444,185.9,90.0,89.67,49.4
2023-10-26 15:28:43,P-Usine_A-000445,209.0,90.0,89.91,54.3
2023-10-26 15:24:26,P-Usine_A-000446,196.2,90.0,89.79,50.7
2023-10-26 15:23:26,P-Usine_A-000447,191.8,90.0,89.96,52.4
2023-10-26 15:25:45,P-Usine_A-000448,205.9,90.0,89.23,58.2
2023-10-26 15:29:59,P-Usine_A-000449,211.6,90.0,89.45,63.3
2023-10-26 15:35:02,P-Usine_A-000450,213.2,90.0,90.42,57.7
2023-10-26 15:32:24,P-Usine_A-000451,201.0,90.0,90.56,61.7
2023-10-26 15:28:36,P-Usine_A-000452,185.1,90.0,89.94,60.4
2023-10-26 15:28:36,P-Usine_A-000452,185.1,90.0,89.94,60.4
2023-10-26 15:31:02,P-Usine_A-000453,181.7,90.0,89.77,54.9
2023-10-26 15:37:21,P-Usine_A-000454,210.0,90.0,90.0,52.8
2023-10-26 15:40:36,P-Usine_A-000455,202.4,90.0,90.34,53.8
2023-10-26 15:39:43,P-Usine_A-000456,212.6,90.0,90.36,58.6
2023-10-26 15:39:59,P-Usine_A-000457,202.3,90.0,90.15,60.0
2023-10-26 15:44:23,P-Usine_A-000458,187.7,90.0,90.5,47.2
2023-10-26 15:38:52,P-Usine_A-000459,186.9,90.0,90.36,53.8
2023-10-26 15:37:07,P-Usine_A-000460,204.3,90.0,89.93,58.7
2023-10-26 15:45:07,P-Usine_A-000461,207.7,90.0,90.16,47.8
2023-10-26 15:45:07,P-Usine_A-000461,207.7,90.0,90.16,47.8
2023-10-26 15:46:17,P-Usine_A-000462,199.0,90.0,90.41,46.9
2023-10-26 15:41:36,P-Usine_A-000463,180.6,90.0,89.68,60.8
2023-10-26 15:42:54,P-Usine_A-000464,,90.0,89.97,59.9
2023-10-26 15:48:12,P-Usine_A-000465,180.6,90.0,89.73,63.2
2023-10-26 15:49:00,P-Usine_A-000466,201.8,90.0,90.27,63.1
2023-10-26 15:45:43,P-Usine_A-000467,199.6,90.0,89.85,61.1
2023-10-26 15:54:38,P-Usine_A-000468,201.5,90.0,90.42,45.5
2023-10-26 15:51:56,P-Usine_A-000469,208.3,90.0,90.11,46.0
2023-10-26 15:51:31,P-Usine_A-000470,213.7,90.0,89.92,49.5
2023-10-26 15:54:58,P-Usine_A-000471,218.9,90.0,88.85,59.4
2023-10-26 15:52:41,P-Usine_A-000472,188.3,90.0,90.01,54.4
2023-10-26 15:51:44,P-Usine_A-000473,218.1,90.0,90.45,59.7
2023-10-26 15:58:52,P-Usine_A-000474,218.6,90.0,90.12,58.5
2023-10-26 15:59:23,P-Usine_A-000475,211.5,90.0,90.14,55.9
2023-10-26 16:02:42,P-Usine_A-000476,216.4,90.0,90.4,64.2
2023-10-26 15:57:02,P-Usine_A-000477,194.7,90.0,90.09,56.9
2023-10-26 15:57:03,P-Usine_A-000478,218.4,90.0,89.18,53.6
2023-10-26 16:01:32,,195.4,90.0,89.19,48.1
2023-10-26 16:06:06,P-Usine_A-000480,219.5,90.0,89.63,59.6
2023-10-26 15:59:26,P-Usine_A-000481,208.6,90.0,90.74,50.7
2023-10-26 15:59:26,P-Usine_A-000481,208.6,90.0,90.74,50.7
2023-10-26 16:01:48,P-Usine_A-000482,184.7,90.0,90.23,62.3
2023-10-26 16:07:57,P-Usine_A-000483,198.7,90.0,89.48,56.5
2023-10-26 16:06:13,P-Usine_A-000484,206.9,90.0,90.28,61.1
2023-10-26 16:07:27,P-Usine_A-000485,193.9,90.0,90.64,56.1
2023-10-26 16:07:40,P-Usine_A-000486,188.1,90.0,89.27,53.7
2023-10-26 16:10:41,P-Usine_A-000487,219.9,90.0,90.25,58.8
2023-10-26 16:14:10,P-Usine_A-000488,208.5,90.0,89.21,51.0
2023-10-26 16:11:20,P-Usine_A-000489,193.7,90.0,91.06,57.1
2023-10-26 16:11:05,P-Usine_A-000490,191.0,90.0,89.07,54.2
2023-10-26 16:14:02,P-Usine_A-000491,213.8,90.0,89.61,61.6
2023-10-26 16:14:02,P-Usine_A-000491,213.8,90.0,89.61,61.6
2023-10-26 16:17:51,P-Usine_A-000492,180.0,90.0,90.94,61.6
2023-10-26 16:15:28,P-Usine_A-000493,204.7,90.0,90.11,61.2
2023-10-26 16:13:04,P-Usine_A-000494,184.5,90.0,90.17,999.9
2023-10-26 16:14:25,P-Usine_A-000495,181.3,90.0,89.62,62.1
2023-10-26 16:20:33,P-Usine_A-000496,184.8,90.0,89.92,55.1
2023-10-26 16:14:39,P-Usine_A-000497,201.0,90.0,90.39,54.8
2023-10-26 16:15:33,P-Usine_A-000498,199.3,90.0,90.05,46.0
2023-10-26 16:25:11,P-Usine_A-000499,211.6,90.0,89.78,56.5
2023-10-26 16:17:02,P-Usine_A-000500,190.1,90.0,89.85,45.8
2023-10-26 16:25:31,P-Usine_A-000501,209.8,90.0,90.11,47.5
2023-10-26 16:20:59,P-Usine_A-000502,191.3,90.0,89.85,47.3
2023-10-26 16:21:43,P-Usine_A-000503,182.3,90.0,89.93,55.1
2023-10-26 16:25:03,P-Usine_A-000504,191.8,90.0,89.89,45.9
2023-10-26 16:23:57,P-Usine_A-000505,206.9,90.0,90.49,51.8
2023-10-26 16:24:13,P-Usine_A-000506,208.5,90.0,89.63,51.0
2023-10-26 16:25:08,P-Usine_A-000507,198.5,90.0,90.74,51.3
2023-10-26 16:30:02,P-Usine_A-000508,187.4,90.0,89.72,49.0
2023-10-26 16:28:37,P-Usine_A-000509,191.5,90.0,90.3,63.8
2023-10-26 16:30:42,P-Usine_A-000510,181.7,90.0,89.63,45.5
2023-10-26 16:33:32,P-Usine_A-000511,210.6,999.9,89.63,54.7
2023-10-26 16:33:00,P-Usine_A-000512,182.1,90.0,90.18,56.7
2023-10-26 16:36:16,P-Usine_A-000513,208.9,90.0,90.04,60.3
2023-10-26 16:40:36,P-Usine_A-000514,212.1,90.0,90.51,48.6
2023-10-26 16:40:36,P-Usine_A-000514,212.1,90.0,90.51,48.6
2023-10-26 16:33:26,P-Usine_A-000515,206.1,90.0,89.54,46.7
2023-10-26 16:36:15,P-Usine_A-000516,181.2,90.0,89.28,54.4
2023-10-26 16:40:30,P-Usine_A-000517,193.2,90.0,89.65,51.7
2023-10-26 16:44:53,P-Usine_A-000518,197.7,90.0,89.91,62.5
2023-10-26 16:38:10,P-Usine_A-000519,212.7,90.0,89.67,45.2
2023-10-26 16:46:32,P-Usine_A-000520,182.7,90.0,89.86,50.2
2023-10-26 16:44:28,P-Usine_A-000521,205.1,90.0,89.91,59.6
2023-10-26 16:47:36,P-Usine_A-000522,195.8,90.0,89.7,47.7
2023-10-26 16:44:25,P-Usine_A-000523,192.1,90.0,89.9,56.3
2023-10-26 16:41:27,P-Usine_A-000524,189.8,90.0,89.27,61.1
2023-10-26 16:51:09,P-Usine_A-000525,190.9,90.0,90.75,45.4
2023-10-26 16:52:28,P-Usine_A-000526,206.3,90.0,89.46,48.2
2023-10-26 16:48:37,P-Usine_A-000527,209.6,90.0,89.91,47.2
2023-10-26 16:50:39,P-Usine_A-000528,199.9,90.0,90.3,58.4
2023-10-26 16:48:16,P-Usine_A-000529,206.4,90.0,88.72,53.7
2023-10-26 16:48:02,P-Usine_A-000530,180.5,90.0,90.36,51.3
2023-10-26 16:48:02,P-Usine_A-000530,180.5,90.0,90.36,51.3
2023-10-26 16:52:04,P-Usine_A-000531,188.4,90.0,90.19,47.8
2023-10-26 16:52:45,P-Usine_A-000532,198.5,90.0,90.44,64.1
2023-10-26 16:51:34,P-Usine_A-000533,200.7,90.0,89.32,48.8
2023-10-26 17:00:42,P-Usine_A-000534,200.2,90.0,90.75,52.3
2023-10-26 17:00:16,P-Usine_A-000535,219.8,90.0,89.32,55.1
2023-10-26 17:00:16,P-Usine_A-000535,219.8,90.0,89.32,55.1
2023-10-26 16:57:19,P-Usine_A-000536,217.5,90.0,90.39,48.2
2023-10-26 17:01:55,P-Usine_A-000537,195.7,90.0,91.52,56.2
2023-10-26 16:55:35,P-Usine_A-000538,191.4,90.0,89.08,63.9
2023-10-26 17:05:16,P-Usine_A-000539,183.2,90.0,90.04,50.6
2023-10-26 17:02:20,P-Usine_A-000540,183.6,90.0,89.44,49.3
2023-10-26 17:02:22,P-Usine_A-000541,195.0,90.0,89.83,64.1
2023-10-26 16:59:14,P-Usine_A-000542,215.7,90.0,89.95,52.7
2023-10-26 17:00:35,P-Usine_A-000543,181.7,90.0,89.76,48.3
2023-10-26 17:09:32,P-Usine_A-000544,187.0,90.0,90.21,46.2
2023-10-26 17:07:07,P-Usine_A-000545,213.0,90.0,90.14,48.5
2023-10-26 17:09:18,P-Usine_A-000546,193.0,90.0,90.29,47.1
2023-10-26 17:09:18,P-Usine_A-000546,193.0,90.0,90.29,47.1
2023-10-26 17:10:14,P-Usine_A-000547,214.0,90.0,90.05,64.3
2023-10-26 17:06:38,P-Usine_A-000548,213.0,90.0,90.31,53.5
2023-10-26 17:15:24,P-Usine_A-000549,200.4,90.0,90.3,62.9
2023-10-26 17:09:42,P-Usine_A-000550,197.7,90.0,90.63,59.9
2023-10-26 17:09:57,P-Usine_A-000551,184.7,90.0,89.73,63.1
2023-10-26 17:17:17,P-Usine_A-000552,217.7,90.0,89.81,63.2
2023-10-26 17:17:58,P-Usine_A-000553,210.9,90.0,89.91,53.3
2023-10-26 17:14:15,P-Usine_A-000554,201.9,90.0,90.34,57.9
2023-10-26 17:16:10,P-Usine_A-000555,215.5,90.0,90.64,51.9
2023-10-26 17:21:31,P-Usine_A-000556,197.1,90.0,90.44,59.3
2023-10-26 17:21:55,P-Usine_A-000557,194.8,90.0,90.02,46.9
2023-10-26 17:18:42,P-Usine_A-000558,187.1,90.0,89.71,59.3
2023-10-26 17:23:53,P-Usine_A-000559,185.0,90.0,89.72,53.3
2023-10-26 17:19:49,P-Usine_A-000560,194.7,90.0,999.9,51.4
2023-10-26 17:18:45,P-Usine_A-000561,180.8,90.0,90.07,46.2
2023-10-26 17:27:56,P-Usine_A-000562,182.5,90.0,90.45,47.5
2023-10-26 17:21:52,P-Usine_A-000563,193.7,90.0,89.32,55.8
2023-10-26 17:20:07,P-Usine_A-000564,189.1,90.0,90.2,52.6
2023-10-26 17:22:43,P-Usine_A-000565,194.3,90.0,90.44,49.0
2023-10-26 17:25:43,P-Usine_A-000566,212.3,90.0,89.88,47.4
2023-10-26 17:31:16,P-Usine_A-000567,215.7,90.0,90.1,52.6
2023-10-26 17:33:16,P-Usine_A-000568,219.2,90.0,90.65,58.1
2023-10-26 17:35:13,P-Usine_A-000569,203.5,90.0,90.61,45.3
2023-10-26 17:33:47,P-Usine_A-000570,201.2,90.0,89.83,54.1
2023-10-26 17:37:02,P-Usine_A-000571,192.9,90.0,89.63,56.1
2023-10-26 17:36:14,P-Usine_A-000572,181.4,90.0,89.78,54.2
2023-10-26 17:37:16,P-Usine_A-000573,191.7,90.0,89.61,54.0
2023-10-26 17:33:39,P-Usine_A-000574,198.1,90.0,89.84,60.8
2023-10-26 17:40:44,P-Usine_A-000575,194.8,90.0,90.79,49.4
2023-10-26 17:42:21,P-Usine_A-000576,216.3,90.0,89.5,54.6
2023-10-26 17:42:21,P-Usine_A-000576,216.3,90.0,89.5,54.6
2023-10-26 17:39:12,P-Usine_A-000577,212.7,90.0,89.78,64.6
2023-10-26 17:38:54,P-Usine_A-000578,192.7,90.0,90.82,61.3
2023-10-26 17:42:31,P-Usine_A-000579,209.4,90.0,90.73,46.2
2023-10-26 17:42:31,P-Usine_A-000579,209.4,90.0,90.73,46.2
2023-10-26 17:45:07,P-Usine_A-000580,196.9,90.0,88.88,46.6
2023-10-26 17:45:36,P-Usine_A-000581,202.1,90.0,90.06,46.5
2023-10-26 17:41:55,P-Usine_A-000582,205.0,90.0,90.65,62.0
2023-10-26 17:41:43,P-Usine_A-000583,214.8,90.0,90.52,62.3
2023-10-26 17:47:17,P-Usine_A-000584,192.2,90.0,89.76,63.5
2023-10-26 17:43:13,P-Usine_A-000585,205.0,90.0,90.01,52.7
2023-10-26 17:44:13,P-Usine_A-000586,194.5,90.0,89.66,53.9
2023-10-26 17:48:21,P-Usine_A-000587,194.3,90.0,89.6,55.2
2023-10-26 17:47:01,P-Usine_A-000588,198.3,90.0,89.12,46.7
2023-10-26 17:52:29,P-Usine_A-000589,185.8,90.0,88.97,53.2
2023-10-26 17:46:48,P-Usine_A-000590,200.5,90.0,89.4,60.8
2023-10-26 17:46:48,P-Usine_A-000590,200.5,90.0,89.4,60.8
2023-10-26 17:53:01,P-Usine_A-000591,215.1,90.0,90.09,52.0
2023-10-26 17:52:33,P-Usine_A-000592,184.9,90.0,89.37,48.0
2023-10-26 17:53:12,P-Usine_A-000593,188.8,90.0,90.54,55.8
2023-10-26 17:51:29,P-Usine_A-000594,204.2,90.0,90.26,49.4
2023-10-26 17:52:45,P-Usine_A-000595,206.6,90.0,89.61,64.2
2023-10-26 17:53:08,P-Usine_A-000596,184.1,90.0,90.38,49.9
2023-10-26 18:01:34,P-Usine_A-000597,213.3,90.0,89.46,57.8
2023-10-26 18:04:02,P-Usine_A-000598,184.1,90.0,89.02,58.7
2023-10-26 17:58:11,P-Usine_A-000599,203.7,90.0,89.73,47.3
2023-10-26 18:05:18,P-Usine_A-000600,212.6,90.0,90.23,59.1
2023-10-26 17:59:59,P-Usine_A-000601,191.1,90.0,89.7,48.2
2023-10-26 18:04:46,P-Usine_A-000602,206.3,90.0,89.85,64.7
2023-10-26 18:08:28,P-Usine_A-000603,187.4,90.0,88.69,61.4
2023-10-26 18:02:05,P-Usine_A-000604,201.8,90.0,89.3,56.1
2023-10-26 18:09:59,P-Usine_A-000605,200.8,90.0,90.35,60.5
2023-10-26 18:11:34,P-Usine_A-000606,192.5,90.0,90.55,58.2
2023-10-26 18:04:34,P-Usine_A-000607,201.4,90.0,89.9,47.9
2023-10-26 18:12:24,P-Usine_A-000608,182.4,90.0,90.63,52.6
2023-10-26 18:11:55,P-Usine_A-000609,212.0,90.0,90.6,46.2
2023-10-26 18:14:30,P-Usine_A-000610,200.1,90.0,89.53,62.9
2023-10-26 18:10:38,P-Usine_A-000611,206.9,90.0,89.85,55.6
2023-10-26 18:13:07,P-Usine_A-000612,196.9,90.0,90.37,59.9
2023-10-26 18:18:43,P-Usine_A-000613,183.4,90.0,89.19,54.3
2023-10-26 18:16:19,P-Usine_A-000614,199.3,90.0,90.09,55.2
2023-10-26 18:20:38,P-Usine_A-000615,182.5,90.0,89.69,55.5
2023-10-26 18:21:32,P-Usine_A-000616,207.5,90.0,90.26,59.6
2023-10-26 18:23:32,P-Usine_A-000617,204.7,90.0,89.41,56.8
2023-10-26 18:22:14,P-Usine_A-000618,193.1,90.0,90.21,53.2
2023-10-26 18:18:27,P-Usine_A-000619,183.6,90.0,90.35,55.7
2023-10-26 18:27:27,P-Usine_A-000620,218.6,90.0,89.97,46.1
2023-10-26 18:25:23,P-Usine_A-000621,214.3,90.0,89.89,55.4
2023-10-26 18:22:42,P-Usine_A-000622,200.2,90.0,89.5,47.2
2023-10-26 18:28:07,P-Usine_A-000623,189.4,90.0,90.49,46.3
2023-10-26 18:21:40,P-Usine_A-000624,209.8,90.0,90.02,52.8
2023-10-26 18:21:40,P-Usine_A-000624,209.8,90.0,90.02,52.8
2023-10-26 18:30:26,P-Usine_A-000625,200.5,90.0,89.95,52.5
2023-10-26 18:30:03,P-Usine_A-000626,213.3,90.0,89.53,46.6
2023-10-26 18:28:58,P-Usine_A-000627,219.3,90.0,90.0,50.6
2023-10-26 18:31:43,P-Usine_A-000628,210.1,90.0,90.37,47.1
2023-10-26 18:29:00,P-Usine_A-000629,205.9,90.0,89.73,45.5
2023-10-26 18:31:33,P-Usine_A-000630,195.8,90.0,999.9,52.6
2023-10-26 18:32:51,P-Usine_A-000631,198.0,90.0,89.58,54.1
2023-10-26 18:36:14,P-Usine_A-000632,194.1,90.0,90.49,52.3
2023-10-26 18:38:20,P-Usine_A-000633,207.9,90.0,90.65,56.7
2023-10-26 18:33:35,P-Usine_A-000634,218.7,90.0,89.56,60.5
2023-10-26 18:40:17,P-Usine_A-000635,218.9,90.0,89.76,50.5
2023-10-26 18:33:33,P-Usine_A-000636,216.2,90.0,89.75,51.9
2023-10-26 18:34:58,P-Usine_A-000637,199.8,90.0,90.69,49.0
2023-10-26 18:39:50,P-Usine_A-000638,206.9,90.0,88.91,62.2
2023-10-26 18:37:24,P-Usine_A-000639,191.6,90.0,89.74,54.7
2023-10-26 18:43:39,P-Usine_A-000640,209.0,90.0,90.96,62.3
2023-10-26 18:39:38,P-Usine_A-000641,201.3,90.0,89.48,45.4
2023-10-26 18:46:05,P-Usine_A-000642,192.0,90.0,89.99,54.4
2023-10-26 18:43:36,P-Usine_A-000643,192.9,90.0,90.62,45.3
2023-10-26 18:43:54,P-Usine_A-000644,202.7,90.0,90.3,55.7
2023-10-26 18:50:38,P-Usine_A-000645,184.1,90.0,,53.6
2023-10-26 18:48:29,P-Usine_A-000646,186.0,90.0,89.57,57.4
2023-10-26 18:47:49,P-Usine_A-000647,195.1,90.0,89.75,60.6
2023-10-26 18:47:19,P-Usine_A-000648,213.9,90.0,90.38,63.7
2023-10-26 18:54:45,P-Usine_A-000649,191.8,999.9,89.97,61.1
2023-10-26 18:48:04,P-Usine_A-000650,213.9,90.0,90.3,56.2
2023-10-26 18:52:30,P-Usine_A-000651,214.0,90.0,90.2,48.3
2023-10-26 18:49:51,P-Usine_A-000652,182.4,90.0,89.78,62.3
2023-10-26 18:51:58,P-Usine_A-000653,198.8,90.0,90.44,48.3
2023-10-26 18:52:44,P-Usine_A-000654,198.7,90.0,90.36,64.1
2023-10-26 18:54:00,P-Usine_A-000655,195.1,90.0,88.74,58.9
2023-10-26 19:01:23,P-Usine_A-000656,183.5,90.0,90.77,53.3
2023-10-26 18:54:42,P-Usine_A-000657,208.0,90.0,89.7,
2023-10-26 18:57:56,P-Usine_A-000658,186.9,90.0,88.91,58.3
2023-10-26 19:01:52,P-Usine_A-000659,201.1,90.0,89.85,53.4
2023-10-26 19:04:36,P-Usine_A-000660,181.8,90.0,89.82,54.3
2023-10-26 19:05:10,P-Usine_A-000661,189.5,90.0,90.47,50.7
2023-10-26 19:02:44,P-Usine_A-000662,216.4,90.0,89.82,46.0
2023-10-26 19:01:33,P-Usine_A-000663,200.9,90.0,90.37,62.8
2023-10-26 19:07:52,P-Usine_A-000664,190.0,90.0,90.7,53.7
2023-10-26 19:05:31,P-Usine_A-000665,216.1,90.0,89.12,47.0
2023-10-26 19:06:37,P-Usine_A-000666,196.0,90.0,89.09,61.4
2023-10-26 19:03:57,P-Usine_A-000667,183.3,90.0,90.05,48.1
2023-10-26 19:04:49,P-Usine_A-000668,210.2,90.0,90.37,63.0
2023-10-26 19:11:44,P-Usine_A-000669,207.6,90.0,89.63,51.8
2023-10-26 19:10:53,P-Usine_A-000670,196.3,90.0,89.75,46.7
2023-10-26 19:10:17,P-Usine_A-000671,213.0,90.0,90.83,52.2
2023-10-26 19:11:15,P-Usine_A-000672,197.2,90.0,,62.8
2023-10-26 19:15:48,P-Usine_A-000673,208.7,90.0,89.52,63.2
2023-10-26 19:20:16,P-Usine_A-000674,219.4,90.0,89.22,60.5
2023-10-26 19:13:17,P-Usine_A-000675,195.0,90.0,90.31,46.8
2023-10-26 19:20:36,P-Usine_A-000676,206.9,90.0,90.02,46.3
2023-10-26 19:19:45,P-Usine_A-000677,211.7,90.0,89.89,47.2
2023-10-26 19:20:25,P-Usine_A-000678,209.3,90.0,90.19,62.7
2023-10-26 19:23:51,P-Usine_A-000679,204.6,90.0,90.17,57.9
2023-10-26 19:18:07,P-Usine_A-000680,203.5,90.0,91.13,49.3
2023-10-26 19:20:07,P-Usine_A-000681,208.7,90.0,89.89,49.5
2023-10-26 19:20:07,P-Usine_A-000681,208.7,90.0,89.89,49.5
2023-10-26 19:25:20,P-Usine_A-000682,200.8,90.0,89.72,61.6
2023-10-26 19:26:42,P-Usine_A-000683,180.5,90.0,90.23,48.9
2023-10-26 19:30:14,P-Usine_A-000684,207.2,90.0,89.72,47.6
2023-10-26 19:23:02,P-Usine_A-000685,211.7,90.0,90.52,60.8
2023-10-26 19:25:23,P-Usine_A-000686,207.8,90.0,91.25,49.2
2023-10-26 19:31:17,P-Usine_A-000687,205.6,90.0,89.73,57.2
2023-10-26 19:25:13,P-Usine_A-000688,215.6,90.0,89.65,49.7
2023-10-26 19:26:17,P-Usine_A-000689,182.9,90.0,89.32,56.5
2023-10-26 19:32:46,P-Usine_A-000690,184.7,90.0,89.24,49.8
2023-10-26 19:30:05,P-Usine_A-000691,181.8,90.0,89.79,63.0
2023-10-26 19:36:23,P-Usine_A-000692,191.1,90.0,89.63,57.4
2023-10-26 19:33:16,P-Usine_A-000693,212.7,90.0,90.02,50.5
2023-10-26 19:40:20,P-Usine_A-000694,219.6,90.0,89.77,61.0
2023-10-26 19:39:29,P-Usine_A-000695,192.1,90.0,89.46,51.0
2023-10-26 19:39:34,P-Usine_A-000696,207.4,90.0,89.02,49.6
2023-10-26 19:36:49,P-Usine_A-000697,211.3,90.0,89.71,48.5
2023-10-26 19:38:38,P-Usine_A-000698,199.2,90.0,90.34,63.1
2023-10-26 19:44:28,P-Usine_A-000699,999.9,90.0,89.7,45.6
2023-10-26 19:39:04,P-Usine_A-000700,215.8,90.0,90.35,50.2
2023-10-26 19:47:31,P-Usine_A-000701,202.5,90.0,90.19,47.1
2023-10-26 19:39:12,P-Usine_A-000702,200.4,90.0,90.14,45.5
2023-10-26 19:47:00,P-Usine_A-000703,215.3,90.0,89.61,55.7
2023-10-26 19:40:48,P-Usine_A-000704,194.0,90.0,90.48,49.8
2023-10-26 19:48:33,P-Usine_A-000705,190.9,90.0,90.03,61.8
2023-10-26 19:43:51,P-Usine_A-000706,187.7,90.0,90.09,57.1
2023-10-26 19:53:37,P-Usine_A-000707,191.3,90.0,90.02,55.4
2023-10-26 19:49:15,P-Usine_A-000708,216.2,90.0,89.39,55.8
2023-10-26 19:53:48,P-Usine_A-000709,183.2,90.0,90.26,59.9
2023-10-26 19:51:03,P-Usine_A-000710,183.3,90.0,90.75,59.4
2023-10-26 19:57:31,P-Usine_A-000711,202.7,90.0,90.38,56.1
2023-10-26 19:50:07,P-Usine_A-000712,203.2,90.0,90.06,52.5
2023-10-26 19:56:08,P-Usine_A-000713,200.1,90.0,90.59,56.4
2023-10-26 19:51:41,P-Usine_A-000714,192.2,90.0,90.19,49.9
2023-10-26 19:52:06,P-Usine_A-000715,207.8,90.0,90.09,45.0
2023-10-26 19:58:00,P-Usine_A-000716,186.7,90.0,90.78,57.0
2023-10-26 20:00:44,P-Usine_A-000717,181.1,90.0,90.38,51.9
2023-10-26 20:04:07,P-Usine_A-000718,203.6,90.0,90.45,60.0
2023-10-26 19:55:42,P-Usine_A-000719,215.9,90.0,90.11,47.0
2023-10-26 20:03:47,P-Usine_A-000720,213.0,90.0,89.01,63.6
2023-10-26 20:02:23,P-Usine_A-000721,216.8,90.0,90.41,53.8
2023-10-26 20:02:59,P-Usine_A-000722,187.6,90.0,90.27,47.6
2023-10-26 19:59:56,P-Usine_A-000723,181.4,90.0,90.92,
2023-10-26 20:09:04,P-Usine_A-000724,,90.0,90.36,61.9
2023-10-26 20:04:56,P-Usine_A-000725,213.5,90.0,90.17,62.3
2023-10-26 20:11:05,P-Usine_A-000726,187.4,90.0,88.94,55.7
2023-10-26 20:07:30,P-Usine_A-000727,208.3,90.0,91.01,64.3
2023-10-26 20:12:34,P-Usine_A-000728,186.6,90.0,89.8,53.3
2023-10-26 20:11:16,P-Usine_A-000729,204.2,90.0,89.06,61.3
2023-10-26 20:16:26,P-Usine_A-000730,184.3,90.0,90.97,56.0
2023-10-26 20:10:39,P-Usine_A-000731,213.7,90.0,89.12,47.7
2023-10-26 20:14:08,P-Usine_A-000732,214.6,90.0,90.87,58.4
2023-10-26 20:16:42,P-Usine_A-000733,207.7,90.0,89.65,64.1
2023-10-26 20:16:42,P-Usine_A-000733,207.7,90.0,89.65,64.1
2023-10-26 20:18:59,P-Usine_A-000734,211.0,90.0,90.12,45.7
2023-10-26 20:15:41,,209.3,90.0,90.33,58.0
2023-10-26 20:18:17,P-Usine_A-000736,212.8,90.0,90.06,60.0
2023-10-26 20:21:42,P-Usine_A-000737,192.7,90.0,89.43,61.4
2023-10-26 20:19:57,P-Usine_A-000738,212.4,90.0,89.57,56.1
2023-10-26 20:23:34,P-Usine_A-000739,206.9,90.0,90.08,47.4
2023-10-26 20:17:38,P-Usine_A-000740,189.7,90.0,89.33,50.9
2023-10-26 20:22:08,P-Usine_A-000741,180.1,90.0,90.47,61.4
2023-10-26 20:22:08,P-Usine_A-000741,180.1,90.0,90.47,61.4
2023-10-26 20:20:35,P-Usine_A-000742,185.7,90.0,90.52,59.9
2023-10-26 20:20:16,P-Usine_A-000743,197.6,90.0,89.73,48.6
2023-10-26 20:25:41,P-Usine_A-000744,202.5,90.0,90.15,56.4
2023-10-26 20:27:17,P-Usine_A-000745,190.6,90.0,89.24,63.4
2023-10-26 20:27:52,P-Usine_A-000746,211.5,90.0,90.27,62.0
2023-10-26 20:32:40,P-Usine_A-000747,218.2,90.0,89.95,47.6
2023-10-26 20:26:26,P-Usine_A-000748,211.5,90.0,89.26,49.0
2023-10-26 20:27:05,P-Usine_A-000749,207.0,90.0,89.38,53.3
2023-10-26 20:36:18,P-Usine_A-000750,195.9,90.0,90.53,52.1
2023-10-26 20:34:24,P-Usine_A-000751,193.8,90.0,89.39,55.6
2023-10-26 20:37:33,P-Usine_A-000752,216.0,90.0,89.64,60.3
2023-10-26 20:34:29,P-Usine_A-000753,204.5,90.0,90.61,61.4
2023-10-26 20:37:47,P-Usine_A-000754,214.1,90.0,89.72,53.5
2023-10-26 20:32:04,P-Usine_A-000755,197.0,90.0,90.04,60.5
2023-10-26 20:39:57,P-Usine_A-000756,202.5,90.0,89.57,50.7
2023-10-26 20:41:48,P-Usine_A-000757,206.5,90.0,90.89,999.9
2023-10-26 20:38:24,P-Usine_A-000758,187.7,90.0,90.44,54.0
,P-Usine_A-000759,184.8,90.0,90.09,60.4
2023-10-26 20:39:07,P-Usine_A-000760,192.9,90.0,999.9,60.3
2023-10-26 20:46:38,P-Usine_A-000761,191.0,90.0,90.33,51.4
2023-10-26 20:42:12,P-Usine_A-000762,201.8,90.0,88.77,48.0
2023-10-26 20:45:36,P-Usine_A-000763,184.5,90.0,90.03,60.9
2023-10-26 20:43:55,P-Usine_A-000764,211.1,90.0,90.57,45.6
2023-10-26 20:48:06,P-Usine_A-000765,216.9,90.0,89.82,61.3
2023-10-26 20:49:39,P-Usine_A-000766,216.2,90.0,90.95,49.0
2023-10-26 20:49:46,P-Usine_A-000767,197.4,90.0,89.82,49.4
2023-10-26 20:46:20,P-Usine_A-000768,195.7,90.0,89.8,63.3
2023-10-26 20:50:41,P-Usine_A-000769,203.0,90.0,89.68,59.7
2023-10-26 20:55:53,P-Usine_A-000770,209.7,90.0,89.7,56.3
2023-10-26 20:48:05,P-Usine_A-000771,192.8,90.0,90.27,45.5
2023-10-26 20:48:05,P-Usine_A-000771,192.8,90.0,90.27,45.5
2023-10-26 20:51:48,P-Usine_A-000772,192.3,90.0,90.52,63.2
2023-10-26 20:51:10,P-Usine_A-000773,205.2,90.0,89.58,52.6
2023-10-26 20:59:27,P-Usine_A-000774,199.0,90.0,90.43,60.8
2023-10-26 21:00:53,P-Usine_A-000775,201.0,90.0,88.96,64.7
2023-10-26 20:58:22,P-Usine_A-000776,216.3,90.0,91.1,49.0
2023-10-26 20:58:11,P-Usine_A-000777,195.8,90.0,90.48,54.9
2023-10-26 20:57:39,P-Usine_A-000778,217.6,90.0,90.47,46.6
2023-10-26 21:03:30,P-Usine_A-000779,184.2,90.0,89.99,47.8
2023-10-26 21:00:31,P-Usine_A-000780,215.0,90.0,89.31,51.1
2023-10-26 21:02:00,P-Usine_A-000781,214.1,90.0,90.68,64.8
2023-10-26 21:05:26,P-Usine_A-000782,205.1,90.0,999.9,63.3
2023-10-26 21:07:31,P-Usine_A-000783,184.7,90.0,90.24,999.9
2023-10-26 21:03:48,P-Usine_A-000784,197.3,90.0,89.84,62.7
2023-10-26 21:11:14,P-Usine_A-000785,194.5,90.0,90.52,59.1
2023-10-26 21:12:33,P-Usine_A-000786,216.2,90.0,89.78,50.9
2023-10-26 21:08:27,P-Usine_A-000787,216.8,90.0,90.48,46.9
2023-10-26 21:13:18,P-Usine_A-000788,204.4,90.0,90.39,48.5
2023-10-26 21:12:13,P-Usine_A-000789,206.6,90.0,90.22,59.2
2023-10-26 21:13:37,P-Usine_A-000790,193.5,90.0,89.42,60.6
2023-10-26 21:13:54,P-Usine_A-000791,185.9,90.0,89.09,47.2
2023-10-26 21:13:43,P-Usine_A-000792,214.7,90.0,,62.9
2023-10-26 21:16:15,P-Usine_A-000793,199.4,90.0,89.6,57.7
2023-10-26 21:16:15,P-Usine_A-000793,199.4,90.0,89.6,57.7
2023-10-26 21:12:52,P-Usine_A-000794,210.5,90.0,91.1,51.8
2023-10-26 21:15:55,P-Usine_A-000795,205.7,90.0,90.08,53.0
2023-10-26 21:15:50,P-Usine_A-000796,207.0,90.0,90.31,
2023-10-26 21:21:26,P-Usine_A-000797,202.4,90.0,89.9,49.8
2023-10-26 21:16:45,P-Usine_A-000798,215.9,90.0,89.26,54.2
2023-10-26 21:25:08,P-Usine_A-000799,195.3,90.0,88.81,63.9
2023-10-26 21:21:22,P-Usine_A-000800,215.6,90.0,89.84,61.8
2023-10-26 21:22:24,P-Usine_A-000801,192.2,90.0,90.78,56.0
2023-10-26 21:19:31,P-Usine_A-000802,198.0,90.0,89.35,58.2
2023-10-26 21:24:54,P-Usine_A-000803,202.6,90.0,90.25,62.9
2023-10-26 21:26:33,P-Usine_A-000804,209.5,90.0,89.37,51.2
2023-10-26 21:25:06,P-Usine_A-000805,197.6,90.0,90.26,50.1
2023-10-26 21:25:18,P-Usine_A-000806,180.8,90.0,90.16,51.9
2023-10-26 21:26:32,P-Usine_A-000807,201.2,90.0,90.63,48.3
2023-10-26 21:32:33,P-Usine_A-000808,195.7,90.0,89.77,56.6
2023-10-26 21:29:48,P-Usine_A-000809,194.1,90.0,90.2,61.1
2023-10-26 21:30:44,P-Usine_A-000810,213.3,90.0,90.15,64.3
2023-10-26 21:34:48,P-Usine_A-000811,208.3,90.0,90.12,51.9
2023-10-26 21:35:15,P-Usine_A-000812,206.8,90.0,90.14,45.6
2023-10-26 21:38:11,P-Usine_A-000813,198.8,90.0,89.85,60.9
2023-10-26 21:33:12,P-Usine_A-000814,208.2,90.0,89.76,62.4
2023-10-26 21:38:59,P-Usine_A-000815,195.5,90.0,90.81,47.8
2023-10-26 21:38:40,P-Usine_A-000816,211.2,90.0,89.67,61.4
2023-10-26 21:39:42,P-Usine_A-000817,191.2,90.0,90.02,61.6
2023-10-26 21:43:43,P-Usine_A-000818,207.2,90.0,89.65,47.9
2023-10-26 21:43:43,P-Usine_A-000818,207.2,90.0,89.65,47.9
2023-10-26 21:41:20,P-Usine_A-000819,202.4,90.0,89.3,62.5
2023-10-26 21:38:42,P-Usine_A-000820,218.8,90.0,89.2,59.5
2023-10-26 21:39:50,P-Usine_A-000821,208.4,90.0,90.56,47.8
2023-10-26 21:45:15,P-Usine_A-000822,192.8,90.0,89.75,56.1
2023-10-26 21:46:55,P-Usine_A-000823,201.1,90.0,91.39,62.5
2023-10-26 21:46:24,P-Usine_A-000824,197.5,90.0,90.47,58.1
2023-10-26 21:44:48,P-Usine_A-000825,194.8,90.0,90.71,48.4
2023-10-26 21:44:44,P-Usine_A-000826,209.7,90.0,89.31,50.5
2023-10-26 21:43:39,P-Usine_A-000827,193.6,90.0,88.87,58.9
2023-10-26 21:47:20,P-Usine_A-000828,204.9,90.0,90.28,46.9
2023-10-26 21:51:49,P-Usine_A-000829,198.7,90.0,90.09,48.3
2023-10-26 21:51:49,P-Usine_A-000830,214.5,90.0,90.21,63.8
2023-10-26 21:50:09,P-Usine_A-000831,203.2,,90.03,51.5
2023-10-26 21:51:53,P-Usine_A-000832,210.2,90.0,89.92,46.2
2023-10-26 21:59:19,P-Usine_A-000833,217.3,90.0,90.03,47.4
2023-10-26 21:59:22,P-Usine_A-000834,208.9,90.0,89.48,55.3
2023-10-26 21:56:32,P-Usine_A-000835,213.9,90.0,90.34,55.3
2023-10-26 21:59:01,P-Usine_A-000836,216.0,90.0,89.88,47.0
2023-10-26 21:59:01,P-Usine_A-000836,216.0,90.0,89.88,47.0
2023-10-26 21:57:32,P-Usine_A-000837,203.4,90.0,89.87,49.7
2023-10-26 22:00:52,P-Usine_A-000838,195.7,90.0,89.62,56.7
2023-10-26 22:05:00,P-Usine_A-000839,183.2,90.0,90.27,60.5
2023-10-26 22:05:04,P-Usine_A-000840,206.0,90.0,90.59,46.4
2023-10-26 22:04:15,P-Usine_A-000841,192.3,90.0,90.52,48.6
2023-10-26 22:03:33,,198.0,90.0,89.37,58.9
2023-10-26 22:02:45,P-Usine_A-000843,207.2,90.0,90.5,63.5
2023-10-26 22:03:46,P-Usine_A-000844,186.8,90.0,89.69,47.1
2023-10-26 22:03:12,P-Usine_A-000845,205.1,90.0,90.03,57.2
2023-10-26 22:03:55,P-Usine_A-000846,203.7,90.0,90.23,54.9
2023-10-26 22:13:44,P-Usine_A-000847,205.0,90.0,90.31,47.7
2023-10-26 22:14:36,P-Usine_A-000848,184.9,90.0,89.59,57.2
2023-10-26 22:13:05,P-Usine_A-000849,202.4,90.0,90.46,62.8
2023-10-26 22:13:43,P-Usine_A-000850,196.2,90.0,89.99,57.8
2023-10-26 22:08:20,P-Usine_A-000851,215.4,90.0,90.33,61.0
2023-10-26 22:13:34,P-Usine_A-000852,189.0,90.0,89.64,61.2
2023-10-26 22:17:42,P-Usine_A-000853,207.0,90.0,90.13,54.6
2023-10-26 22:14:49,P-Usine_A-000854,202.9,90.0,90.22,57.8
2023-10-26 22:21:48,P-Usine_A-000855,191.6,90.0,89.12,57.4
2023-10-26 22:18:29,P-Usine_A-000856,204.4,90.0,90.0,51.5
2023-10-26 22:14:56,P-Usine_A-000857,207.9,90.0,90.22,54.2
2023-10-26 22:23:02,P-Usine_A-000858,207.1,90.0,90.1,46.2
2023-10-26 22:25:43,P-Usine_A-000859,216.0,90.0,90.66,49.4
2023-10-26 22:26:53,P-Usine_A-000860,185.6,90.0,89.36,53.3
2023-10-26 22:20:27,P-Usine_A-000861,194.9,90.0,89.4,55.2
2023-10-26 22:28:09,P-Usine_A-000862,194.8,90.0,90.15,45.2
2023-10-26 22:24:56,P-Usine_A-000863,182.0,90.0,89.48,56.4
2023-10-26 22:28:03,P-Usine_A-000864,189.0,90.0,90.24,64.8
2023-10-26 22:24:45,P-Usine_A-000865,207.2,90.0,90.95,59.9
2023-10-26 22:24:05,P-Usine_A-000866,212.5,90.0,90.41,49.8
2023-10-26 22:26:06,P-Usine_A-000867,207.5,90.0,90.65,56.3
2023-10-26 22:34:50,P-Usine_A-000868,202.3,90.0,89.54,52.6
2023-10-26 22:34:50,P-Usine_A-000868,202.3,90.0,89.54,52.6
2023-10-26 22:35:19,P-Usine_A-000869,199.4,90.0,90.08,50.4
2023-10-26 22:31:27,P-Usine_A-000870,197.3,90.0,90.02,63.4
2023-10-26 22:37:58,P-Usine_A-000871,186.5,90.0,90.06,55.2
2023-10-26 22:31:06,P-Usine_A-000872,201.5,90.0,90.08,47.3
2023-10-26 22:32:08,P-Usine_A-000873,217.3,90.0,89.59,45.6
2023-10-26 22:36:11,P-Usine_A-000874,183.8,90.0,90.04,57.5
2023-10-26 22:35:52,P-Usine_A-000875,212.4,90.0,89.27,63.3
2023-10-26 22:38:16,P-Usine_A-000876,217.2,999.9,89.97,57.3
2023-10-26 22:38:00,P-Usine_A-000877,183.4,90.0,90.75,48.5
2023-10-26 22:37:11,P-Usine_A-000878,208.8,90.0,90.07,62.9
2023-10-26 22:45:06,P-Usine_A-000879,196.6,90.0,89.45,49.9
2023-10-26 22:40:02,P-Usine_A-000880,206.4,90.0,90.44,51.6
2023-10-26 22:46:59,P-Usine_A-000881,209.8,90.0,90.03,60.0
2023-10-26 22:43:17,P-Usine_A-000882,213.6,90.0,89.83,59.4
2023-10-26 22:44:03,P-Usine_A-000883,208.1,90.0,88.75,64.8
2023-10-26 22:44:38,P-Usine_A-000884,204.1,90.0,90.52,57.9
2023-10-26 22:47:26,P-Usine_A-000885,197.5,90.0,90.72,56.1
2023-10-26 22:49:11,P-Usine_A-000886,208.3,90.0,90.15,55.8
2023-10-26 22:46:37,P-Usine_A-000887,193.9,90.0,90.33,46.3
2023-10-26 22:48:19,P-Usine_A-000888,181.2,90.0,91.09,62.7
2023-10-26 22:52:35,P-Usine_A-000889,218.2,90.0,89.68,57.3
2023-10-26 22:57:54,P-Usine_A-000890,192.1,90.0,89.52,62.3
2023-10-26 22:51:40,P-Usine_A-000891,184.8,90.0,90.17,64.9
2023-10-26 22:54:57,P-Usine_A-000892,209.8,90.0,89.95,50.0
2023-10-26 22:56:51,P-Usine_A-000893,211.3,90.0,90.32,56.5
2023-10-26 22:56:51,P-Usine_A-000893,211.3,90.0,90.32,56.5
2023-10-26 22:58:23,P-Usine_A-000894,185.3,90.0,90.3,50.7
2023-10-26 22:53:12,P-Usine_A-000895,211.2,90.0,89.22,64.2
2023-10-26 23:00:21,P-Usine_A-000896,219.6,90.0,90.33,55.8
2023-10-26 22:54:45,P-Usine_A-000897,214.6,90.0,90.33,63.1
2023-10-26 23:00:33,P-Usine_A-000898,184.0,90.0,90.33,64.0
2023-10-26 23:01:46,P-Usine_A-000899,208.4,90.0,89.21,58.2
2023-10-26 23:01:16,P-Usine_A-000900,204.9,90.0,89.47,57.1
2023-10-26 23:00:29,P-Usine_A-000901,207.6,90.0,91.17,52.2
2023-10-26 23:00:48,P-Usine_A-000902,216.0,90.0,90.6,59.8
2023-10-26 23:02:11,P-Usine_A-000903,184.1,90.0,90.08,58.7
2023-10-26 23:04:24,P-Usine_A-000904,187.0,90.0,89.04,53.3
2023-10-26 23:11:26,P-Usine_A-000905,999.9,90.0,89.63,63.4
2023-10-26 23:10:18,P-Usine_A-000906,198.7,90.0,89.89,63.8
2023-10-26 23:11:45,P-Usine_A-000907,195.3,90.0,89.9,61.7
2023-10-26 23:05:17,P-Usine_A-000908,186.9,90.0,90.01,47.8
2023-10-26 23:13:22,P-Usine_A-000909,216.2,,90.13,49.3
2023-10-26 23:16:18,P-Usine_A-000910,197.2,90.0,90.64,64.6
2023-10-26 23:15:48,P-Usine_A-000911,182.1,90.0,89.89,59.3
2023-10-26 23:14:49,P-Usine_A-000912,184.5,90.0,90.09,59.7
2023-10-26 23:19:14,P-Usine_A-000913,200.4,90.0,89.47,47.3
2023-10-26 23:15:47,P-Usine_A-000914,211.5,90.0,90.14,51.7
2023-10-26 23:15:47,P-Usine_A-000915,213.5,90.0,89.91,64.6
2023-10-26 23:14:50,P-Usine_A-000916,187.5,90.0,89.46,55.6
2023-10-26 23:23:25,P-Usine_A-000917,203.0,90.0,89.91,52.3
2023-10-26 23:22:36,P-Usine_A-000918,211.2,90.0,90.01,49.7
2023-10-26 23:19:16,P-Usine_A-000919,184.6,90.0,89.94,47.2
2023-10-26 23:26:24,P-Usine_A-000920,191.4,90.0,89.95,64.0
2023-10-26 23:23:15,P-Usine_A-000921,207.6,90.0,90.37,60.4
2023-10-26 23:20:02,P-Usine_A-000922,180.7,90.0,90.3,59.1
2023-10-26 23:28:42,P-Usine_A-000923,215.1,90.0,89.99,46.4
2023-10-26 23:26:35,P-Usine_A-000924,188.8,90.0,88.95,51.4
2023-10-26 23:29:21,P-Usine_A-000925,183.9,90.0,89.74,45.9
2023-10-26 23:30:22,P-Usine_A-000926,184.6,90.0,90.34,48.0
2023-10-26 23:27:55,P-Usine_A-000927,205.4,90.0,89.8,63.7
2023-10-26 23:33:40,P-Usine_A-000928,207.7,90.0,89.41,61.5
2023-10-26 23:29:23,P-Usine_A-000929,182.3,90.0,89.07,57.2
2023-10-26 23:31:11,P-Usine_A-000930,219.7,90.0,89.72,56.4
2023-10-26 23:38:05,P-Usine_A-000931,218.5,90.0,89.64,57.4
2023-10-26 23:34:47,P-Usine_A-000932,201.6,90.0,89.64,56.5
2023-10-26 23:34:08,P-Usine_A-000933,211.4,90.0,90.31,53.9
2023-10-26 23:39:04,P-Usine_A-000934,204.9,90.0,90.34,60.3
2023-10-26 23:41:05,P-Usine_A-000935,187.8,90.0,89.56,47.0
2023-10-26 23:34:44,P-Usine_A-000936,182.2,90.0,90.25,61.5
2023-10-26 23:43:12,P-Usine_A-000937,181.2,90.0,90.4,57.7
2023-10-26 23:38:47,P-Usine_A-000938,192.4,90.0,90.32,47.5
2023-10-26 23:37:04,P-Usine_A-000939,204.6,90.0,90.5,999.9
2023-10-26 23:38:29,P-Usine_A-000940,206.6,90.0,89.82,64.5
2023-10-26 23:41:40,P-Usine_A-000941,197.4,90.0,89.82,55.2
2023-10-26 23:41:40,P-Usine_A-000941,197.4,90.0,89.82,55.2
2023-10-26 23:40:27,P-Usine_A-000942,212.4,90.0,89.48,58.9
2023-10-26 23:47:57,P-Usine_A-000943,182.3,90.0,89.61,57.6
2023-10-26 23:47:45,P-Usine_A-000944,203.9,90.0,89.86,61.2
2023-10-26 23:44:22,P-Usine_A-000945,200.1,90.0,90.6,52.4
2023-10-26 23:50:37,P-Usine_A-000946,214.7,90.0,89.4,59.4
2023-10-26 23:50:44,P-Usine_A-000947,181.1,90.0,90.15,47.7
2023-10-26 23:52:46,P-Usine_A-000948,219.8,90.0,89.33,53.0
2023-10-26 23:53:45,P-Usine_A-000949,209.1,90.0,89.84,50.4
2023-10-26 23:56:34,P-Usine_A-000950,201.2,90.0,89.8,47.2
2023-10-26 23:48:56,P-Usine_A-000951,215.0,90.0,90.07,59.6
2023-10-27 00:00:03,P-Usine_A-000952,201.6,90.0,90.72,50.9
2023-10-26 23:53:35,P-Usine_A-000953,219.9,90.0,89.94,47.8
2023-10-27 00:00:31,P-Usine_A-000954,220.0,90.0,89.72,59.8
2023-10-26 23:58:57,P-Usine_A-000955,186.3,90.0,90.42,64.3
2023-10-26 23:58:03,P-Usine_A-000956,199.5,90.0,90.66,52.9
2023-10-26 23:55:50,P-Usine_A-000957,196.8,90.0,88.85,55.8
2023-10-27 00:05:02,P-Usine_A-000958,213.9,90.0,89.17,56.1
2023-10-26 23:58:35,P-Usine_A-000959,214.8,90.0,89.33,45.3
2023-10-27 00:00:15,P-Usine_A-000960,196.3,90.0,90.33,48.7
2023-10-27 00:08:38,P-Usine_A-000961,210.8,90.0,89.38,54.3
2023-10-27 00:00:53,P-Usine_A-000962,183.8,90.0,90.43,63.0
2023-10-27 00:09:29,P-Usine_A-000963,183.1,90.0,90.68,47.9
2023-10-27 00:07:54,P-Usine_A-000964,212.7,90.0,90.22,58.8
2023-10-27 00:05:53,P-Usine_A-000965,198.2,90.0,89.92,49.8
2023-10-27 00:09:54,P-Usine_A-000966,197.4,90.0,90.32,58.6
2023-10-27 00:10:35,P-Usine_A-000967,208.1,90.0,90.81,55.7
2023-10-27 00:11:20,P-Usine_A-000968,191.9,999.9,89.96,53.2
2023-10-27 00:07:07,P-Usine_A-000969,215.8,90.0,89.77,47.8
2023-10-27 00:07:07,P-Usine_A-000969,215.8,90.0,89.77,47.8
2023-10-27 00:09:06,P-Usine_A-000970,211.8,90.0,89.39,49.8
2023-10-27 00:18:13,P-Usine_A-000971,209.8,90.0,90.27,55.1
2023-10-27 00:19:44,P-Usine_A-000972,218.1,90.0,89.45,45.1
2023-10-27 00:16:55,P-Usine_A-000973,189.8,90.0,90.39,56.3
2023-10-27 00:19:14,P-Usine_A-000974,180.7,90.0,90.61,60.1
2023-10-27 00:13:54,P-Usine_A-000975,187.7,90.0,90.99,54.0
2023-10-27 00:20:12,P-Usine_A-000976,187.5,90.0,90.16,63.1
2023-10-27 00:23:44,P-Usine_A-000977,182.5,90.0,90.29,63.7
2023-10-27 00:17:02,P-Usine_A-000978,191.8,90.0,88.82,54.9
2023-10-27 00:19:18,P-Usine_A-000979,194.6,90.0,89.98,51.5
2023-10-27 00:26:16,P-Usine_A-000980,186.1,90.0,90.65,53.4
2023-10-27 00:21:05,P-Usine_A-000981,188.0,90.0,89.83,62.7
2023-10-27 00:24:34,P-Usine_A-000982,198.7,90.0,90.6,52.1
2023-10-27 00:22:24,P-Usine_A-000983,183.2,90.0,89.9,63.6
2023-10-27 00:24:07,P-Usine_A-000984,180.1,90.0,89.41,59.7
2023-10-27 00:32:03,P-Usine_A-000985,192.4,90.0,89.74,55.5
2023-10-27 00:30:34,P-Usine_A-000986,201.0,90.0,89.56,63.0
2023-10-27 00:27:13,P-Usine_A-000987,209.8,90.0,90.88,45.1
2023-10-27 00:33:25,P-Usine_A-000988,189.4,90.0,89.97,45.8
2023-10-27 00:28:27,P-Usine_A-000989,206.1,90.0,89.65,58.4
2023-10-27 00:37:43,P-Usine_A-000990,192.6,90.0,90.27,57.8
2023-10-27 00:36:01,P-Usine_A-000991,184.1,90.0,90.37,54.9
2023-10-27 00:34:19,P-Usine_A-000992,208.8,90.0,90.6,64.1
2023-10-27 00:31:35,P-Usine_A-000993,204.8,90.0,89.87,60.8
2023-10-27 00:33:22,P-Usine_A-000994,187.2,90.0,88.54,57.5
2023-10-27 00:37:24,P-Usine_A-000995,216.2,90.0,89.77,63.0
2023-10-27 00:38:44,P-Usine_A-000996,214.0,90.0,89.93,61.5
2023-10-27 00:40:29,P-Usine_A-000997,211.2,90.0,89.95,64.3
2023-10-27 00:44:45,P-Usine_A-000998,193.8,90.0,999.9,52.0
2023-10-27 00:46:16,P-Usine_A-000999,185.1,90.0,89.84,54.6
2023-10-27 00:43:16,P-Usine_A-001000,218.4,90.0,90.28,54.3
