timestamp,batch_id,oven_temp_c,immersion_time_sec,coating_thickness_um,energy_kwh
2023-10-26 08:00:44,B-Usine_A-0001,457.9,233.0,118.3,22.57
2023-10-26 07:58:50,B-Usine_A-0001,457.2,197.0,85.0,19.15
2023-10-26 08:01:12,B-Usine_A-0001,444.3,194.0,95.3,24.91
2023-10-26 08:04:31,B-Usine_A-0001,440.2,190.0,99.5,18.55
2023-10-26 08:01:40,B-Usine_A-0001,451.1,192.0,114.6,20.29
2023-10-26 08:02:34,B-Usine_A-0001,451.9,205.0,105.7,24.26
2023-10-26 08:09:15,B-Usine_A-0001,451.5,209.0,94.2,21.63
2023-10-26 08:08:17,B-Usine_A-0001,450.9,212.0,118.9,24.12
2023-10-26 08:09:47,B-Usine_A-0001,457.3,230.0,113.4,24.16
2023-10-26 08:14:47,B-Usine_A-0001,457.7,232.0,83.0,23.18
2023-10-26 08:15:38,B-Usine_A-0002,454.5,224.0,93.0,18.11
2023-10-26 08:12:29,B-Usine_A-0002,455.5,236.0,101.0,19.19
2023-10-26 08:14:32,B-Usine_A-0002,459.9,235.0,103.4,15.21
2023-10-26 08:15:47,B-Usine_A-0002,441.6,229.0,86.7,23.71
2023-10-26 08:11:36,B-Usine_A-0002,455.3,208.0,81.2,19.78
2023-10-26 08:16:39,B-Usine_A-0002,443.0,192.0,88.1,21.95
2023-10-26 08:17:30,B-Usine_A-0002,448.7,233.0,96.7,18.0
2023-10-26 08:18:30,B-Usine_A-0002,459.8,191.0,115.0,19.01
2023-10-26 08:16:28,B-Usine_A-0002,446.4,189.0,82.1,999.9
2023-10-26 08:18:18,B-Usine_A-0002,447.2,187.0,87.1,16.31
2023-10-26 08:16:55,B-Usine_A-0003,444.5,222.0,99.9,17.96
2023-10-26 08:18:56,B-Usine_A-0003,999.9,239.0,85.9,20.18
2023-10-26 08:27:32,B-Usine_A-0003,458.7,225.0,101.9,17.1
2023-10-26 08:23:53,B-Usine_A-0003,458.6,199.0,111.3,23.59
2023-10-26 08:24:24,B-Usine_A-0003,453.9,190.0,86.2,
2023-10-26 08:31:00,B-Usine_A-0003,445.5,209.0,108.5,24.68
2023-10-26 08:26:09,B-Usine_A-0003,440.3,184.0,105.1,24.91
2023-10-26 08:24:30,B-Usine_A-0003,441.5,225.0,87.8,16.66
2023-10-26 08:28:26,B-Usine_A-0003,459.6,201.0,105.4,15.69
2023-10-26 08:27:35,B-Usine_A-0003,441.9,194.0,98.1,22.62
2023-10-26 08:35:44,B-Usine_A-0004,459.9,204.0,105.5,19.65
2023-10-26 08:32:54,B-Usine_A-0004,453.4,185.0,101.8,16.93
2023-10-26 08:36:12,B-Usine_A-0004,455.5,186.0,87.2,19.54
2023-10-26 08:34:24,B-Usine_A-0004,448.2,196.0,97.1,16.1
2023-10-26 08:38:40,B-Usine_A-0004,443.0,211.0,81.9,22.51
2023-10-26 08:38:40,B-Usine_A-0004,443.0,211.0,81.9,22.51
2023-10-26 08:32:22,B-Usine_A-0004,448.4,196.0,119.3,17.66
2023-10-26 08:36:41,B-Usine_A-0004,446.3,229.0,80.9,22.47
2023-10-26 08:39:16,B-Usine_A-0004,454.2,203.0,112.8,24.68
2023-10-26 08:43:59,B-Usine_A-0004,452.7,181.0,85.0,20.36
2023-10-26 08:40:52,B-Usine_A-0004,444.9,217.0,103.3,19.91
2023-10-26 08:43:42,B-Usine_A-0005,453.7,196.0,93.8,18.19
2023-10-26 08:44:06,B-Usine_A-0005,444.6,186.0,106.0,22.75
2023-10-26 08:42:57,B-Usine_A-0005,448.8,221.0,82.0,19.61
2023-10-26 08:44:46,B-Usine_A-0005,442.2,217.0,87.8,22.49
2023-10-26 08:44:55,B-Usine_A-0005,456.5,231.0,94.9,20.29
2023-10-26 08:47:28,B-Usine_A-0005,448.2,192.0,118.6,17.36
2023-10-26 08:46:22,B-Usine_A-0005,447.9,193.0,90.1,19.64
2023-10-26 08:47:45,B-Usine_A-0005,444.8,204.0,95.5,16.23
2023-10-26 08:54:17,B-Usine_A-0005,459.9,213.0,118.1,23.86
2023-10-26 08:46:42,B-Usine_A-0005,456.4,231.0,85.2,18.71
2023-10-26 08:54:55,B-Usine_A-0006,442.3,186.0,110.6,18.14
2023-10-26 08:51:52,B-Usine_A-0006,451.7,214.0,90.4,15.75
2023-10-26 08:56:15,B-Usine_A-0006,440.6,210.0,110.5,21.4
2023-10-26 08:51:01,B-Usine_A-0006,442.5,220.0,109.2,19.8
2023-10-26 08:57:32,B-Usine_A-0006,449.7,202.0,107.2,20.89
2023-10-26 08:56:05,B-Usine_A-0006,447.0,238.0,109.8,15.99
2023-10-26 08:56:28,B-Usine_A-0006,453.1,225.0,89.0,18.87
2023-10-26 08:57:00,B-Usine_A-0006,455.1,193.0,116.6,22.01
2023-10-26 08:57:00,B-Usine_A-0006,455.1,193.0,116.6,22.01
2023-10-26 08:57:03,B-Usine_A-0006,446.0,210.0,113.4,23.54
2023-10-26 08:58:00,B-Usine_A-0006,457.5,232.0,96.7,17.6
2023-10-26 08:58:12,B-Usine_A-0007,448.7,208.0,88.7,24.09
2023-10-26 09:01:02,B-Usine_A-0007,455.9,210.0,98.0,21.26
2023-10-26 08:59:15,B-Usine_A-0007,442.9,196.0,111.1,15.98
2023-10-26 09:04:47,B-Usine_A-0007,441.8,199.0,99.9,16.29
2023-10-26 09:02:04,B-Usine_A-0007,445.7,211.0,107.2,17.19
2023-10-26 09:11:23,B-Usine_A-0007,441.3,183.0,118.2,22.02
2023-10-26 09:06:10,B-Usine_A-0007,455.7,214.0,96.8,20.3
2023-10-26 09:07:09,B-Usine_A-0007,451.3,200.0,87.3,21.26
2023-10-26 09:10:36,B-Usine_A-0007,448.6,237.0,95.0,20.21
2023-10-26 09:10:36,B-Usine_A-0007,448.6,237.0,95.0,20.21
2023-10-26 09:10:31,B-Usine_A-0007,448.5,238.0,103.4,24.0
2023-10-26 09:09:48,B-Usine_A-0008,452.8,216.0,98.8,22.81
2023-10-26 09:10:16,B-Usine_A-0008,459.2,220.0,101.1,19.18
2023-10-26 09:10:04,B-Usine_A-0008,444.3,223.0,94.1,22.12
2023-10-26 09:13:34,B-Usine_A-0008,459.8,189.0,96.6,19.51
2023-10-26 09:17:38,B-Usine_A-0008,455.2,189.0,108.8,19.14
2023-10-26 09:20:17,B-Usine_A-0008,458.1,229.0,97.7,19.81
2023-10-26 09:20:17,B-Usine_A-0008,458.1,229.0,97.7,19.81
2023-10-26 09:15:52,B-Usine_A-0008,445.5,214.0,114.0,17.24
2023-10-26 09:21:23,B-Usine_A-0008,448.7,188.0,106.7,15.06
2023-10-26 09:20:33,B-Usine_A-0008,459.6,194.0,97.6,999.9
2023-10-26 09:15:16,B-Usine_A-0008,449.6,190.0,95.8,17.3
2023-10-26 09:22:54,B-Usine_A-0009,440.6,192.0,111.0,17.96
2023-10-26 09:26:23,B-Usine_A-0009,448.8,194.0,114.9,17.04
2023-10-26 09:20:22,B-Usine_A-0009,455.5,227.0,101.1,18.43
2023-10-26 09:20:22,B-Usine_A-0009,455.5,227.0,101.1,18.43
2023-10-26 09:22:56,B-Usine_A-0009,455.8,190.0,119.4,24.14
2023-10-26 09:19:57,B-Usine_A-0009,442.9,226.0,109.3,19.13
2023-10-26 09:29:59,B-Usine_A-0009,447.0,235.0,90.7,17.16
2023-10-26 09:25:40,B-Usine_A-0009,456.8,192.0,105.6,23.67
2023-10-26 09:23:08,B-Usine_A-0009,457.4,188.0,84.1,15.32
2023-10-26 09:27:09,B-Usine_A-0009,445.5,215.0,86.0,20.87
2023-10-26 09:28:43,,446.3,210.0,96.2,22.15
2023-10-26 09:31:46,B-Usine_A-0010,444.0,197.0,89.7,18.81
2023-10-26 09:35:59,B-Usine_A-0010,459.3,186.0,92.0,22.27
2023-10-26 09:32:06,B-Usine_A-0010,449.8,235.0,97.5,22.65
2023-10-26 09:38:19,B-Usine_A-0010,448.8,196.0,107.8,19.28
2023-10-26 09:31:24,B-Usine_A-0010,442.5,208.0,88.0,20.26
2023-10-26 09:39:59,B-Usine_A-0010,440.4,223.0,93.2,16.1
2023-10-26 09:32:31,B-Usine_A-0010,442.0,239.0,85.2,19.99
2023-10-26 09:36:53,B-Usine_A-0010,450.9,211.0,105.7,23.4
2023-10-26 09:39:37,B-Usine_A-0010,443.9,235.0,107.0,18.33
2023-10-26 09:44:34,B-Usine_A-0010,456.1,230.0,80.5,999.9
2023-10-26 09:42:37,B-Usine_A-0011,456.1,200.0,103.7,20.64
2023-10-26 09:42:05,B-Usine_A-0011,447.2,231.0,115.9,17.0
2023-10-26 09:47:47,B-Usine_A-0011,454.8,200.0,102.8,19.37
2023-10-26 09:47:27,B-Usine_A-0011,458.0,199.0,109.0,21.69
2023-10-26 09:40:47,B-Usine_A-0011,447.9,185.0,98.4,18.48
2023-10-26 09:41:34,B-Usine_A-0011,444.8,202.0,88.3,22.56
2023-10-26 09:49:12,B-Usine_A-0011,449.7,198.0,90.4,17.55
2023-10-26 09:45:11,B-Usine_A-0011,445.5,190.0,115.7,23.38
2023-10-26 09:45:39,B-Usine_A-0011,456.8,183.0,104.4,20.6
2023-10-26 09:54:30,B-Usine_A-0011,446.8,226.0,103.6,15.2
2023-10-26 09:48:45,B-Usine_A-0012,457.3,211.0,99.8,15.73
2023-10-26 09:55:09,B-Usine_A-0012,443.5,203.0,85.5,17.54
2023-10-26 09:56:04,B-Usine_A-0012,440.9,189.0,91.6,21.1
2023-10-26 09:51:27,B-Usine_A-0012,452.4,190.0,94.5,22.02
2023-10-26 09:58:50,B-Usine_A-0012,459.3,212.0,94.5,20.81
2023-10-26 09:58:55,B-Usine_A-0012,452.4,182.0,107.3,18.25
2023-10-26 09:59:20,B-Usine_A-0012,459.9,194.0,110.5,23.1
2023-10-26 10:02:21,B-Usine_A-0012,448.7,205.0,97.9,16.76
2023-10-26 09:57:09,B-Usine_A-0012,458.1,210.0,101.6,
2023-10-26 10:02:03,B-Usine_A-0012,459.7,210.0,103.1,24.61
2023-10-26 10:03:07,B-Usine_A-0013,454.1,191.0,108.9,20.27
2023-10-26 10:06:38,B-Usine_A-0013,452.0,238.0,86.6,20.13
2023-10-26 10:05:02,B-Usine_A-0013,440.2,185.0,97.1,17.83
2023-10-26 10:03:32,B-Usine_A-0013,452.2,205.0,110.3,17.31
2023-10-26 10:03:32,B-Usine_A-0013,452.2,205.0,110.3,17.31
2023-10-26 10:07:32,B-Usine_A-0013,443.3,193.0,103.4,23.16
2023-10-26 10:04:40,B-Usine_A-0013,445.6,190.0,90.0,24.46
2023-10-26 10:11:06,B-Usine_A-0013,452.9,237.0,114.5,24.27
2023-10-26 10:07:00,B-Usine_A-0013,453.2,206.0,115.8,16.12
2023-10-26 10:07:23,B-Usine_A-0013,441.3,199.0,116.3,19.83
2023-10-26 10:12:54,B-Usine_A-0013,454.4,188.0,111.1,23.87
2023-10-26 10:07:32,B-Usine_A-0014,442.9,184.0,110.7,18.75
2023-10-26 10:07:32,B-Usine_A-0014,442.9,184.0,110.7,18.75
2023-10-26 10:12:52,B-Usine_A-0014,450.2,222.0,118.1,16.16
2023-10-26 10:17:44,B-Usine_A-0014,448.9,224.0,116.7,22.9
2023-10-26 10:09:41,B-Usine_A-0014,457.5,214.0,115.5,15.74
2023-10-26 10:13:26,B-Usine_A-0014,442.0,219.0,113.2,16.1
2023-10-26 10:12:28,B-Usine_A-0014,457.6,236.0,80.4,15.74
2023-10-26 10:20:16,B-Usine_A-0014,453.6,185.0,114.2,22.63
2023-10-26 10:15:48,B-Usine_A-0014,452.9,184.0,96.2,18.45
2023-10-26 10:14:31,B-Usine_A-0014,440.7,188.0,119.8,19.92
2023-10-26 10:25:18,B-Usine_A-0014,455.2,190.0,102.2,15.83
2023-10-26 10:24:01,B-Usine_A-0015,452.1,199.0,115.9,22.19
2023-10-26 10:23:17,B-Usine_A-0015,450.2,209.0,94.2,18.42
2023-10-26 10:23:36,B-Usine_A-0015,447.5,233.0,99.0,19.6
2023-10-26 10:22:44,B-Usine_A-0015,457.2,216.0,116.0,19.31
2023-10-26 10:26:31,B-Usine_A-0015,451.2,223.0,89.7,19.56
2023-10-26 10:25:44,B-Usine_A-0015,459.9,187.0,82.5,20.55
2023-10-26 10:25:13,B-Usine_A-0015,457.7,222.0,99.8,23.29
2023-10-26 10:28:22,B-Usine_A-0015,453.6,217.0,85.0,17.93
2023-10-26 10:28:22,B-Usine_A-0015,453.6,217.0,85.0,17.93
2023-10-26 10:24:38,B-Usine_A-0015,446.7,199.0,113.5,24.31
2023-10-26 10:34:36,B-Usine_A-0015,459.1,188.0,109.6,16.32
2023-10-26 10:28:01,B-Usine_A-0016,440.6,196.0,116.0,24.33
2023-10-26 10:30:01,B-Usine_A-0016,443.9,204.0,90.5,15.11
2023-10-26 10:31:18,B-Usine_A-0016,459.8,200.0,93.8,19.35
2023-10-26 10:36:16,B-Usine_A-0016,458.9,207.0,102.4,15.96
2023-10-26 10:39:20,B-Usine_A-0016,456.1,215.0,102.0,17.2
2023-10-26 10:32:57,B-Usine_A-0016,459.4,213.0,113.1,15.11
2023-10-26 10:40:51,B-Usine_A-0016,457.1,224.0,87.7,19.98
2023-10-26 10:36:43,B-Usine_A-0016,448.5,193.0,81.2,15.46
2023-10-26 10:36:45,B-Usine_A-0016,454.7,192.0,110.7,23.38
2023-10-26 10:44:40,B-Usine_A-0016,446.2,234.0,116.8,22.37
2023-10-26 10:42:32,B-Usine_A-0017,458.3,190.0,89.7,19.66
2023-10-26 10:45:31,B-Usine_A-0017,443.1,224.0,112.7,21.27
2023-10-26 10:47:32,B-Usine_A-0017,456.3,215.0,80.7,23.65
2023-10-26 10:41:28,B-Usine_A-0017,443.6,226.0,95.7,21.06
2023-10-26 10:43:32,B-Usine_A-0017,450.2,183.0,102.7,15.82
2023-10-26 10:50:21,B-Usine_A-0017,,213.0,89.8,17.06
2023-10-26 10:45:21,B-Usine_A-0017,455.6,194.0,81.8,18.41
2023-10-26 10:53:24,B-Usine_A-0017,454.7,223.0,111.2,18.8
2023-10-26 10:50:49,B-Usine_A-0017,451.1,199.0,106.3,21.74
2023-10-26 10:54:42,B-Usine_A-0017,458.7,233.0,105.1,17.94
2023-10-26 10:49:55,B-Usine_A-0018,457.0,229.0,104.1,24.87
2023-10-26 10:49:19,B-Usine_A-0018,445.1,195.0,106.7,21.98
2023-10-26 10:57:57,B-Usine_A-0018,455.6,206.0,112.9,18.52
2023-10-26 10:51:43,B-Usine_A-0018,445.0,182.0,84.7,22.45
2023-10-26 10:55:23,B-Usine_A-0018,444.1,186.0,112.8,20.31
2023-10-26 10:56:41,B-Usine_A-0018,446.2,191.0,82.4,20.11
2023-10-26 10:59:51,B-Usine_A-0018,447.6,205.0,119.2,19.62
2023-10-26 11:01:28,B-Usine_A-0018,442.7,198.0,118.8,17.2
2023-10-26 10:59:47,B-Usine_A-0018,455.1,218.0,115.8,17.87
2023-10-26 11:02:49,B-Usine_A-0018,459.9,181.0,98.2,24.83
2023-10-26 10:59:52,B-Usine_A-0019,442.1,180.0,93.1,19.13
2023-10-26 11:00:20,B-Usine_A-0019,454.3,214.0,106.8,15.52
2023-10-26 10:59:04,B-Usine_A-0019,443.7,205.0,97.3,16.84
2023-10-26 11:06:06,B-Usine_A-0019,454.2,216.0,94.1,16.59
2023-10-26 11:03:53,B-Usine_A-0019,,194.0,96.1,22.67
2023-10-26 11:04:55,B-Usine_A-0019,455.4,209.0,102.1,22.64
2023-10-26 11:10:47,B-Usine_A-0019,441.3,225.0,95.2,16.79
2023-10-26 11:04:48,B-Usine_A-0019,456.6,188.0,80.7,24.23
2023-10-26 11:09:53,B-Usine_A-0019,448.0,227.0,94.2,15.24
2023-10-26 11:08:30,B-Usine_A-0019,450.3,227.0,80.8,18.0
2023-10-26 11:11:15,B-Usine_A-0020,443.9,226.0,99.8,16.56
2023-10-26 11:10:36,B-Usine_A-0020,456.2,216.0,109.9,18.07
2023-10-26 11:08:50,B-Usine_A-0020,441.4,235.0,103.7,21.31
2023-10-26 11:15:08,B-Usine_A-0020,458.5,183.0,107.8,21.96
2023-10-26 11:12:11,B-Usine_A-0020,446.0,206.0,91.4,17.27
2023-10-26 11:16:01,B-Usine_A-0020,447.9,219.0,117.5,20.3
2023-10-26 11:14:31,B-Usine_A-0020,455.7,197.0,84.7,21.45
2023-10-26 11:21:04,B-Usine_A-0020,450.7,204.0,88.5,18.28
2023-10-26 11:18:09,B-Usine_A-0020,458.5,223.0,119.0,21.2
2023-10-26 11:24:22,B-Usine_A-0020,443.8,217.0,83.6,21.16
2023-10-26 11:23:59,B-Usine_A-0021,447.2,218.0,83.5,16.38
2023-10-26 11:22:04,B-Usine_A-0021,450.1,199.0,90.7,19.33
2023-10-26 11:26:04,B-Usine_A-0021,458.8,222.0,91.5,24.05
2023-10-26 11:27:30,B-Usine_A-0021,455.0,210.0,114.5,15.11
2023-10-26 11:25:56,B-Usine_A-0021,445.9,210.0,83.4,16.91
2023-10-26 11:25:56,B-Usine_A-0021,445.9,210.0,83.4,16.91
2023-10-26 11:22:43,B-Usine_A-0021,457.6,186.0,112.4,23.47
2023-10-26 11:24:42,B-Usine_A-0021,452.8,231.0,111.0,20.62
2023-10-26 11:31:42,B-Usine_A-0021,446.6,230.0,105.4,18.25
2023-10-26 11:26:32,B-Usine_A-0021,453.6,195.0,97.3,23.4
2023-10-26 11:26:04,B-Usine_A-0021,450.6,999.9,97.7,19.46
2023-10-26 11:27:21,B-Usine_A-0022,458.4,211.0,116.2,20.89
2023-10-26 11:34:27,B-Usine_A-0022,445.1,225.0,81.8,20.04
2023-10-26 11:32:22,B-Usine_A-0022,447.3,225.0,105.3,19.36
2023-10-26 11:36:43,B-Usine_A-0022,451.1,216.0,85.7,23.24
2023-10-26 11:31:38,B-Usine_A-0022,446.0,224.0,91.4,18.82
2023-10-26 11:37:08,B-Usine_A-0022,457.9,209.0,110.8,16.13
2023-10-26 11:37:08,B-Usine_A-0022,457.9,209.0,110.8,16.13
2023-10-26 11:34:49,B-Usine_A-0022,445.1,229.0,114.9,22.83
2023-10-26 11:34:19,B-Usine_A-0022,440.9,197.0,94.2,20.3
2023-10-26 11:37:11,B-Usine_A-0022,448.7,229.0,97.5,
2023-10-26 11:44:21,B-Usine_A-0022,444.3,218.0,110.6,16.62
2023-10-26 11:41:08,B-Usine_A-0023,452.6,201.0,87.8,15.99
2023-10-26 11:37:30,B-Usine_A-0023,454.2,200.0,102.4,
2023-10-26 11:40:01,B-Usine_A-0023,454.6,202.0,115.9,23.07
2023-10-26 11:40:18,B-Usine_A-0023,445.4,207.0,97.6,24.15
2023-10-26 11:40:18,B-Usine_A-0023,445.4,207.0,97.6,24.15
2023-10-26 11:46:26,B-Usine_A-0023,457.4,207.0,106.4,24.74
2023-10-26 11:42:18,B-Usine_A-0023,456.8,208.0,100.3,15.29
2023-10-26 11:43:56,B-Usine_A-0023,449.7,207.0,119.7,18.7
2023-10-26 11:44:40,B-Usine_A-0023,455.3,184.0,97.7,18.1
2023-10-26 11:52:45,B-Usine_A-0023,449.5,214.0,115.5,18.3
2023-10-26 11:45:02,B-Usine_A-0023,447.3,180.0,118.1,16.28
2023-10-26 11:48:12,B-Usine_A-0024,450.6,184.0,104.3,20.97
2023-10-26 11:53:38,B-Usine_A-0024,450.0,209.0,112.0,24.63
2023-10-26 11:53:21,B-Usine_A-0024,457.3,204.0,113.4,21.69
2023-10-26 11:54:34,B-Usine_A-0024,444.3,224.0,96.9,17.29
2023-10-26 11:52:01,B-Usine_A-0024,455.6,240.0,119.1,15.18
2023-10-26 11:54:22,B-Usine_A-0024,455.2,233.0,106.0,21.31
2023-10-26 11:55:35,B-Usine_A-0024,440.0,229.0,91.2,19.92
2023-10-26 11:56:26,B-Usine_A-0024,440.9,211.0,89.4,16.52
2023-10-26 11:56:59,B-Usine_A-0024,441.7,217.0,113.3,18.49
2023-10-26 12:01:34,B-Usine_A-0024,458.2,226.0,104.5,21.33
2023-10-26 12:03:04,B-Usine_A-0025,452.9,196.0,91.0,19.45
2023-10-26 11:58:22,B-Usine_A-0025,454.9,188.0,113.0,16.39
2023-10-26 12:03:27,B-Usine_A-0025,447.0,999.9,113.2,23.3
2023-10-26 12:03:12,B-Usine_A-0025,443.8,224.0,103.2,23.06
2023-10-26 12:05:52,B-Usine_A-0025,446.3,212.0,81.3,16.61
2023-10-26 12:06:12,B-Usine_A-0025,449.3,184.0,110.1,22.6
2023-10-26 12:08:47,B-Usine_A-0025,441.3,233.0,113.3,17.86
2023-10-26 12:07:41,B-Usine_A-0025,459.1,222.0,87.0,16.21
2023-10-26 12:13:45,B-Usine_A-0025,443.9,182.0,111.3,24.26
2023-10-26 12:10:43,B-Usine_A-0025,440.7,193.0,104.5,23.34
2023-10-26 12:10:17,B-Usine_A-0026,459.9,219.0,101.4,15.55
2023-10-26 12:11:40,B-Usine_A-0026,458.6,230.0,88.4,24.56
2023-10-26 12:16:26,B-Usine_A-0026,450.5,229.0,89.3,15.71
2023-10-26 12:10:02,B-Usine_A-0026,458.8,,80.4,21.99
2023-10-26 12:16:26,B-Usine_A-0026,452.6,207.0,96.3,20.18
2023-10-26 12:15:28,B-Usine_A-0026,441.8,200.0,105.9,16.58
2023-10-26 12:15:18,B-Usine_A-0026,999.9,183.0,92.4,21.4
2023-10-26 12:13:44,B-Usine_A-0026,446.5,209.0,85.3,23.31
2023-10-26 12:23:49,B-Usine_A-0026,453.0,193.0,96.1,21.04
2023-10-26 12:18:01,B-Usine_A-0026,448.5,196.0,94.7,23.18
2023-10-26 12:19:58,B-Usine_A-0027,456.0,236.0,80.5,22.94
2023-10-26 12:21:35,B-Usine_A-0027,458.5,210.0,90.2,18.8
2023-10-26 12:19:28,B-Usine_A-0027,453.7,195.0,119.0,15.28
2023-10-26 12:24:47,B-Usine_A-0027,446.2,228.0,109.6,22.7
2023-10-26 12:20:20,B-Usine_A-0027,443.3,218.0,89.6,15.79
2023-10-26 12:30:07,B-Usine_A-0027,440.1,210.0,114.7,24.45
2023-10-26 12:31:39,B-Usine_A-0027,448.3,213.0,105.7,23.11
2023-10-26 12:23:43,B-Usine_A-0027,455.9,212.0,104.0,15.37
2023-10-26 12:31:42,B-Usine_A-0027,449.5,186.0,116.2,17.8
2023-10-26 12:27:44,B-Usine_A-0027,443.7,,87.1,20.02
2023-10-26 12:34:54,B-Usine_A-0028,446.0,237.0,115.7,22.3
2023-10-26 12:27:34,B-Usine_A-0028,454.1,180.0,115.9,23.37
2023-10-26 12:36:46,B-Usine_A-0028,457.7,209.0,88.3,999.9
2023-10-26 12:33:49,B-Usine_A-0028,445.3,220.0,109.2,20.17
2023-10-26 12:32:24,B-Usine_A-0028,456.0,210.0,88.5,22.66
2023-10-26 12:40:53,B-Usine_A-0028,458.0,233.0,85.9,16.57
2023-10-26 12:34:58,B-Usine_A-0028,457.4,224.0,90.2,15.4
2023-10-26 12:36:08,B-Usine_A-0028,443.7,202.0,88.1,16.52
2023-10-26 12:39:10,B-Usine_A-0028,446.7,227.0,111.2,19.54
2023-10-26 12:39:10,B-Usine_A-0028,446.7,227.0,111.2,19.54
2023-10-26 12:42:35,B-Usine_A-0028,458.3,196.0,98.9,19.18
2023-10-26 12:43:27,B-Usine_A-0029,448.4,216.0,92.7,22.19
2023-10-26 12:37:53,B-Usine_A-0029,451.9,221.0,87.7,17.52
2023-10-26 12:37:53,B-Usine_A-0029,451.9,221.0,87.7,17.52
2023-10-26 12:43:02,B-Usine_A-0029,458.5,188.0,89.7,15.73
2023-10-26 12:43:06,B-Usine_A-0029,445.5,182.0,118.7,19.19
2023-10-26 12:45:15,B-Usine_A-0029,443.1,206.0,116.9,17.43
2023-10-26 12:42:38,B-Usine_A-0029,450.2,182.0,100.2,24.29
2023-10-26 12:42:31,B-Usine_A-0029,452.0,183.0,110.9,23.4
2023-10-26 12:48:03,B-Usine_A-0029,459.4,186.0,111.5,22.6
2023-10-26 12:49:35,B-Usine_A-0029,459.8,225.0,,24.36
2023-10-26 12:54:33,B-Usine_A-0029,444.8,238.0,104.6,16.84
2023-10-26 12:49:18,B-Usine_A-0030,446.0,180.0,106.3,22.36
2023-10-26 12:54:59,B-Usine_A-0030,456.1,210.0,94.9,19.22
2023-10-26 12:57:31,B-Usine_A-0030,444.7,222.0,106.8,24.53
2023-10-26 12:58:17,B-Usine_A-0030,440.0,205.0,93.7,24.72
2023-10-26 12:55:51,B-Usine_A-0030,445.3,227.0,90.8,21.39
2023-10-26 12:56:53,B-Usine_A-0030,444.4,218.0,,22.06
2023-10-26 12:59:36,B-Usine_A-0030,456.7,224.0,118.4,19.54
2023-10-26 12:58:45,B-Usine_A-0030,450.3,224.0,114.2,21.08
2023-10-26 13:00:14,B-Usine_A-0030,458.7,183.0,93.8,18.83
2023-10-26 12:57:03,B-Usine_A-0030,445.5,224.0,81.3,15.09
2023-10-26 13:04:44,B-Usine_A-0031,451.1,214.0,90.6,15.64
2023-10-26 13:03:40,B-Usine_A-0031,443.1,193.0,116.7,15.18
2023-10-26 13:03:51,B-Usine_A-0031,448.7,211.0,113.1,23.1
2023-10-26 13:03:25,B-Usine_A-0031,446.4,,88.1,18.9
2023-10-26 13:08:18,B-Usine_A-0031,444.2,224.0,104.0,15.89
2023-10-26 13:01:17,B-Usine_A-0031,454.3,239.0,118.9,18.19
2023-10-26 13:02:15,B-Usine_A-0031,457.2,236.0,101.8,22.48
2023-10-26 13:08:33,B-Usine_A-0031,441.7,200.0,84.2,24.61
2023-10-26 13:08:33,B-Usine_A-0031,441.7,200.0,84.2,24.61
2023-10-26 13:09:13,B-Usine_A-0031,457.7,239.0,81.5,20.11
2023-10-26 13:12:13,B-Usine_A-0031,452.3,209.0,109.9,15.59
2023-10-26 13:07:23,B-Usine_A-0032,440.3,206.0,108.5,16.02
2023-10-26 13:06:38,B-Usine_A-0032,447.6,183.0,117.5,21.09
2023-10-26 13:14:40,B-Usine_A-0032,444.0,208.0,102.4,22.44
2023-10-26 13:15:27,B-Usine_A-0032,446.8,199.0,106.9,999.9
2023-10-26 13:18:47,B-Usine_A-0032,448.3,233.0,106.7,24.32
2023-10-26 13:16:25,B-Usine_A-0032,455.5,180.0,105.2,22.13
2023-10-26 13:13:10,B-Usine_A-0032,457.0,212.0,116.3,16.55
2023-10-26 13:19:50,B-Usine_A-0032,457.8,229.0,105.7,18.07
2023-10-26 13:14:27,B-Usine_A-0032,459.7,208.0,105.8,20.12
2023-10-26 13:18:29,B-Usine_A-0032,445.2,208.0,102.3,24.69
2023-10-26 13:20:33,B-Usine_A-0033,444.1,217.0,109.2,19.17
2023-10-26 13:22:56,B-Usine_A-0033,441.5,222.0,82.2,21.26
2023-10-26 13:25:48,B-Usine_A-0033,459.8,999.9,93.0,16.1
2023-10-26 13:27:52,B-Usine_A-0033,442.4,203.0,96.8,22.95
2023-10-26 13:23:12,B-Usine_A-0033,444.5,222.0,103.2,23.32
2023-10-26 13:25:07,B-Usine_A-0033,449.9,220.0,112.9,24.76
2023-10-26 13:21:52,B-Usine_A-0033,456.4,197.0,103.5,23.42
2023-10-26 13:30:48,B-Usine_A-0033,457.4,182.0,93.4,22.55
2023-10-26 13:24:18,B-Usine_A-0033,445.2,208.0,104.6,17.0
2023-10-26 13:28:40,B-Usine_A-0033,444.7,205.0,82.2,16.44
2023-10-26 13:32:28,B-Usine_A-0034,455.8,183.0,111.7,22.17
2023-10-26 13:26:56,B-Usine_A-0034,452.6,231.0,97.2,18.79
2023-10-26 13:26:56,B-Usine_A-0034,452.6,231.0,97.2,18.79
2023-10-26 13:31:29,B-Usine_A-0034,448.7,221.0,101.4,21.38
2023-10-26 13:34:48,B-Usine_A-0034,445.2,219.0,84.4,15.62
2023-10-26 13:36:01,B-Usine_A-0034,441.1,198.0,110.7,18.44
2023-10-26 13:36:01,B-Usine_A-0034,441.1,198.0,110.7,18.44
2023-10-26 13:31:05,B-Usine_A-0034,445.9,205.0,97.9,22.72
2023-10-26 13:33:08,B-Usine_A-0034,443.1,220.0,116.6,16.88
2023-10-26 13:36:27,B-Usine_A-0034,453.1,188.0,106.3,22.45
2023-10-26 13:40:00,B-Usine_A-0034,458.0,185.0,106.2,23.41
2023-10-26 13:36:45,B-Usine_A-0034,448.3,225.0,118.4,22.96
2023-10-26 13:42:41,B-Usine_A-0035,459.7,237.0,119.2,21.48
2023-10-26 13:38:49,B-Usine_A-0035,451.7,206.0,101.0,17.71
2023-10-26 13:46:52,B-Usine_A-0035,458.1,191.0,100.7,20.71
2023-10-26 13:44:52,B-Usine_A-0035,458.9,189.0,95.3,24.26
2023-10-26 13:47:55,B-Usine_A-0035,442.9,203.0,102.9,21.15
2023-10-26 13:49:23,B-Usine_A-0035,459.7,214.0,88.2,999.9
2023-10-26 13:42:35,B-Usine_A-0035,444.3,231.0,102.5,22.34
2023-10-26 13:47:42,B-Usine_A-0035,457.8,201.0,80.6,18.82
2023-10-26 13:49:45,B-Usine_A-0035,455.9,181.0,84.9,19.14
2023-10-26 13:47:10,B-Usine_A-0035,445.6,201.0,93.9,19.07
2023-10-26 13:47:23,B-Usine_A-0036,441.4,216.0,108.4,16.13
2023-10-26 13:49:51,B-Usine_A-0036,452.0,227.0,113.2,23.29
2023-10-26 13:49:22,B-Usine_A-0036,440.5,238.0,85.0,22.64
2023-10-26 13:56:11,B-Usine_A-0036,449.5,217.0,99.8,16.42
2023-10-26 13:58:43,B-Usine_A-0036,454.5,192.0,106.9,22.79
2023-10-26 13:59:44,B-Usine_A-0036,447.7,228.0,119.1,24.38
2023-10-26 13:53:36,B-Usine_A-0036,440.1,201.0,81.1,22.17
2023-10-26 13:56:43,B-Usine_A-0036,449.1,197.0,114.5,20.81
2023-10-26 14:03:11,B-Usine_A-0036,449.2,186.0,115.6,15.65
2023-10-26 14:02:23,B-Usine_A-0036,444.0,201.0,99.7,22.17
2023-10-26 14:03:34,B-Usine_A-0037,450.7,193.0,105.2,19.74
2023-10-26 14:02:16,B-Usine_A-0037,443.0,182.0,118.9,18.86
2023-10-26 14:02:55,B-Usine_A-0037,450.0,212.0,81.5,24.43
2023-10-26 14:05:46,B-Usine_A-0037,453.8,197.0,117.0,18.98
2023-10-26 14:01:00,B-Usine_A-0037,442.8,231.0,92.1,20.27
2023-10-26 14:07:10,B-Usine_A-0037,445.1,193.0,97.6,16.16
2023-10-26 14:10:42,B-Usine_A-0037,440.7,226.0,116.2,20.31
2023-10-26 14:03:29,B-Usine_A-0037,444.9,184.0,87.9,24.78
2023-10-26 14:11:04,B-Usine_A-0037,455.6,227.0,83.0,17.36
2023-10-26 14:08:37,B-Usine_A-0037,453.2,,80.9,24.03
2023-10-26 14:06:39,B-Usine_A-0038,455.5,187.0,105.3,19.25
2023-10-26 14:15:03,B-Usine_A-0038,451.7,193.0,94.4,21.83
2023-10-26 14:14:35,B-Usine_A-0038,451.0,197.0,119.4,999.9
2023-10-26 14:17:27,B-Usine_A-0038,454.0,191.0,102.3,15.82
2023-10-26 14:14:03,B-Usine_A-0038,452.7,233.0,116.6,23.5
2023-10-26 14:19:19,B-Usine_A-0038,458.9,234.0,81.0,20.72
2023-10-26 14:15:54,B-Usine_A-0038,457.8,211.0,108.0,23.25
2023-10-26 14:20:17,B-Usine_A-0038,446.1,233.0,110.7,21.49
2023-10-26 14:20:33,B-Usine_A-0038,458.0,183.0,86.1,20.14
2023-10-26 14:20:02,B-Usine_A-0038,453.3,209.0,117.8,17.16
2023-10-26 14:20:03,B-Usine_A-0039,446.5,205.0,85.1,18.46
2023-10-26 14:25:08,B-Usine_A-0039,447.1,229.0,94.8,24.33
2023-10-26 14:26:23,B-Usine_A-0039,452.4,190.0,111.1,17.4
2023-10-26 14:22:19,B-Usine_A-0039,459.0,194.0,85.7,16.84
2023-10-26 14:27:44,B-Usine_A-0039,441.8,181.0,104.0,24.23
2023-10-26 14:30:39,B-Usine_A-0039,447.8,,113.0,19.55
2023-10-26 14:23:07,B-Usine_A-0039,459.2,205.0,113.7,15.48
2023-10-26 14:31:28,B-Usine_A-0039,456.7,228.0,108.4,15.27
2023-10-26 14:33:44,B-Usine_A-0039,452.0,181.0,107.7,18.37
2023-10-26 14:34:56,B-Usine_A-0039,999.9,194.0,90.3,17.93
2023-10-26 14:35:33,B-Usine_A-0040,443.3,185.0,109.6,18.38
2023-10-26 14:29:22,B-Usine_A-0040,442.4,194.0,82.2,23.47
2023-10-26 14:35:36,B-Usine_A-0040,442.9,191.0,110.3,
2023-10-26 14:32:17,B-Usine_A-0040,449.9,211.0,92.8,24.09
2023-10-26 14:33:57,B-Usine_A-0040,441.1,197.0,114.8,16.68
2023-10-26 14:37:17,B-Usine_A-0040,441.1,222.0,113.4,24.83
2023-10-26 14:33:54,B-Usine_A-0040,453.6,188.0,83.3,20.68
2023-10-26 14:42:38,B-Usine_A-0040,446.2,211.0,85.9,20.11
2023-10-26 14:42:34,B-Usine_A-0040,442.2,233.0,85.7,22.98
2023-10-26 14:35:58,B-Usine_A-0040,450.2,209.0,84.5,16.52
2023-10-26 14:38:50,B-Usine_A-0041,455.5,221.0,87.3,17.06
2023-10-26 14:38:50,B-Usine_A-0041,455.5,221.0,87.3,17.06
2023-10-26 14:45:36,B-Usine_A-0041,443.0,237.0,105.5,20.47
2023-10-26 14:40:39,B-Usine_A-0041,452.3,225.0,103.1,24.96
2023-10-26 14:39:59,B-Usine_A-0041,457.8,203.0,87.1,20.02
2023-10-26 14:40:28,B-Usine_A-0041,440.1,201.0,107.4,17.87
2023-10-26 14:43:33,B-Usine_A-0041,447.7,193.0,118.9,24.65
2023-10-26 14:43:06,B-Usine_A-0041,442.8,231.0,86.2,20.73
2023-10-26 14:47:57,B-Usine_A-0041,449.1,200.0,89.4,20.13
2023-10-26 14:52:53,B-Usine_A-0041,454.3,190.0,111.3,16.79
2023-10-26 14:54:16,B-Usine_A-0041,451.6,184.0,83.5,23.4
2023-10-26 14:48:27,B-Usine_A-0042,447.5,238.0,89.5,18.95
2023-10-26 14:51:11,B-Usine_A-0042,451.9,232.0,93.5,15.58
2023-10-26 14:48:24,B-Usine_A-0042,452.1,201.0,89.7,20.22
2023-10-26 14:57:21,B-Usine_A-0042,459.6,222.0,89.4,17.72
2023-10-26 14:55:04,B-Usine_A-0042,452.9,211.0,85.7,23.33
2023-10-26 14:55:18,B-Usine_A-0042,457.1,209.0,107.4,16.84
2023-10-26 15:01:48,B-Usine_A-0042,445.5,199.0,119.8,18.0
2023-10-26 15:01:19,B-Usine_A-0042,442.3,205.0,116.0,18.52
2023-10-26 15:02:50,B-Usine_A-0042,442.9,184.0,117.8,21.62
2023-10-26 14:56:10,B-Usine_A-0042,454.2,229.0,101.8,23.82
2023-10-26 14:59:57,B-Usine_A-0043,457.4,222.0,86.1,23.47
2023-10-26 14:59:57,B-Usine_A-0043,457.4,222.0,86.1,23.47
2023-10-26 15:00:29,B-Usine_A-0043,455.6,209.0,102.3,21.09
2023-10-26 14:58:55,B-Usine_A-0043,452.5,228.0,109.5,17.79
2023-10-26 15:03:42,B-Usine_A-0043,451.9,239.0,106.9,23.58
2023-10-26 15:03:52,B-Usine_A-0043,445.3,221.0,81.8,16.21
2023-10-26 15:04:27,B-Usine_A-0043,459.1,197.0,88.2,15.55
2023-10-26 15:11:34,B-Usine_A-0043,447.8,217.0,117.2,16.89
2023-10-26 15:04:06,B-Usine_A-0043,451.9,237.0,98.6,23.95
2023-10-26 15:07:08,B-Usine_A-0043,457.0,210.0,91.3,17.28
2023-10-26 15:12:04,B-Usine_A-0043,447.6,188.0,116.0,24.88
2023-10-26 15:12:34,B-Usine_A-0044,450.9,220.0,105.7,19.5
2023-10-26 15:17:07,B-Usine_A-0044,458.6,209.0,107.4,23.51
2023-10-26 15:13:21,B-Usine_A-0044,451.6,217.0,86.7,20.49
2023-10-26 15:16:24,B-Usine_A-0044,443.8,226.0,111.2,23.32
2023-10-26 15:13:26,B-Usine_A-0044,453.8,188.0,107.3,17.72
2023-10-26 15:19:30,B-Usine_A-0044,445.2,215.0,106.2,18.62
2023-10-26 15:14:05,B-Usine_A-0044,441.0,205.0,80.4,20.14
2023-10-26 15:22:04,B-Usine_A-0044,452.9,180.0,113.8,15.88
2023-10-26 15:22:15,B-Usine_A-0044,450.1,214.0,107.0,15.85
2023-10-26 15:20:36,B-Usine_A-0044,451.5,193.0,116.6,15.07
2023-10-26 15:22:00,B-Usine_A-0045,445.4,210.0,114.5,19.71
2023-10-26 15:23:22,B-Usine_A-0045,452.8,228.0,101.0,23.42
2023-10-26 15:25:25,B-Usine_A-0045,455.8,226.0,109.1,17.35
2023-10-26 15:21:53,B-Usine_A-0045,445.8,215.0,101.4,15.07
2023-10-26 15:21:53,B-Usine_A-0045,445.8,215.0,101.4,15.07
2023-10-26 15:21:02,B-Usine_A-0045,451.7,196.0,81.9,24.14
2023-10-26 15:28:45,B-Usine_A-0045,442.3,226.0,85.5,20.96
2023-10-26 15:29:57,B-Usine_A-0045,450.2,208.0,108.3,20.67
2023-10-26 15:29:59,B-Usine_A-0045,441.6,207.0,93.3,22.69
2023-10-26 15:26:01,B-Usine_A-0045,445.4,213.0,116.4,22.88
2023-10-26 15:26:01,B-Usine_A-0045,445.4,213.0,116.4,22.88
2023-10-26 15:30:26,B-Usine_A-0045,457.1,237.0,104.6,20.99
2023-10-26 15:35:48,B-Usine_A-0046,447.7,210.0,116.7,17.66
2023-10-26 15:33:06,B-Usine_A-0046,443.4,231.0,84.6,16.96
2023-10-26 15:31:26,B-Usine_A-0046,446.3,188.0,99.8,23.86
2023-10-26 15:34:19,B-Usine_A-0046,453.1,224.0,117.8,22.2
2023-10-26 15:39:16,B-Usine_A-0046,448.4,223.0,92.5,15.66
2023-10-26 15:34:08,B-Usine_A-0046,449.2,201.0,98.1,18.52
2023-10-26 15:37:08,B-Usine_A-0046,455.1,239.0,107.2,17.6
2023-10-26 15:34:51,B-Usine_A-0046,450.6,181.0,104.6,15.95
2023-10-26 15:42:29,B-Usine_A-0046,450.9,214.0,103.7,22.86
2023-10-26 15:45:27,B-Usine_A-0046,457.9,216.0,108.6,20.15
2023-10-26 15:40:16,B-Usine_A-0047,457.5,,84.6,19.91
2023-10-26 15:45:13,B-Usine_A-0047,456.8,240.0,92.5,17.04
2023-10-26 15:45:59,B-Usine_A-0047,454.5,208.0,109.5,18.99
2023-10-26 15:41:21,B-Usine_A-0047,455.7,201.0,84.9,16.63
2023-10-26 15:48:14,B-Usine_A-0047,454.2,224.0,92.1,19.37
2023-10-26 15:42:32,B-Usine_A-0047,443.5,189.0,95.6,19.37
2023-10-26 15:45:40,B-Usine_A-0047,441.6,219.0,114.9,15.32
2023-10-26 15:53:57,B-Usine_A-0047,440.9,220.0,104.6,17.42
2023-10-26 15:46:24,B-Usine_A-0047,456.4,229.0,117.9,15.84
2023-10-26 15:46:24,B-Usine_A-0047,456.4,229.0,117.9,15.84
2023-10-26 15:47:41,B-Usine_A-0047,451.8,207.0,102.2,18.62
2023-10-26 15:50:24,B-Usine_A-0048,442.4,219.0,117.0,18.03
2023-10-26 15:56:41,B-Usine_A-0048,449.4,239.0,105.4,21.05
2023-10-26 15:51:06,B-Usine_A-0048,446.8,203.0,94.9,19.55
2023-10-26 15:55:30,,447.8,228.0,87.1,20.37
2023-10-26 15:55:23,B-Usine_A-0048,455.5,225.0,106.8,19.61
2023-10-26 15:52:59,B-Usine_A-0048,442.4,198.0,118.5,18.03
2023-10-26 15:55:32,B-Usine_A-0048,454.7,183.0,91.3,23.53
2023-10-26 16:04:20,B-Usine_A-0048,449.0,227.0,82.6,15.75
2023-10-26 15:56:22,B-Usine_A-0048,441.7,999.9,104.1,15.64
2023-10-26 15:59:49,B-Usine_A-0048,450.2,228.0,101.3,21.06
2023-10-26 16:03:45,B-Usine_A-0049,441.2,203.0,119.5,17.5
2023-10-26 16:06:54,B-Usine_A-0049,445.9,222.0,82.5,20.91
2023-10-26 16:09:39,B-Usine_A-0049,444.9,215.0,85.1,18.59
2023-10-26 16:08:54,B-Usine_A-0049,455.3,227.0,98.2,18.49
2023-10-26 16:08:54,B-Usine_A-0049,455.3,227.0,98.2,18.49
2023-10-26 16:06:18,B-Usine_A-0049,447.4,206.0,999.9,17.82
2023-10-26 16:10:49,B-Usine_A-0049,457.4,187.0,80.9,20.73
2023-10-26 16:06:13,B-Usine_A-0049,445.2,208.0,999.9,17.66
2023-10-26 16:06:59,B-Usine_A-0049,453.3,187.0,95.8,19.19
2023-10-26 16:13:04,B-Usine_A-0049,460.0,,96.8,21.26
2023-10-26 16:13:27,B-Usine_A-0049,455.2,193.0,80.5,19.28
2023-10-26 16:16:16,B-Usine_A-0050,440.7,204.0,81.1,21.16
2023-10-26 16:12:57,B-Usine_A-0050,453.2,206.0,86.1,15.62
2023-10-26 16:14:13,B-Usine_A-0050,447.1,,112.3,21.39
2023-10-26 16:11:46,B-Usine_A-0050,442.2,211.0,80.4,22.67
2023-10-26 16:13:58,B-Usine_A-0050,444.5,230.0,90.6,23.44
2023-10-26 16:20:46,B-Usine_A-0050,446.5,187.0,95.6,17.03
2023-10-26 16:15:45,B-Usine_A-0050,443.6,209.0,87.4,19.61
2023-10-26 16:20:38,B-Usine_A-0050,449.4,225.0,82.4,
2023-10-26 16:19:15,B-Usine_A-0050,450.7,237.0,113.2,22.63
2023-10-26 16:18:09,B-Usine_A-0050,440.1,181.0,103.4,17.68
2023-10-26 16:19:04,B-Usine_A-0051,450.8,211.0,102.7,24.75
2023-10-26 16:28:17,B-Usine_A-0051,453.9,181.0,82.7,23.45
2023-10-26 16:22:43,B-Usine_A-0051,454.7,224.0,117.6,15.71
2023-10-26 16:27:37,B-Usine_A-0051,450.8,209.0,107.4,20.99
2023-10-26 16:22:50,B-Usine_A-0051,454.8,184.0,119.3,22.69
2023-10-26 16:30:49,B-Usine_A-0051,453.7,226.0,110.0,20.84
2023-10-26 16:32:26,B-Usine_A-0051,443.1,186.0,86.6,21.03
2023-10-26 16:31:16,B-Usine_A-0051,455.3,214.0,83.4,16.34
2023-10-26 16:35:29,B-Usine_A-0051,448.7,213.0,103.5,24.01
2023-10-26 16:32:03,B-Usine_A-0051,446.7,239.0,115.3,15.09
2023-10-26 16:35:37,B-Usine_A-0052,457.0,211.0,93.4,20.58
2023-10-26 16:35:37,B-Usine_A-0052,457.0,211.0,93.4,20.58
2023-10-26 16:35:55,B-Usine_A-0052,440.9,190.0,100.3,15.76
2023-10-26 16:34:11,B-Usine_A-0052,457.4,224.0,98.4,22.54
2023-10-26 16:34:10,B-Usine_A-0052,444.6,232.0,106.7,20.12
2023-10-26 16:34:10,B-Usine_A-0052,444.6,232.0,106.7,20.12
2023-10-26 16:33:31,B-Usine_A-0052,458.9,223.0,86.7,24.0
2023-10-26 16:41:28,B-Usine_A-0052,455.6,225.0,81.7,21.06
2023-10-26 16:42:42,B-Usine_A-0052,442.1,194.0,99.5,19.76
2023-10-26 16:41:57,B-Usine_A-0052,455.9,216.0,93.6,22.4
2023-10-26 16:40:29,B-Usine_A-0052,441.0,183.0,87.2,20.09
2023-10-26 16:43:38,B-Usine_A-0052,444.7,229.0,110.8,19.2
2023-10-26 16:38:39,B-Usine_A-0053,454.0,213.0,92.3,19.34
2023-10-26 16:39:16,B-Usine_A-0053,457.0,202.0,100.0,20.29
2023-10-26 16:39:16,B-Usine_A-0053,457.0,202.0,100.0,20.29
2023-10-26 16:40:49,B-Usine_A-0053,449.2,237.0,118.7,21.47
2023-10-26 16:43:07,B-Usine_A-0053,442.7,226.0,83.0,22.52
2023-10-26 16:45:34,B-Usine_A-0053,442.4,194.0,84.9,22.63
2023-10-26 16:48:29,B-Usine_A-0053,443.5,225.0,95.8,24.33
2023-10-26 16:52:07,B-Usine_A-0053,454.3,192.0,83.5,17.98
2023-10-26 16:50:56,B-Usine_A-0053,455.4,234.0,92.5,22.73
2023-10-26 16:47:34,B-Usine_A-0053,446.1,183.0,104.0,20.38
2023-10-26 16:56:39,B-Usine_A-0053,450.7,225.0,116.3,17.74
2023-10-26 16:55:04,B-Usine_A-0054,459.1,189.0,102.1,20.67
2023-10-26 16:49:44,B-Usine_A-0054,442.0,238.0,115.7,16.41
2023-10-26 16:58:46,B-Usine_A-0054,442.0,182.0,100.4,15.93
2023-10-26 16:55:06,B-Usine_A-0054,452.3,999.9,116.4,19.99
2023-10-26 16:59:36,B-Usine_A-0054,445.1,193.0,97.7,18.91
2023-10-26 16:59:55,B-Usine_A-0054,458.3,236.0,94.3,20.65
2023-10-26 16:55:01,B-Usine_A-0054,446.9,229.0,98.1,15.2
2023-10-26 17:02:41,B-Usine_A-0054,445.3,195.0,99.6,20.19
2023-10-26 17:04:36,B-Usine_A-0054,456.4,223.0,100.6,20.33
2023-10-26 17:04:47,B-Usine_A-0054,449.1,219.0,86.8,17.78
2023-10-26 16:58:59,B-Usine_A-0055,441.9,999.9,118.6,24.31
2023-10-26 17:02:02,B-Usine_A-0055,455.5,182.0,92.9,21.61
2023-10-26 17:04:52,B-Usine_A-0055,444.1,181.0,101.5,21.28
2023-10-26 17:06:53,B-Usine_A-0055,444.8,185.0,113.3,20.17
2023-10-26 17:09:39,B-Usine_A-0055,444.0,222.0,86.2,20.16
,B-Usine_A-0055,458.3,180.0,85.8,15.55
2023-10-26 17:11:25,B-Usine_A-0055,445.0,182.0,99.2,23.56
2023-10-26 17:10:18,B-Usine_A-0055,440.7,237.0,107.4,15.79
2023-10-26 17:12:58,B-Usine_A-0055,999.9,188.0,91.9,17.35
2023-10-26 17:13:27,B-Usine_A-0055,446.7,187.0,86.6,22.99
2023-10-26 17:13:11,B-Usine_A-0056,440.3,180.0,82.1,15.85
2023-10-26 17:16:09,B-Usine_A-0056,451.8,238.0,92.3,19.15
2023-10-26 17:16:04,B-Usine_A-0056,447.7,214.0,119.8,17.68
2023-10-26 17:18:56,B-Usine_A-0056,454.4,216.0,100.4,17.59
2023-10-26 17:21:02,B-Usine_A-0056,441.3,192.0,91.9,22.93
2023-10-26 17:17:17,B-Usine_A-0056,442.5,182.0,117.9,16.92
2023-10-26 17:22:18,B-Usine_A-0056,457.2,221.0,85.8,19.78
2023-10-26 17:18:08,B-Usine_A-0056,443.8,215.0,95.4,15.29
2023-10-26 17:23:51,B-Usine_A-0056,451.2,235.0,95.4,20.53
2023-10-26 17:24:17,B-Usine_A-0056,447.5,233.0,82.4,19.86
2023-10-26 17:24:14,B-Usine_A-0057,441.6,212.0,114.0,19.3
2023-10-26 17:23:06,B-Usine_A-0057,458.7,226.0,109.1,18.15
2023-10-26 17:21:26,B-Usine_A-0057,455.2,233.0,98.7,15.73
2023-10-26 17:22:47,B-Usine_A-0057,448.0,189.0,105.4,24.91
2023-10-26 17:21:57,B-Usine_A-0057,448.3,224.0,88.5,20.11
2023-10-26 17:24:04,B-Usine_A-0057,450.4,193.0,116.8,16.73
2023-10-26 17:26:24,B-Usine_A-0057,446.4,207.0,108.2,24.4
2023-10-26 17:32:40,B-Usine_A-0057,453.0,201.0,114.5,16.6
2023-10-26 17:28:38,B-Usine_A-0057,459.1,206.0,113.5,18.35
2023-10-26 17:31:07,B-Usine_A-0057,447.4,191.0,116.3,16.51
2023-10-26 17:36:08,B-Usine_A-0058,452.7,212.0,110.4,22.3
2023-10-26 17:30:14,B-Usine_A-0058,445.2,238.0,102.7,19.44
2023-10-26 17:32:10,B-Usine_A-0058,450.6,211.0,85.8,22.33
2023-10-26 17:34:29,B-Usine_A-0058,450.8,185.0,117.6,23.03
2023-10-26 17:32:33,B-Usine_A-0058,459.0,204.0,106.2,22.3
2023-10-26 17:35:06,B-Usine_A-0058,455.9,197.0,102.4,17.83
2023-10-26 17:35:06,B-Usine_A-0058,455.9,197.0,102.4,17.83
2023-10-26 17:41:17,B-Usine_A-0058,444.6,229.0,107.1,17.05
2023-10-26 17:43:58,B-Usine_A-0058,458.1,233.0,91.9,24.4
2023-10-26 17:43:58,B-Usine_A-0058,458.1,233.0,91.9,24.4
2023-10-26 17:44:24,B-Usine_A-0058,459.6,203.0,98.7,21.1
2023-10-26 17:40:11,B-Usine_A-0058,441.9,194.0,108.9,15.46
2023-10-26 17:40:11,B-Usine_A-0058,441.9,194.0,108.9,15.46
2023-10-26 17:43:14,B-Usine_A-0059,441.1,183.0,106.1,24.24
2023-10-26 17:47:22,B-Usine_A-0059,447.0,183.0,103.2,19.37
2023-10-26 17:46:34,B-Usine_A-0059,445.8,233.0,84.9,22.53
2023-10-26 17:40:21,B-Usine_A-0059,458.0,222.0,102.3,20.34
2023-10-26 17:44:35,B-Usine_A-0059,440.3,201.0,105.0,24.67
2023-10-26 17:46:41,B-Usine_A-0059,448.8,227.0,80.2,23.29
2023-10-26 17:47:20,B-Usine_A-0059,456.8,221.0,90.8,22.92
2023-10-26 17:50:58,B-Usine_A-0059,450.8,224.0,103.7,19.41
2023-10-26 17:49:39,B-Usine_A-0059,459.7,196.0,83.9,22.5
2023-10-26 17:52:43,B-Usine_A-0059,451.0,209.0,95.4,21.67
2023-10-26 17:47:34,B-Usine_A-0060,446.8,231.0,111.4,24.15
2023-10-26 17:54:32,B-Usine_A-0060,456.3,200.0,98.6,23.26
2023-10-26 17:59:02,B-Usine_A-0060,454.3,197.0,102.6,19.05
2023-10-26 17:59:11,B-Usine_A-0060,447.4,203.0,117.9,17.19
2023-10-26 17:56:48,B-Usine_A-0060,459.6,232.0,110.7,18.4
2023-10-26 17:58:58,B-Usine_A-0060,448.7,237.0,115.8,18.23
2023-10-26 17:58:21,B-Usine_A-0060,454.2,193.0,106.2,20.97
2023-10-26 18:00:52,,449.6,221.0,85.7,19.97
2023-10-26 18:01:29,B-Usine_A-0060,447.0,201.0,103.1,24.24
2023-10-26 18:05:37,B-Usine_A-0060,441.2,223.0,85.3,17.89
2023-10-26 18:03:49,B-Usine_A-0061,457.8,227.0,103.5,23.41
2023-10-26 18:08:44,B-Usine_A-0061,450.9,181.0,119.4,19.11
2023-10-26 18:03:09,B-Usine_A-0061,443.2,209.0,80.7,19.47
2023-10-26 18:07:42,B-Usine_A-0061,457.4,192.0,95.5,15.06
2023-10-26 18:09:40,B-Usine_A-0061,456.5,231.0,111.1,16.48
2023-10-26 18:11:34,B-Usine_A-0061,455.7,181.0,95.7,999.9
2023-10-26 18:09:53,B-Usine_A-0061,452.5,224.0,81.5,15.33
2023-10-26 18:09:09,B-Usine_A-0061,444.0,205.0,82.0,19.98
2023-10-26 18:12:01,B-Usine_A-0061,446.2,200.0,97.4,22.54
2023-10-26 18:10:07,B-Usine_A-0061,447.1,209.0,93.9,21.99
2023-10-26 18:18:15,B-Usine_A-0062,445.7,222.0,83.4,19.78
2023-10-26 18:18:39,B-Usine_A-0062,447.0,208.0,93.8,16.74
2023-10-26 18:18:09,B-Usine_A-0062,457.9,234.0,98.0,19.94
2023-10-26 18:20:42,B-Usine_A-0062,446.1,228.0,115.1,19.87
2023-10-26 18:21:02,B-Usine_A-0062,456.1,236.0,102.6,23.77
2023-10-26 18:22:09,B-Usine_A-0062,451.5,201.0,88.5,20.84
2023-10-26 18:21:55,B-Usine_A-0062,442.2,187.0,91.9,16.8
2023-10-26 18:19:23,B-Usine_A-0062,454.9,200.0,97.6,18.94
2023-10-26 18:26:35,B-Usine_A-0062,440.4,215.0,106.5,16.82
2023-10-26 18:18:07,B-Usine_A-0062,445.4,226.0,119.9,16.33
2023-10-26 18:23:34,B-Usine_A-0063,440.2,183.0,107.8,15.33
2023-10-26 18:24:12,B-Usine_A-0063,444.8,231.0,99.0,22.41
2023-10-26 18:26:38,B-Usine_A-0063,454.2,191.0,108.3,20.72
2023-10-26 18:22:03,B-Usine_A-0063,447.5,220.0,105.8,23.17
2023-10-26 18:22:40,B-Usine_A-0063,443.5,220.0,107.2,16.83
2023-10-26 18:23:45,B-Usine_A-0063,456.0,228.0,97.2,22.52
2023-10-26 18:28:59,B-Usine_A-0063,445.2,217.0,85.1,18.0
2023-10-26 18:31:50,B-Usine_A-0063,443.1,209.0,82.6,15.16
2023-10-26 18:29:17,B-Usine_A-0063,453.9,197.0,84.3,23.38
2023-10-26 18:30:30,B-Usine_A-0063,447.6,239.0,84.7,19.91
2023-10-26 18:29:54,B-Usine_A-0064,459.9,211.0,117.5,17.34
2023-10-26 18:37:45,B-Usine_A-0064,452.1,240.0,107.3,24.58
2023-10-26 18:32:54,B-Usine_A-0064,446.5,200.0,101.3,17.69
2023-10-26 18:35:32,B-Usine_A-0064,445.8,183.0,104.4,23.2
2023-10-26 18:39:46,B-Usine_A-0064,457.7,187.0,90.0,999.9
2023-10-26 18:38:38,B-Usine_A-0064,454.1,238.0,89.0,22.06
2023-10-26 18:37:19,B-Usine_A-0064,443.2,221.0,104.4,17.45
2023-10-26 18:37:07,B-Usine_A-0064,449.3,190.0,111.2,15.94
2023-10-26 18:43:27,B-Usine_A-0064,459.8,188.0,117.4,15.1
2023-10-26 18:42:47,B-Usine_A-0064,458.7,206.0,91.9,15.68
2023-10-26 18:40:13,B-Usine_A-0065,453.4,222.0,105.9,18.47
2023-10-26 18:42:23,B-Usine_A-0065,455.2,184.0,116.8,19.11
2023-10-26 18:48:11,B-Usine_A-0065,445.7,191.0,91.3,15.94
2023-10-26 18:47:42,B-Usine_A-0065,453.8,238.0,88.0,19.64
2023-10-26 18:47:42,B-Usine_A-0065,453.8,238.0,88.0,19.64
2023-10-26 18:45:21,B-Usine_A-0065,456.1,198.0,93.5,18.89
2023-10-26 18:47:14,B-Usine_A-0065,440.6,192.0,94.3,23.1
2023-10-26 18:44:35,B-Usine_A-0065,442.0,200.0,114.2,23.2
2023-10-26 18:51:33,B-Usine_A-0065,455.4,183.0,119.4,24.9
2023-10-26 18:47:00,B-Usine_A-0065,442.2,188.0,106.4,17.92
2023-10-26 18:56:47,B-Usine_A-0065,445.2,199.0,112.4,
2023-10-26 18:50:09,B-Usine_A-0066,443.1,208.0,999.9,23.17
2023-10-26 18:56:47,B-Usine_A-0066,443.0,215.0,115.4,18.36
2023-10-26 18:56:37,B-Usine_A-0066,458.7,225.0,119.3,21.91
2023-10-26 18:53:04,B-Usine_A-0066,450.5,205.0,84.0,21.39
2023-10-26 18:53:04,B-Usine_A-0066,450.5,205.0,84.0,21.39
2023-10-26 18:55:39,B-Usine_A-0066,440.4,196.0,93.3,15.38
2023-10-26 18:56:09,B-Usine_A-0066,440.6,202.0,89.7,23.16
2023-10-26 18:56:09,B-Usine_A-0066,440.6,202.0,89.7,23.16
2023-10-26 18:58:59,B-Usine_A-0066,445.8,182.0,112.1,24.3
2023-10-26 18:58:59,B-Usine_A-0066,445.8,182.0,112.1,24.3
,B-Usine_A-0066,452.5,197.0,92.2,16.98
2023-10-26 18:56:07,B-Usine_A-0066,456.0,194.0,95.6,18.72
2023-10-26 19:04:25,B-Usine_A-0066,447.6,236.0,119.7,24.78
2023-10-26 19:00:40,B-Usine_A-0067,454.2,187.0,94.4,19.08
2023-10-26 19:07:48,B-Usine_A-0067,450.3,999.9,87.7,15.63
2023-10-26 19:09:03,B-Usine_A-0067,447.5,232.0,100.6,23.02
2023-10-26 19:09:03,B-Usine_A-0067,447.5,232.0,100.6,23.02
2023-10-26 19:01:07,B-Usine_A-0067,453.9,225.0,89.3,17.86
2023-10-26 19:06:47,B-Usine_A-0067,457.3,182.0,101.0,15.28
2023-10-26 19:08:47,B-Usine_A-0067,448.3,208.0,114.6,22.33
2023-10-26 19:05:04,B-Usine_A-0067,449.4,207.0,114.1,20.39
2023-10-26 19:05:53,B-Usine_A-0067,454.7,230.0,104.2,21.49
2023-10-26 19:12:25,B-Usine_A-0067,444.7,233.0,100.5,24.45
2023-10-26 19:07:06,B-Usine_A-0067,459.1,228.0,97.7,17.39
2023-10-26 19:16:04,B-Usine_A-0068,444.7,221.0,90.8,15.51
2023-10-26 19:11:05,B-Usine_A-0068,457.4,239.0,83.9,23.98
2023-10-26 19:14:02,B-Usine_A-0068,458.3,999.9,113.8,15.47
2023-10-26 19:12:14,B-Usine_A-0068,443.5,182.0,99.9,20.88
2023-10-26 19:16:30,B-Usine_A-0068,444.3,205.0,106.3,20.08
2023-10-26 19:17:23,B-Usine_A-0068,447.3,212.0,81.4,24.71
2023-10-26 19:21:53,B-Usine_A-0068,450.4,185.0,80.8,20.5
2023-10-26 19:15:58,B-Usine_A-0068,450.7,188.0,113.0,22.77
2023-10-26 19:24:32,B-Usine_A-0068,450.3,217.0,119.9,24.03
2023-10-26 19:25:37,B-Usine_A-0068,446.2,237.0,106.0,18.58
2023-10-26 19:18:13,B-Usine_A-0069,451.2,204.0,110.1,18.15
2023-10-26 19:22:21,B-Usine_A-0069,456.4,192.0,80.6,21.06
2023-10-26 19:20:33,B-Usine_A-0069,440.2,213.0,114.0,18.37
2023-10-26 19:21:42,B-Usine_A-0069,450.8,233.0,82.3,24.37
2023-10-26 19:29:29,B-Usine_A-0069,453.2,209.0,101.0,19.42
2023-10-26 19:32:21,B-Usine_A-0069,442.8,228.0,115.7,20.56
2023-10-26 19:25:17,B-Usine_A-0069,449.8,213.0,84.8,17.87
2023-10-26 19:25:46,,442.4,237.0,111.2,19.23
2023-10-26 19:34:38,B-Usine_A-0069,450.3,187.0,111.0,24.82
2023-10-26 19:28:16,B-Usine_A-0069,451.2,187.0,112.5,15.06
2023-10-26 19:33:12,B-Usine_A-0070,444.7,204.0,80.2,15.59
2023-10-26 19:37:21,B-Usine_A-0070,441.6,239.0,91.4,21.78
2023-10-26 19:36:54,B-Usine_A-0070,446.2,205.0,95.2,20.42
2023-10-26 19:32:57,B-Usine_A-0070,449.1,184.0,117.6,17.25
2023-10-26 19:32:33,B-Usine_A-0070,454.7,238.0,91.0,22.49
2023-10-26 19:41:07,B-Usine_A-0070,441.9,236.0,83.7,22.63
2023-10-26 19:35:26,B-Usine_A-0070,446.9,191.0,115.2,19.41
2023-10-26 19:38:25,B-Usine_A-0070,460.0,215.0,108.9,21.49
2023-10-26 19:41:18,B-Usine_A-0070,447.9,184.0,85.8,22.76
2023-10-26 19:40:51,B-Usine_A-0070,448.0,183.0,,23.51
2023-10-26 19:39:26,B-Usine_A-0071,450.3,194.0,93.4,16.26
2023-10-26 19:39:42,B-Usine_A-0071,450.7,212.0,114.9,23.48
2023-10-26 19:40:05,B-Usine_A-0071,442.9,192.0,103.6,17.51
2023-10-26 19:48:22,B-Usine_A-0071,453.3,226.0,80.1,16.81
2023-10-26 19:48:22,B-Usine_A-0071,453.3,226.0,80.1,16.81
2023-10-26 19:44:14,B-Usine_A-0071,454.5,190.0,105.2,22.77
2023-10-26 19:52:30,B-Usine_A-0071,443.3,204.0,117.2,18.15
2023-10-26 19:51:47,B-Usine_A-0071,453.9,233.0,105.0,15.85
2023-10-26 19:47:14,B-Usine_A-0071,441.5,212.0,117.9,15.78
2023-10-26 19:55:06,B-Usine_A-0071,455.5,229.0,112.6,24.9
2023-10-26 19:55:06,B-Usine_A-0071,455.5,229.0,112.6,24.9
2023-10-26 19:47:09,B-Usine_A-0071,450.4,235.0,90.8,20.13
2023-10-26 19:51:44,B-Usine_A-0072,456.4,203.0,107.1,17.38
2023-10-26 19:48:42,B-Usine_A-0072,458.8,209.0,83.5,16.53
2023-10-26 19:50:19,B-Usine_A-0072,444.0,181.0,102.6,15.49
2023-10-26 19:58:06,B-Usine_A-0072,459.1,217.0,108.7,22.83
2023-10-26 19:52:06,B-Usine_A-0072,454.4,208.0,88.2,24.72
2023-10-26 19:53:15,B-Usine_A-0072,454.1,192.0,103.2,21.98
2023-10-26 20:03:04,B-Usine_A-0072,449.0,194.0,100.0,21.96
2023-10-26 19:58:34,B-Usine_A-0072,449.7,220.0,114.3,23.22
2023-10-26 19:57:30,B-Usine_A-0072,449.1,189.0,97.7,21.88
2023-10-26 20:03:40,B-Usine_A-0072,458.6,181.0,100.2,18.74
2023-10-26 20:06:29,B-Usine_A-0073,456.2,228.0,106.1,18.16
2023-10-26 19:58:34,B-Usine_A-0073,453.4,214.0,82.9,18.6
2023-10-26 19:59:49,B-Usine_A-0073,454.9,207.0,87.5,15.55
2023-10-26 20:03:37,B-Usine_A-0073,458.8,186.0,81.7,19.69
2023-10-26 20:05:41,B-Usine_A-0073,450.2,182.0,105.9,18.31
2023-10-26 20:05:18,B-Usine_A-0073,450.1,223.0,84.1,17.75
2023-10-26 20:03:39,B-Usine_A-0073,454.9,224.0,106.7,23.9
2023-10-26 20:08:28,B-Usine_A-0073,459.5,191.0,105.7,24.55
2023-10-26 20:13:50,B-Usine_A-0073,446.3,188.0,999.9,21.08
2023-10-26 20:15:13,B-Usine_A-0073,444.5,216.0,98.5,17.1
2023-10-26 20:15:13,B-Usine_A-0073,444.5,216.0,98.5,17.1
2023-10-26 20:10:12,B-Usine_A-0074,456.8,216.0,85.4,24.74
2023-10-26 20:15:22,B-Usine_A-0074,440.6,187.0,116.1,16.84
2023-10-26 20:16:50,B-Usine_A-0074,458.7,202.0,99.5,18.29
2023-10-26 20:18:03,B-Usine_A-0074,455.7,225.0,100.5,18.68
2023-10-26 20:18:44,B-Usine_A-0074,443.9,181.0,85.8,22.11
2023-10-26 20:12:52,B-Usine_A-0074,444.6,224.0,86.2,21.1
2023-10-26 20:15:12,B-Usine_A-0074,459.4,222.0,85.5,22.23
2023-10-26 20:16:16,B-Usine_A-0074,447.6,229.0,109.9,16.35
2023-10-26 20:16:58,B-Usine_A-0074,453.4,214.0,98.4,15.09
2023-10-26 20:19:03,B-Usine_A-0074,454.4,222.0,91.3,23.64
2023-10-26 20:27:05,B-Usine_A-0075,443.9,197.0,118.9,21.71
2023-10-26 20:20:31,B-Usine_A-0075,450.3,217.0,99.3,19.3
2023-10-26 20:23:12,B-Usine_A-0075,459.9,186.0,101.4,17.47
2023-10-26 20:29:24,B-Usine_A-0075,445.7,213.0,103.4,18.2
2023-10-26 20:27:30,B-Usine_A-0075,450.1,199.0,97.8,18.49
2023-10-26 20:27:53,B-Usine_A-0075,442.4,229.0,92.3,24.08
2023-10-26 20:27:03,B-Usine_A-0075,451.8,198.0,104.9,21.89
2023-10-26 20:34:55,B-Usine_A-0075,,240.0,114.5,19.87
2023-10-26 20:34:55,B-Usine_A-0075,455.9,211.0,103.6,17.44
2023-10-26 20:30:10,B-Usine_A-0075,456.3,237.0,89.6,16.37
2023-10-26 20:28:10,B-Usine_A-0076,441.3,203.0,109.6,24.88
2023-10-26 20:29:43,B-Usine_A-0076,443.7,189.0,114.8,18.32
2023-10-26 20:29:43,B-Usine_A-0076,443.7,189.0,114.8,18.32
2023-10-26 20:33:09,B-Usine_A-0076,453.4,188.0,87.6,15.26
2023-10-26 20:37:38,B-Usine_A-0076,447.9,191.0,84.1,21.77
2023-10-26 20:33:31,B-Usine_A-0076,441.1,235.0,106.8,23.45
2023-10-26 20:33:23,B-Usine_A-0076,445.0,237.0,94.0,16.35
2023-10-26 20:33:56,B-Usine_A-0076,445.4,224.0,94.0,17.74
2023-10-26 20:41:20,B-Usine_A-0076,458.2,232.0,115.8,18.46
2023-10-26 20:39:25,B-Usine_A-0076,454.0,218.0,109.6,24.03
2023-10-26 20:46:21,B-Usine_A-0076,445.6,240.0,105.3,15.65
2023-10-26 20:40:23,B-Usine_A-0077,441.9,221.0,107.2,19.52
2023-10-26 20:42:51,B-Usine_A-0077,454.4,203.0,96.4,23.31
2023-10-26 20:47:12,B-Usine_A-0077,456.0,219.0,107.4,23.71
2023-10-26 20:41:50,B-Usine_A-0077,441.5,236.0,94.3,18.73
2023-10-26 20:41:50,B-Usine_A-0077,441.5,236.0,94.3,18.73
2023-10-26 20:48:25,B-Usine_A-0077,445.2,190.0,80.7,19.94
2023-10-26 20:52:19,B-Usine_A-0077,447.0,238.0,108.8,16.19
2023-10-26 20:45:29,B-Usine_A-0077,999.9,191.0,117.4,15.74
2023-10-26 20:54:24,B-Usine_A-0077,453.5,180.0,85.3,20.83
2023-10-26 20:53:21,B-Usine_A-0077,449.8,194.0,80.9,15.73
2023-10-26 20:54:43,B-Usine_A-0077,449.6,186.0,94.1,18.52
2023-10-26 20:50:53,B-Usine_A-0078,457.7,201.0,94.9,22.6
2023-10-26 20:57:06,B-Usine_A-0078,443.2,197.0,114.0,21.96
2023-10-26 20:53:07,B-Usine_A-0078,442.9,236.0,101.8,21.37
2023-10-26 20:56:47,B-Usine_A-0078,456.4,184.0,89.0,23.87
2023-10-26 20:58:23,B-Usine_A-0078,447.9,240.0,82.1,17.81
2023-10-26 21:00:46,B-Usine_A-0078,443.9,223.0,98.9,21.28
2023-10-26 20:57:48,B-Usine_A-0078,448.1,184.0,90.8,18.81
2023-10-26 20:59:13,B-Usine_A-0078,458.8,230.0,91.7,15.43
2023-10-26 20:56:16,B-Usine_A-0078,453.4,999.9,87.6,15.11
2023-10-26 20:58:41,B-Usine_A-0078,443.0,184.0,89.3,16.92
2023-10-26 20:59:21,B-Usine_A-0079,453.7,214.0,82.5,21.07
2023-10-26 21:02:46,B-Usine_A-0079,445.8,235.0,106.7,22.02
2023-10-26 21:00:03,B-Usine_A-0079,445.5,196.0,97.3,19.58
2023-10-26 21:00:03,B-Usine_A-0079,445.5,196.0,97.3,19.58
2023-10-26 21:01:18,B-Usine_A-0079,450.0,189.0,97.7,15.83
2023-10-26 21:10:08,B-Usine_A-0079,459.0,226.0,113.6,17.2
2023-10-26 21:03:10,B-Usine_A-0079,446.4,221.0,80.7,20.15
2023-10-26 21:03:10,B-Usine_A-0079,446.4,221.0,80.7,20.15
2023-10-26 21:06:11,B-Usine_A-0079,445.1,185.0,83.0,21.86
2023-10-26 21:07:13,B-Usine_A-0079,457.6,219.0,91.7,18.01
2023-10-26 21:12:16,B-Usine_A-0079,443.6,208.0,92.2,18.1
2023-10-26 21:10:42,B-Usine_A-0079,454.1,230.0,80.9,16.98
2023-10-26 21:09:16,B-Usine_A-0080,453.4,206.0,111.6,19.43
2023-10-26 21:11:03,B-Usine_A-0080,452.7,198.0,96.7,19.18
2023-10-26 21:14:34,B-Usine_A-0080,443.6,209.0,94.8,15.45
2023-10-26 21:18:11,B-Usine_A-0080,455.3,210.0,80.7,17.13
2023-10-26 21:18:11,B-Usine_A-0080,455.3,210.0,80.7,17.13
2023-10-26 21:20:49,B-Usine_A-0080,459.1,211.0,106.2,24.76
2023-10-26 21:17:43,B-Usine_A-0080,452.9,234.0,101.3,22.52
2023-10-26 21:23:11,B-Usine_A-0080,441.9,212.0,84.6,20.66
2023-10-26 21:23:11,B-Usine_A-0080,441.9,212.0,84.6,20.66
2023-10-26 21:17:03,B-Usine_A-0080,454.2,239.0,100.8,16.35
2023-10-26 21:20:59,B-Usine_A-0080,454.2,224.0,91.2,19.04
2023-10-26 21:26:01,B-Usine_A-0080,454.7,221.0,81.9,15.13
2023-10-26 21:23:50,B-Usine_A-0081,442.1,237.0,86.9,17.03
2023-10-26 21:21:28,B-Usine_A-0081,452.9,189.0,84.3,24.06
2023-10-26 21:24:51,B-Usine_A-0081,440.4,203.0,86.6,21.14
2023-10-26 21:24:04,B-Usine_A-0081,442.6,240.0,117.0,23.11
2023-10-26 21:22:33,B-Usine_A-0081,445.1,237.0,114.9,15.2
2023-10-26 21:30:45,B-Usine_A-0081,443.4,218.0,84.7,22.8
2023-10-26 21:24:48,B-Usine_A-0081,441.2,182.0,111.1,
2023-10-26 21:29:14,B-Usine_A-0081,453.9,207.0,111.7,23.23
2023-10-26 21:28:01,B-Usine_A-0081,440.5,194.0,97.5,17.21
2023-10-26 21:35:02,B-Usine_A-0081,449.6,236.0,105.9,17.54
2023-10-26 21:33:21,B-Usine_A-0082,458.4,201.0,111.7,22.46
2023-10-26 21:31:48,B-Usine_A-0082,453.4,208.0,111.5,16.81
2023-10-26 21:36:19,B-Usine_A-0082,447.5,189.0,89.5,20.74
2023-10-26 21:34:29,B-Usine_A-0082,444.6,186.0,93.9,21.19
2023-10-26 21:34:06,B-Usine_A-0082,458.7,198.0,999.9,22.72
2023-10-26 21:33:46,B-Usine_A-0082,454.4,199.0,102.8,15.85
2023-10-26 21:43:21,B-Usine_A-0082,446.9,228.0,999.9,21.89
2023-10-26 21:39:43,B-Usine_A-0082,,233.0,83.0,19.77
2023-10-26 21:41:05,B-Usine_A-0082,458.6,215.0,100.5,17.06
2023-10-26 21:46:16,B-Usine_A-0082,444.3,210.0,84.0,22.73
2023-10-26 21:38:19,B-Usine_A-0083,445.8,217.0,92.5,18.43
2023-10-26 21:42:07,B-Usine_A-0083,440.4,194.0,118.7,22.0
2023-10-26 21:40:37,B-Usine_A-0083,458.8,196.0,92.3,23.65
2023-10-26 21:49:25,B-Usine_A-0083,445.5,202.0,108.9,19.91
2023-10-26 21:49:25,B-Usine_A-0083,445.5,202.0,108.9,19.91
2023-10-26 21:44:26,B-Usine_A-0083,451.6,209.0,117.8,17.48
2023-10-26 21:45:03,B-Usine_A-0083,450.4,238.0,107.9,22.55
2023-10-26 21:51:29,B-Usine_A-0083,453.6,239.0,112.2,19.36
2023-10-26 21:46:29,B-Usine_A-0083,456.2,182.0,91.9,24.78
2023-10-26 21:49:27,B-Usine_A-0083,454.2,216.0,100.7,21.95
2023-10-26 21:49:48,B-Usine_A-0083,450.3,215.0,87.2,15.37
2023-10-26 21:54:51,B-Usine_A-0084,459.2,192.0,92.7,15.47
2023-10-26 21:51:33,B-Usine_A-0084,456.5,196.0,107.8,20.74
2023-10-26 21:59:08,,441.8,222.0,116.9,22.58
2023-10-26 21:51:11,B-Usine_A-0084,456.0,185.0,999.9,17.55
2023-10-26 21:54:49,B-Usine_A-0084,443.7,182.0,98.3,15.81
2023-10-26 21:57:27,B-Usine_A-0084,455.2,235.0,107.3,18.18
2023-10-26 22:02:46,B-Usine_A-0084,457.6,189.0,86.4,21.97
2023-10-26 22:01:52,B-Usine_A-0084,444.4,186.0,115.8,15.02
2023-10-26 22:03:30,B-Usine_A-0084,459.7,214.0,119.4,24.76
2023-10-26 21:58:22,B-Usine_A-0084,451.1,183.0,87.5,19.07
2023-10-26 21:58:25,B-Usine_A-0085,445.7,199.0,111.1,15.74
2023-10-26 22:00:39,B-Usine_A-0085,450.2,233.0,92.1,18.32
2023-10-26 22:02:59,B-Usine_A-0085,443.1,227.0,113.0,23.96
2023-10-26 22:07:40,B-Usine_A-0085,454.3,221.0,100.7,22.63
2023-10-26 22:03:50,B-Usine_A-0085,447.2,215.0,117.0,24.59
2023-10-26 22:10:08,B-Usine_A-0085,445.4,228.0,89.7,24.28
2023-10-26 22:12:02,B-Usine_A-0085,447.4,231.0,120.0,17.12
2023-10-26 22:10:40,B-Usine_A-0085,441.2,201.0,101.0,15.11
2023-10-26 22:08:24,B-Usine_A-0085,450.2,211.0,98.7,15.24
2023-10-26 22:12:30,B-Usine_A-0085,452.9,226.0,90.4,18.56
2023-10-26 22:12:30,B-Usine_A-0085,452.9,226.0,90.4,18.56
2023-10-26 22:17:28,B-Usine_A-0086,453.3,212.0,96.7,21.3
2023-10-26 22:09:21,B-Usine_A-0086,443.4,212.0,119.1,21.97
2023-10-26 22:15:11,B-Usine_A-0086,459.2,221.0,85.1,19.01
2023-10-26 22:14:59,B-Usine_A-0086,453.1,189.0,109.9,23.47
2023-10-26 22:19:24,B-Usine_A-0086,442.8,202.0,107.0,24.21
2023-10-26 22:19:28,B-Usine_A-0086,445.9,229.0,97.7,23.84
2023-10-26 22:14:19,B-Usine_A-0086,444.4,208.0,84.1,17.66
2023-10-26 22:22:10,B-Usine_A-0086,452.8,205.0,112.0,22.04
2023-10-26 22:25:05,B-Usine_A-0086,448.6,230.0,89.5,24.9
2023-10-26 22:23:06,B-Usine_A-0086,453.5,189.0,97.8,23.18
2023-10-26 22:19:53,B-Usine_A-0087,453.3,195.0,82.6,22.69
2023-10-26 22:29:12,B-Usine_A-0087,449.6,223.0,117.4,23.88
2023-10-26 22:25:15,B-Usine_A-0087,459.9,201.0,85.1,21.78
2023-10-26 22:21:47,B-Usine_A-0087,451.2,222.0,98.9,17.1
2023-10-26 22:26:59,B-Usine_A-0087,445.2,208.0,86.4,22.27
2023-10-26 22:31:12,B-Usine_A-0087,449.8,224.0,88.6,16.83
2023-10-26 22:32:32,B-Usine_A-0087,452.2,214.0,82.3,20.19
2023-10-26 22:32:41,B-Usine_A-0087,459.3,193.0,,18.75
2023-10-26 22:26:57,B-Usine_A-0087,443.6,181.0,100.6,22.4
2023-10-26 22:33:31,B-Usine_A-0087,449.0,238.0,93.9,17.58
2023-10-26 22:31:49,B-Usine_A-0088,456.6,231.0,115.1,19.11
2023-10-26 22:35:49,B-Usine_A-0088,450.7,194.0,106.6,23.77
2023-10-26 22:34:57,B-Usine_A-0088,453.8,219.0,102.2,17.04
2023-10-26 22:34:01,B-Usine_A-0088,452.4,201.0,103.7,21.96
2023-10-26 22:32:42,B-Usine_A-0088,458.5,192.0,106.5,21.97
2023-10-26 22:34:20,B-Usine_A-0088,443.4,185.0,83.9,19.67
2023-10-26 22:35:51,B-Usine_A-0088,457.0,209.0,83.7,18.17
2023-10-26 22:43:31,B-Usine_A-0088,446.7,220.0,113.4,18.17
2023-10-26 22:42:57,B-Usine_A-0088,450.5,216.0,91.7,22.17
2023-10-26 22:40:31,B-Usine_A-0088,443.5,229.0,96.2,23.96
2023-10-26 22:38:51,B-Usine_A-0089,456.5,184.0,107.7,21.38
2023-10-26 22:44:51,B-Usine_A-0089,452.2,202.0,112.0,24.21
2023-10-26 22:48:32,B-Usine_A-0089,455.1,212.0,110.7,22.18
2023-10-26 22:43:46,B-Usine_A-0089,440.8,220.0,118.7,23.26
2023-10-26 22:48:11,B-Usine_A-0089,452.0,229.0,82.1,24.79
2023-10-26 22:44:53,B-Usine_A-0089,453.6,184.0,92.6,17.79
2023-10-26 22:50:48,B-Usine_A-0089,442.2,222.0,119.4,21.95
2023-10-26 22:50:48,B-Usine_A-0089,445.8,186.0,92.5,24.58
2023-10-26 22:53:02,B-Usine_A-0089,445.2,204.0,115.5,16.0
2023-10-26 22:53:29,B-Usine_A-0089,454.8,190.0,86.4,18.69
2023-10-26 22:52:26,B-Usine_A-0090,442.8,190.0,84.7,21.37
2023-10-26 22:52:26,B-Usine_A-0090,442.8,190.0,84.7,21.37
2023-10-26 22:50:54,B-Usine_A-0090,447.5,202.0,104.2,17.21
2023-10-26 22:53:01,B-Usine_A-0090,445.0,228.0,114.9,22.41
2023-10-26 22:54:11,B-Usine_A-0090,455.3,192.0,90.7,17.42
2023-10-26 22:58:12,B-Usine_A-0090,459.3,205.0,85.9,20.5
2023-10-26 23:00:52,B-Usine_A-0090,459.9,233.0,118.9,17.19
2023-10-26 23:01:45,B-Usine_A-0090,451.7,201.0,93.3,16.59
2023-10-26 23:03:55,B-Usine_A-0090,446.6,180.0,106.3,19.92
2023-10-26 23:00:14,B-Usine_A-0090,457.0,221.0,81.7,24.56
2023-10-26 23:00:03,B-Usine_A-0090,458.2,225.0,109.7,21.92
2023-10-26 23:01:20,B-Usine_A-0091,452.1,190.0,117.1,20.21
2023-10-26 23:01:26,B-Usine_A-0091,458.7,209.0,96.3,21.96
2023-10-26 23:02:04,B-Usine_A-0091,459.6,221.0,107.4,21.56
2023-10-26 23:04:22,B-Usine_A-0091,453.5,225.0,91.6,17.83
2023-10-26 23:09:45,B-Usine_A-0091,454.5,208.0,88.6,21.65
2023-10-26 23:07:41,B-Usine_A-0091,448.4,220.0,85.8,23.37
2023-10-26 23:12:16,B-Usine_A-0091,456.2,197.0,108.8,24.04
2023-10-26 23:13:01,B-Usine_A-0091,452.1,219.0,101.6,15.71
2023-10-26 23:08:21,B-Usine_A-0091,449.2,215.0,103.3,16.96
2023-10-26 23:09:21,B-Usine_A-0091,449.6,180.0,84.8,18.67
2023-10-26 23:12:20,B-Usine_A-0092,443.9,236.0,92.6,17.04
2023-10-26 23:17:45,B-Usine_A-0092,450.0,240.0,106.7,15.71
2023-10-26 23:10:07,B-Usine_A-0092,447.0,192.0,84.8,17.52
2023-10-26 23:15:34,B-Usine_A-0092,443.9,198.0,95.4,16.16
2023-10-26 23:18:58,B-Usine_A-0092,445.0,188.0,89.7,22.52
2023-10-26 23:17:02,B-Usine_A-0092,457.5,191.0,96.3,21.5
2023-10-26 23:16:47,B-Usine_A-0092,459.7,235.0,100.6,24.83
2023-10-26 23:19:00,B-Usine_A-0092,452.5,229.0,89.0,24.81
2023-10-26 23:24:17,B-Usine_A-0092,459.0,190.0,86.7,19.27
2023-10-26 23:27:16,B-Usine_A-0092,453.0,231.0,91.1,16.14
2023-10-26 23:19:42,B-Usine_A-0093,451.8,999.9,107.1,20.52
2023-10-26 23:22:30,B-Usine_A-0093,459.8,211.0,96.6,20.39
2023-10-26 23:21:02,B-Usine_A-0093,451.3,239.0,108.2,22.76
2023-10-26 23:27:49,B-Usine_A-0093,454.2,212.0,85.2,19.61
2023-10-26 23:22:33,B-Usine_A-0093,444.0,223.0,113.4,15.79
2023-10-26 23:27:50,B-Usine_A-0093,450.7,238.0,117.7,17.27
2023-10-26 23:33:31,B-Usine_A-0093,459.9,228.0,118.1,15.81
2023-10-26 23:27:07,B-Usine_A-0093,453.5,203.0,112.0,20.05
2023-10-26 23:34:01,B-Usine_A-0093,447.8,182.0,95.6,15.06
2023-10-26 23:30:47,B-Usine_A-0093,442.6,206.0,118.3,22.18
2023-10-26 23:29:20,B-Usine_A-0094,452.9,236.0,104.8,23.29
2023-10-26 23:36:52,B-Usine_A-0094,456.2,198.0,102.2,20.0
2023-10-26 23:35:48,B-Usine_A-0094,440.7,239.0,106.0,17.68
2023-10-26 23:33:03,B-Usine_A-0094,451.1,220.0,113.0,23.02
2023-10-26 23:40:45,B-Usine_A-0094,454.8,218.0,94.2,16.85
2023-10-26 23:35:22,B-Usine_A-0094,440.3,216.0,100.7,19.56
2023-10-26 23:37:44,B-Usine_A-0094,446.4,210.0,85.0,20.7
2023-10-26 23:44:13,B-Usine_A-0094,452.5,199.0,90.7,15.94
2023-10-26 23:46:42,B-Usine_A-0094,443.8,220.0,104.4,24.69
2023-10-26 23:47:51,B-Usine_A-0094,451.1,223.0,89.0,24.94
2023-10-26 23:39:10,B-Usine_A-0095,458.6,206.0,100.3,15.09
2023-10-26 23:43:15,B-Usine_A-0095,448.3,181.0,110.4,24.59
2023-10-26 23:48:48,B-Usine_A-0095,443.3,182.0,111.0,17.98
2023-10-26 23:46:53,B-Usine_A-0095,452.1,206.0,112.9,18.52
2023-10-26 23:45:25,B-Usine_A-0095,447.3,201.0,82.1,18.0
2023-10-26 23:48:07,B-Usine_A-0095,449.7,203.0,105.3,20.06
2023-10-26 23:46:54,B-Usine_A-0095,444.1,213.0,111.6,21.96
2023-10-26 23:53:29,B-Usine_A-0095,442.0,999.9,81.5,22.93
2023-10-26 23:52:02,B-Usine_A-0095,443.7,233.0,110.7,17.72
2023-10-26 23:51:12,B-Usine_A-0095,450.0,186.0,96.7,23.0
2023-10-26 23:51:29,B-Usine_A-0096,455.9,219.0,114.8,17.2
2023-10-26 23:52:35,B-Usine_A-0096,442.9,233.0,112.6,17.63
2023-10-26 23:56:39,B-Usine_A-0096,453.1,223.0,95.3,15.71
2023-10-26 23:57:06,B-Usine_A-0096,449.3,220.0,91.6,23.24
2023-10-27 00:01:33,B-Usine_A-0096,456.8,217.0,87.6,21.94
2023-10-27 00:01:03,B-Usine_A-0096,457.9,214.0,114.1,20.12
2023-10-26 23:57:30,B-Usine_A-0096,446.4,239.0,112.3,17.04
2023-10-27 00:03:31,B-Usine_A-0096,451.3,233.0,104.8,17.0
2023-10-26 23:57:43,B-Usine_A-0096,999.9,198.0,88.3,21.85
2023-10-27 00:00:06,B-Usine_A-0096,454.8,230.0,105.8,15.3
2023-10-26 23:59:20,B-Usine_A-0097,458.1,226.0,104.5,23.12
2023-10-27 00:03:05,B-Usine_A-0097,451.7,193.0,118.8,19.35
2023-10-27 00:05:58,B-Usine_A-0097,443.5,237.0,106.7,24.19
2023-10-27 00:07:28,B-Usine_A-0097,448.6,229.0,115.9,21.18
2023-10-27 00:05:51,B-Usine_A-0097,444.0,238.0,94.7,22.38
2023-10-27 00:12:36,B-Usine_A-0097,446.7,206.0,92.5,20.79
2023-10-27 00:07:17,B-Usine_A-0097,442.2,222.0,93.9,18.7
2023-10-27 00:08:18,B-Usine_A-0097,448.1,214.0,105.8,20.58
2023-10-27 00:13:36,B-Usine_A-0097,447.6,224.0,101.0,17.94
2023-10-27 00:15:38,B-Usine_A-0097,999.9,215.0,113.5,22.62
2023-10-27 00:13:18,B-Usine_A-0098,450.2,202.0,98.5,20.27
2023-10-27 00:13:18,B-Usine_A-0098,450.2,202.0,98.5,20.27
2023-10-27 00:12:47,B-Usine_A-0098,450.1,201.0,119.1,24.15
2023-10-27 00:15:37,B-Usine_A-0098,448.9,225.0,113.1,17.85
2023-10-27 00:12:07,B-Usine_A-0098,451.8,218.0,110.5,19.65
2023-10-27 00:21:22,B-Usine_A-0098,450.0,211.0,999.9,20.73
2023-10-27 00:17:52,B-Usine_A-0098,455.6,195.0,116.3,22.09
2023-10-27 00:15:53,B-Usine_A-0098,450.1,202.0,111.3,19.38
2023-10-27 00:17:46,B-Usine_A-0098,443.2,228.0,81.8,16.92
2023-10-27 00:17:46,B-Usine_A-0098,443.2,228.0,81.8,16.92
2023-10-27 00:20:33,B-Usine_A-0098,454.1,239.0,114.7,23.54
2023-10-27 00:19:31,B-Usine_A-0098,446.2,211.0,114.5,15.51
2023-10-27 00:27:20,B-Usine_A-0099,447.8,230.0,81.3,23.4
2023-10-27 00:27:00,B-Usine_A-0099,447.1,209.0,95.6,21.21
2023-10-27 00:26:11,B-Usine_A-0099,442.5,208.0,82.7,
2023-10-27 00:25:51,B-Usine_A-0099,445.8,233.0,89.5,21.31
2023-10-27 00:24:34,B-Usine_A-0099,456.9,232.0,116.2,15.08
2023-10-27 00:30:12,B-Usine_A-0099,446.9,235.0,105.1,15.57
2023-10-27 00:28:23,B-Usine_A-0099,447.6,228.0,116.2,21.17
2023-10-27 00:30:05,B-Usine_A-0099,442.3,224.0,99.0,17.07
2023-10-27 00:33:17,B-Usine_A-0099,442.6,214.0,101.2,999.9
2023-10-27 00:35:12,B-Usine_A-0099,458.7,231.0,110.5,22.83
2023-10-27 00:30:46,B-Usine_A-0100,456.5,198.0,81.1,23.84
2023-10-27 00:33:00,B-Usine_A-0100,446.7,226.0,109.2,21.12
2023-10-27 00:39:09,B-Usine_A-0100,441.2,185.0,99.6,15.65
2023-10-27 00:39:09,B-Usine_A-0100,441.2,185.0,99.6,15.65
2023-10-27 00:36:59,B-Usine_A-0100,447.7,220.0,86.2,20.21
2023-10-27 00:40:49,B-Usine_A-0100,458.4,222.0,101.1,17.84
2023-10-27 00:36:44,B-Usine_A-0100,457.8,181.0,91.9,18.02
2023-10-27 00:43:21,B-Usine_A-0100,451.1,191.0,86.6,23.0
2023-10-27 00:37:14,B-Usine_A-0100,447.4,201.0,112.7,20.02
2023-10-27 00:46:14,B-Usine_A-0100,451.9,221.0,119.2,22.71
2023-10-27 00:48:08,B-Usine_A-0100,455.1,215.0,96.6,22.25
