timestamp,part_id,batch_id,temp_four_c,courbe_montee_ok,duree_palier_min,temps_refroidissement_min,durete_sortie_hrc,lot_four
2023-10-26 08:35:14,P-Usine_A-000001,OVEN-0001,853.3,OK,58.8,31.9,60.1,OVEN-0001
2023-10-26 08:27:53,P-Usine_A-000002,OVEN-0001,855.4,OK,61.2,30.4,57.5,OVEN-0001
2023-10-26 08:30:01,P-Usine_A-000003,OVEN-0001,848.9,OK,63.9,30.9,61.8,OVEN-0001
2023-10-26 08:38:47,P-Usine_A-000004,OVEN-0001,851.3,OK,58.2,28.6,58.2,OVEN-0001
2023-10-26 08:31:14,P-Usine_A-000005,OVEN-0001,854.8,OK,60.4,30.2,58.2,OVEN-0001
2023-10-26 08:31:47,P-Usine_A-000006,OVEN-0001,857.3,OK,62.5,30.1,61.3,OVEN-0001
2023-10-26 08:34:08,P-Usine_A-000007,OVEN-0001,846.3,OK,58.8,31.2,55.1,OVEN-0001
2023-10-26 08:39:02,P-Usine_A-000008,OVEN-0001,842.4,OK,63.9,30.0,58.3,OVEN-0001
2023-10-26 08:43:40,P-Usine_A-000009,OVEN-0001,999.9,OK,61.0,28.7,57.7,OVEN-0001
2023-10-26 08:36:36,P-Usine_A-000010,OVEN-0001,853.2,999.9,60.5,33.7,61.8,OVEN-0001
2023-10-26 08:41:34,P-Usine_A-000011,OVEN-0001,855.3,OK,61.5,32.2,56.5,OVEN-0001
2023-10-26 08:40:19,P-Usine_A-000012,OVEN-0001,848.4,OK,58.7,32.1,57.4,OVEN-0001
2023-10-26 08:38:43,P-Usine_A-000013,OVEN-0001,848.4,OK,,31.6,57.8,OVEN-0001
2023-10-26 08:46:02,P-Usine_A-000014,OVEN-0001,847.8,OK,61.9,34.1,60.4,OVEN-0001
2023-10-26 08:48:52,P-Usine_A-000015,OVEN-0001,852.2,OK,60.1,32.5,60.4,OVEN-0001
2023-10-26 08:49:42,P-Usine_A-000016,OVEN-0001,839.0,OK,60.7,30.5,59.5,OVEN-0001
2023-10-26 08:50:21,P-Usine_A-000017,OVEN-0001,847.9,OK,59.7,31.5,57.1,OVEN-0001
2023-10-26 08:47:10,P-Usine_A-000018,OVEN-0001,847.0,OK,61.5,31.0,60.6,OVEN-0001
2023-10-26 08:51:14,P-Usine_A-000019,OVEN-0001,857.3,OK,54.6,27.3,60.8,OVEN-0001
2023-10-26 08:54:38,P-Usine_A-000020,OVEN-0001,851.6,OK,61.1,33.6,57.2,OVEN-0001
2023-10-26 08:54:31,P-Usine_A-000021,OVEN-0001,854.6,OK,57.3,28.7,53.8,OVEN-0001
2023-10-26 08:54:21,P-Usine_A-000022,OVEN-0001,843.1,OK,57.6,30.5,56.6,OVEN-0001
2023-10-26 08:52:02,P-Usine_A-000023,OVEN-0001,848.9,OK,62.3,28.2,59.3,OVEN-0001
2023-10-26 08:54:41,P-Usine_A-000024,OVEN-0001,857.3,OK,66.1,31.2,61.1,OVEN-0001
2023-10-26 08:50:15,P-Usine_A-000025,OVEN-0001,848.6,OK,59.3,27.9,58.6,OVEN-0001
2023-10-26 08:57:00,P-Usine_A-000026,OVEN-0001,843.1,OK,57.9,31.8,56.8,OVEN-0001
2023-10-26 08:56:23,P-Usine_A-000027,OVEN-0001,852.9,OK,62.2,28.1,55.4,OVEN-0001
2023-10-26 08:54:04,P-Usine_A-000028,OVEN-0001,852.6,OK,59.2,27.4,56.3,OVEN-0001
2023-10-26 08:54:44,P-Usine_A-000029,OVEN-0001,848.7,OK,60.4,29.4,58.5,999.9
2023-10-26 09:00:49,P-Usine_A-000030,OVEN-0001,845.4,OK,59.9,32.3,60.3,OVEN-0001
2023-10-26 08:58:17,P-Usine_A-000031,OVEN-0001,855.9,OK,63.5,29.9,58.1,OVEN-0001
2023-10-26 09:00:13,P-Usine_A-000032,OVEN-0001,863.6,OK,64.0,33.0,58.0,OVEN-0001
2023-10-26 09:00:45,P-Usine_A-000033,OVEN-0001,846.2,OK,61.1,31.6,59.1,OVEN-0001
2023-10-26 09:02:27,P-Usine_A-000034,OVEN-0001,843.9,OK,57.5,32.0,57.0,OVEN-0001
2023-10-26 09:07:30,P-Usine_A-000035,OVEN-0001,849.0,OK,58.4,31.0,55.2,OVEN-0001
2023-10-26 09:05:39,P-Usine_A-000036,OVEN-0001,848.8,OK,62.9,34.0,59.5,OVEN-0001
2023-10-26 09:02:39,P-Usine_A-000037,OVEN-0001,843.5,OK,59.5,31.8,57.4,OVEN-0001
2023-10-26 09:04:17,P-Usine_A-000038,OVEN-0001,855.8,OK,61.4,31.4,60.2,OVEN-0001
2023-10-26 09:04:17,P-Usine_A-000038,OVEN-0001,855.8,OK,61.4,31.4,60.2,OVEN-0001
2023-10-26 09:11:52,P-Usine_A-000039,OVEN-0001,852.9,OK,57.9,33.9,59.3,OVEN-0001
2023-10-26 09:05:40,P-Usine_A-000040,OVEN-0001,857.9,OK,59.1,30.9,55.1,OVEN-0001
2023-10-26 09:15:29,P-Usine_A-000041,OVEN-0001,854.3,OK,59.0,29.5,55.5,OVEN-0001
2023-10-26 09:14:49,P-Usine_A-000042,OVEN-0001,853.0,OK,60.9,32.0,57.9,OVEN-0001
2023-10-26 09:15:14,P-Usine_A-000043,OVEN-0001,850.2,OK,57.7,30.3,59.1,OVEN-0001
2023-10-26 09:10:56,P-Usine_A-000044,OVEN-0001,843.0,OK,58.0,31.9,58.7,OVEN-0001
2023-10-26 09:09:23,P-Usine_A-000045,OVEN-0001,844.0,OK,59.1,28.0,60.9,OVEN-0001
2023-10-26 09:10:26,P-Usine_A-000046,OVEN-0001,847.6,OK,59.3,28.4,,OVEN-0001
2023-10-26 09:16:08,P-Usine_A-000047,OVEN-0001,855.6,OK,60.1,30.4,58.6,OVEN-0001
2023-10-26 09:21:10,P-Usine_A-000048,OVEN-0001,844.7,OK,58.5,30.5,55.8,OVEN-0001
2023-10-26 09:13:48,P-Usine_A-000049,OVEN-0001,847.0,OK,59.6,29.2,57.5,OVEN-0001
2023-10-26 09:18:33,P-Usine_A-000050,OVEN-0001,858.3,OK,61.8,30.2,58.3,OVEN-0001
2023-10-26 09:24:28,P-Usine_A-000051,OVEN-0002,851.9,OK,59.4,29.9,57.1,OVEN-0002
2023-10-26 09:26:04,P-Usine_A-000052,OVEN-0002,851.9,OK,62.0,30.9,58.9,OVEN-0002
2023-10-26 09:22:30,P-Usine_A-000053,OVEN-0002,852.9,OK,60.8,28.1,55.0,OVEN-0002
2023-10-26 09:28:15,P-Usine_A-000054,OVEN-0002,851.5,OK,60.7,30.9,56.4,OVEN-0002
2023-10-26 09:20:25,P-Usine_A-000055,OVEN-0002,846.6,OK,60.9,31.2,57.3,OVEN-0002
2023-10-26 09:28:55,P-Usine_A-000056,OVEN-0002,852.2,OK,59.4,30.8,54.4,OVEN-0002
2023-10-26 09:24:26,P-Usine_A-000057,OVEN-0002,850.0,OK,60.8,28.2,55.2,OVEN-0002
2023-10-26 09:26:50,P-Usine_A-000058,OVEN-0002,846.7,OK,60.5,29.8,58.4,OVEN-0002
2023-10-26 09:32:21,P-Usine_A-000059,OVEN-0002,853.9,OK,62.5,25.8,58.2,OVEN-0002
2023-10-26 09:26:56,P-Usine_A-000060,OVEN-0002,838.8,OK,58.8,27.6,57.4,OVEN-0002
2023-10-26 09:27:16,P-Usine_A-000061,OVEN-0002,853.8,OK,58.1,29.4,59.8,OVEN-0002
2023-10-26 09:28:29,P-Usine_A-000062,OVEN-0002,849.0,OK,62.4,32.2,58.2,OVEN-0002
2023-10-26 09:36:52,P-Usine_A-000063,OVEN-0002,850.2,OK,59.3,32.4,57.9,OVEN-0002
2023-10-26 09:36:01,P-Usine_A-000064,OVEN-0002,849.0,OK,57.7,30.6,62.2,OVEN-0002
2023-10-26 09:32:40,P-Usine_A-000065,OVEN-0002,850.4,OK,59.5,33.3,62.1,OVEN-0002
2023-10-26 09:40:19,P-Usine_A-000066,OVEN-0002,847.2,OK,61.2,27.2,63.1,OVEN-0002
2023-10-26 09:32:21,P-Usine_A-000067,OVEN-0002,847.5,OK,61.9,29.9,60.1,OVEN-0002
2023-10-26 09:34:30,P-Usine_A-000068,OVEN-0002,846.6,OK,60.4,29.1,59.2,OVEN-0002
2023-10-26 09:39:12,,OVEN-0002,852.5,OK,61.9,28.5,59.2,OVEN-0002
2023-10-26 09:39:48,P-Usine_A-000070,OVEN-0002,848.6,OK,62.4,29.0,61.6,OVEN-0002
2023-10-26 09:36:22,P-Usine_A-000071,OVEN-0002,853.3,OK,62.5,33.5,59.6,OVEN-0002
2023-10-26 09:44:54,P-Usine_A-000072,OVEN-0002,850.0,OK,62.5,31.7,60.5,OVEN-0002
2023-10-26 09:38:55,P-Usine_A-000073,OVEN-0002,848.2,OK,59.9,30.8,60.1,OVEN-0002
2023-10-26 09:39:28,P-Usine_A-000074,OVEN-0002,850.5,OK,58.6,28.0,57.4,OVEN-0002
2023-10-26 09:43:38,P-Usine_A-000075,OVEN-0002,850.8,OK,59.7,29.0,58.0,OVEN-0002
2023-10-26 09:48:06,P-Usine_A-000076,OVEN-0002,852.6,OK,62.6,32.3,57.6,OVEN-0002
2023-10-26 09:51:01,P-Usine_A-000077,OVEN-0002,854.4,OK,56.4,28.7,56.0,OVEN-0002
2023-10-26 09:52:50,P-Usine_A-000078,OVEN-0002,858.9,OK,57.7,31.1,999.9,OVEN-0002
2023-10-26 09:47:21,P-Usine_A-000079,OVEN-0002,848.8,OK,59.9,29.0,57.9,OVEN-0002
2023-10-26 09:54:04,P-Usine_A-000080,OVEN-0002,855.2,OK,60.4,29.6,54.0,OVEN-0002
2023-10-26 09:53:08,P-Usine_A-000081,OVEN-0002,853.0,OK,60.2,30.3,57.0,OVEN-0002
2023-10-26 09:51:42,P-Usine_A-000082,OVEN-0002,848.5,OK,60.2,30.5,59.2,OVEN-0002
2023-10-26 09:57:38,P-Usine_A-000083,OVEN-0002,849.1,OK,59.7,34.2,56.1,OVEN-0002
2023-10-26 09:58:25,P-Usine_A-000084,OVEN-0002,849.8,OK,61.1,29.3,60.5,OVEN-0002
2023-10-26 09:52:13,P-Usine_A-000085,OVEN-0002,837.4,OK,57.7,27.1,56.1,OVEN-0002
2023-10-26 09:55:34,P-Usine_A-000086,OVEN-0002,855.6,OK,56.6,27.9,57.1,OVEN-0002
2023-10-26 09:59:31,P-Usine_A-000087,OVEN-0002,851.0,OK,59.9,29.2,58.7,OVEN-0002
2023-10-26 10:00:18,P-Usine_A-000088,OVEN-0002,846.3,OK,59.1,29.6,58.1,OVEN-0002
2023-10-26 09:56:48,P-Usine_A-000089,OVEN-0002,852.0,OK,61.2,29.7,60.0,OVEN-0002
2023-10-26 10:04:51,P-Usine_A-000090,OVEN-0002,999.9,OK,57.4,28.1,56.5,OVEN-0002
2023-10-26 10:00:59,P-Usine_A-000091,OVEN-0002,847.1,OK,59.3,30.5,57.6,OVEN-0002
2023-10-26 10:05:36,P-Usine_A-000092,OVEN-0002,849.0,OK,59.5,28.7,58.3,OVEN-0002
2023-10-26 10:04:57,P-Usine_A-000093,OVEN-0002,855.0,OK,59.5,32.2,57.1,OVEN-0002
2023-10-26 10:01:52,,OVEN-0002,854.1,OK,59.1,32.2,57.1,OVEN-0002
2023-10-26 10:02:44,P-Usine_A-000095,OVEN-0002,852.1,OK,60.4,32.9,59.4,OVEN-0002
2023-10-26 10:10:16,P-Usine_A-000096,OVEN-0002,844.4,OK,60.1,32.6,56.1,OVEN-0002
2023-10-26 10:08:18,P-Usine_A-000097,OVEN-0002,851.5,OK,59.3,26.9,60.6,OVEN-0002
2023-10-26 10:07:20,P-Usine_A-000098,OVEN-0002,849.2,OK,59.2,28.7,55.6,OVEN-0002
2023-10-26 10:10:49,P-Usine_A-000099,OVEN-0002,846.5,OK,54.7,30.0,58.9,OVEN-0002
2023-10-26 10:08:43,P-Usine_A-000100,OVEN-0002,842.3,OK,60.7,29.5,56.5,OVEN-0002
2023-10-26 10:14:41,P-Usine_A-000101,OVEN-0003,853.9,OK,63.4,30.4,58.5,OVEN-0003
2023-10-26 10:11:13,P-Usine_A-000102,OVEN-0003,841.8,OK,61.5,27.9,57.6,OVEN-0003
2023-10-26 10:17:47,P-Usine_A-000103,OVEN-0003,842.4,OK,60.2,28.0,60.2,OVEN-0003
2023-10-26 10:12:55,P-Usine_A-000104,OVEN-0003,851.9,OK,60.2,30.3,58.3,OVEN-0003
2023-10-26 10:18:52,P-Usine_A-000105,OVEN-0003,846.2,OK,60.9,29.8,56.5,OVEN-0003
2023-10-26 10:19:29,P-Usine_A-000106,OVEN-0003,852.1,OK,59.8,31.8,62.3,OVEN-0003
2023-10-26 10:19:03,P-Usine_A-000107,OVEN-0003,848.0,OK,57.4,30.4,60.4,OVEN-0003
2023-10-26 10:14:40,P-Usine_A-000108,OVEN-0003,845.5,OK,60.5,29.6,56.5,OVEN-0003
2023-10-26 10:21:17,P-Usine_A-000109,OVEN-0003,851.4,OK,59.5,33.0,57.2,OVEN-0003
2023-10-26 10:17:06,P-Usine_A-000110,OVEN-0003,848.8,OK,56.0,27.9,57.0,OVEN-0003
2023-10-26 10:24:53,P-Usine_A-000111,OVEN-0003,846.9,OK,57.5,29.2,60.3,OVEN-0003
2023-10-26 10:26:35,P-Usine_A-000112,OVEN-0003,837.2,OK,57.2,29.7,56.5,OVEN-0003
2023-10-26 10:19:35,P-Usine_A-000113,OVEN-0003,841.8,OK,64.2,31.0,61.0,OVEN-0003
2023-10-26 10:22:04,P-Usine_A-000114,OVEN-0003,848.7,OK,60.3,29.1,61.4,OVEN-0003
2023-10-26 10:20:37,P-Usine_A-000115,OVEN-0003,851.7,OK,56.8,29.8,59.8,OVEN-0003
2023-10-26 10:21:33,P-Usine_A-000116,OVEN-0003,849.5,OK,62.5,30.7,56.4,OVEN-0003
2023-10-26 10:22:57,P-Usine_A-000117,OVEN-0003,847.7,OK,60.9,28.7,57.4,OVEN-0003
2023-10-26 10:26:08,P-Usine_A-000118,OVEN-0003,849.0,OK,63.1,30.6,57.0,OVEN-0003
2023-10-26 10:32:18,P-Usine_A-000119,OVEN-0003,851.1,OK,63.1,27.1,58.7,OVEN-0003
2023-10-26 10:29:46,P-Usine_A-000120,OVEN-0003,855.4,OK,60.8,30.3,59.5,OVEN-0003
2023-10-26 10:28:43,P-Usine_A-000121,OVEN-0003,855.5,OK,63.3,29.0,60.8,OVEN-0003
2023-10-26 10:30:49,P-Usine_A-000122,OVEN-0003,852.5,OK,59.0,26.1,55.4,OVEN-0003
2023-10-26 10:28:32,P-Usine_A-000123,OVEN-0003,851.5,OK,60.7,32.5,57.8,OVEN-0003
2023-10-26 10:30:52,P-Usine_A-000124,OVEN-0003,846.4,OK,62.5,32.1,58.3,OVEN-0003
2023-10-26 10:35:44,P-Usine_A-000125,OVEN-0003,852.0,OK,58.4,27.6,52.3,OVEN-0003
2023-10-26 10:34:35,P-Usine_A-000126,OVEN-0003,847.6,OK,63.0,34.0,57.9,OVEN-0003
2023-10-26 10:41:55,P-Usine_A-000127,OVEN-0003,848.2,OK,61.2,27.3,54.9,OVEN-0003
2023-10-26 10:40:37,P-Usine_A-000128,OVEN-0003,845.9,OK,60.5,25.8,57.6,OVEN-0003
2023-10-26 10:36:00,P-Usine_A-000129,OVEN-0003,857.1,OK,60.4,30.3,57.2,OVEN-0003
2023-10-26 10:44:51,P-Usine_A-000130,OVEN-0003,849.8,OK,58.2,29.2,60.5,OVEN-0003
2023-10-26 10:38:00,P-Usine_A-000131,OVEN-0003,850.2,OK,61.0,29.5,55.6,OVEN-0003
2023-10-26 10:39:31,P-Usine_A-000132,OVEN-0003,848.0,OK,59.3,31.4,54.7,OVEN-0003
2023-10-26 10:44:57,P-Usine_A-000133,OVEN-0003,848.7,OK,60.2,28.9,60.2,OVEN-0003
2023-10-26 10:43:55,P-Usine_A-000134,OVEN-0003,862.0,OK,61.0,29.7,56.7,OVEN-0003
2023-10-26 10:47:00,P-Usine_A-000135,OVEN-0003,848.4,OK,58.6,26.4,59.9,OVEN-0003
2023-10-26 10:47:11,P-Usine_A-000136,OVEN-0003,852.0,OK,59.9,32.8,57.1,OVEN-0003
2023-10-26 10:46:27,P-Usine_A-000137,OVEN-0003,847.9,OK,61.9,29.4,54.1,OVEN-0003
2023-10-26 10:49:59,P-Usine_A-000138,OVEN-0003,853.0,OK,58.8,33.0,59.0,OVEN-0003
2023-10-26 10:51:13,P-Usine_A-000139,OVEN-0003,844.1,OK,57.1,28.5,56.5,OVEN-0003
2023-10-26 10:49:14,P-Usine_A-000140,OVEN-0003,852.7,OK,64.3,28.7,58.4,OVEN-0003
2023-10-26 10:53:42,P-Usine_A-000141,OVEN-0003,999.9,OK,60.9,34.4,56.8,OVEN-0003
2023-10-26 10:49:31,P-Usine_A-000142,OVEN-0003,845.6,OK,63.2,31.8,59.6,OVEN-0003
2023-10-26 10:56:39,P-Usine_A-000143,OVEN-0003,852.4,OK,56.9,30.9,53.4,OVEN-0003
2023-10-26 10:56:39,P-Usine_A-000143,OVEN-0003,852.4,OK,56.9,30.9,53.4,OVEN-0003
2023-10-26 10:49:55,P-Usine_A-000144,OVEN-0003,845.0,OK,60.1,30.4,55.8,OVEN-0003
2023-10-26 11:00:15,P-Usine_A-000145,OVEN-0003,848.9,OK,60.7,27.3,57.8,OVEN-0003
2023-10-26 11:01:26,P-Usine_A-000146,OVEN-0003,852.3,OK,60.5,27.6,58.3,OVEN-0003
2023-10-26 10:54:58,P-Usine_A-000147,OVEN-0003,849.5,OK,65.5,27.9,61.9,OVEN-0003
2023-10-26 10:59:47,P-Usine_A-000148,OVEN-0003,859.3,OK,59.0,30.7,59.2,OVEN-0003
2023-10-26 10:57:40,P-Usine_A-000149,OVEN-0003,854.2,OK,60.2,28.9,57.4,OVEN-0003
2023-10-26 11:02:38,P-Usine_A-000150,OVEN-0003,856.6,OK,58.6,31.3,61.1,OVEN-0003
2023-10-26 11:00:25,P-Usine_A-000151,OVEN-0004,848.6,OK,62.3,29.5,55.5,OVEN-0004
2023-10-26 10:59:21,P-Usine_A-000152,OVEN-0004,850.7,OK,59.1,28.6,56.1,OVEN-0004
2023-10-26 11:05:58,P-Usine_A-000153,OVEN-0004,836.4,OK,62.4,30.2,55.4,OVEN-0004
2023-10-26 11:09:11,P-Usine_A-000154,OVEN-0004,859.1,OK,62.1,29.3,60.1,OVEN-0004
2023-10-26 11:03:02,P-Usine_A-000155,OVEN-0004,847.2,OK,57.7,28.1,60.4,OVEN-0004
2023-10-26 11:09:44,P-Usine_A-000156,OVEN-0004,852.1,OK,60.2,29.0,61.5,OVEN-0004
2023-10-26 11:03:46,P-Usine_A-000157,OVEN-0004,856.0,OK,60.5,33.7,57.1,OVEN-0004
2023-10-26 11:09:35,P-Usine_A-000158,OVEN-0004,847.4,OK,60.0,34.0,60.1,OVEN-0004
2023-10-26 11:04:45,P-Usine_A-000159,OVEN-0004,847.2,OK,62.9,26.6,56.0,OVEN-0004
2023-10-26 11:08:11,P-Usine_A-000160,OVEN-0004,854.0,OK,60.1,32.2,58.2,OVEN-0004
2023-10-26 11:08:23,P-Usine_A-000161,OVEN-0004,849.5,OK,60.4,26.0,61.0,OVEN-0004
2023-10-26 11:15:33,P-Usine_A-000162,OVEN-0004,847.3,OK,59.0,31.2,58.6,OVEN-0004
2023-10-26 11:16:50,P-Usine_A-000163,OVEN-0004,853.8,OK,56.2,30.6,57.2,OVEN-0004
2023-10-26 11:18:01,P-Usine_A-000164,OVEN-0004,854.5,OK,61.2,29.3,60.5,OVEN-0004
2023-10-26 11:16:59,P-Usine_A-000165,OVEN-0004,855.3,OK,61.6,27.3,58.4,OVEN-0004
2023-10-26 11:17:48,P-Usine_A-000166,OVEN-0004,850.6,OK,58.8,33.1,60.0,OVEN-0004
2023-10-26 11:18:55,P-Usine_A-000167,OVEN-0004,852.7,OK,58.5,28.2,56.7,OVEN-0004
2023-10-26 11:20:31,P-Usine_A-000168,OVEN-0004,848.8,OK,58.0,29.6,59.9,OVEN-0004
2023-10-26 11:15:00,P-Usine_A-000169,OVEN-0004,850.3,OK,58.1,30.8,53.3,OVEN-0004
2023-10-26 11:21:20,P-Usine_A-000170,OVEN-0004,847.4,OK,61.5,31.0,60.4,OVEN-0004
2023-10-26 11:22:08,P-Usine_A-000171,OVEN-0004,846.6,OK,54.6,28.2,60.4,OVEN-0004
2023-10-26 11:19:16,P-Usine_A-000172,OVEN-0004,852.6,OK,62.1,28.3,58.5,OVEN-0004
2023-10-26 11:25:59,P-Usine_A-000173,OVEN-0004,852.6,OK,58.0,26.9,54.8,OVEN-0004
2023-10-26 11:21:06,P-Usine_A-000174,OVEN-0004,847.5,OK,58.7,28.7,58.1,OVEN-0004
2023-10-26 11:20:19,P-Usine_A-000175,OVEN-0004,850.9,OK,60.5,31.3,56.3,OVEN-0004
2023-10-26 11:27:54,P-Usine_A-000176,OVEN-0004,846.0,OK,64.0,29.5,57.4,OVEN-0004
2023-10-26 11:23:38,P-Usine_A-000177,OVEN-0004,847.7,OK,64.3,32.2,58.4,OVEN-0004
2023-10-26 11:24:08,P-Usine_A-000178,OVEN-0004,846.6,OK,58.2,29.5,58.1,OVEN-0004
2023-10-26 11:29:20,P-Usine_A-000179,OVEN-0004,847.8,OK,59.4,28.0,59.3,OVEN-0004
2023-10-26 11:29:20,P-Usine_A-000179,OVEN-0004,847.8,OK,59.4,28.0,59.3,OVEN-0004
2023-10-26 11:28:30,P-Usine_A-000180,OVEN-0004,847.8,OK,62.9,30.9,60.5,OVEN-0004
2023-10-26 11:35:20,P-Usine_A-000181,OVEN-0004,855.9,OK,57.4,27.9,57.0,OVEN-0004
2023-10-26 11:26:57,P-Usine_A-000182,OVEN-0004,851.8,OK,60.0,26.1,57.3,OVEN-0004
2023-10-26 11:29:57,P-Usine_A-000183,OVEN-0004,849.5,OK,61.9,28.0,56.6,OVEN-0004
2023-10-26 11:29:57,P-Usine_A-000183,OVEN-0004,849.5,OK,61.9,28.0,56.6,OVEN-0004
2023-10-26 11:37:55,P-Usine_A-000184,OVEN-0004,858.5,OK,999.9,35.1,57.7,OVEN-0004
2023-10-26 11:33:40,P-Usine_A-000185,OVEN-0004,847.9,OK,62.0,32.3,56.2,OVEN-0004
2023-10-26 11:33:40,P-Usine_A-000185,OVEN-0004,847.9,OK,62.0,32.3,56.2,OVEN-0004
2023-10-26 11:33:19,P-Usine_A-000186,OVEN-0004,848.2,OK,59.7,27.6,54.4,OVEN-0004
2023-10-26 11:38:44,P-Usine_A-000187,OVEN-0004,845.7,OK,57.3,29.8,56.2,OVEN-0004
2023-10-26 11:35:25,P-Usine_A-000188,OVEN-0004,850.8,OK,61.9,26.2,58.9,OVEN-0004
2023-10-26 11:35:25,P-Usine_A-000188,OVEN-0004,850.8,OK,61.9,26.2,58.9,OVEN-0004
2023-10-26 11:38:04,P-Usine_A-000189,OVEN-0004,858.6,OK,60.8,28.6,57.8,OVEN-0004
2023-10-26 11:39:19,P-Usine_A-000190,OVEN-0004,849.4,OK,60.4,32.6,59.4,OVEN-0004
2023-10-26 11:39:19,P-Usine_A-000190,OVEN-0004,849.4,OK,60.4,32.6,59.4,OVEN-0004
2023-10-26 11:37:14,P-Usine_A-000191,OVEN-0004,853.6,OK,60.8,29.4,57.2,OVEN-0004
2023-10-26 11:42:58,P-Usine_A-000192,OVEN-0004,849.3,OK,58.2,26.8,55.5,OVEN-0004
2023-10-26 11:41:30,P-Usine_A-000193,OVEN-0004,852.3,OK,61.8,27.4,58.9,OVEN-0004
2023-10-26 11:38:57,P-Usine_A-000194,OVEN-0004,850.1,OK,62.2,31.0,59.2,OVEN-0004
2023-10-26 11:44:34,P-Usine_A-000195,OVEN-0004,839.3,OK,59.1,,62.9,OVEN-0004
2023-10-26 11:50:52,P-Usine_A-000196,OVEN-0004,853.1,OK,55.8,29.7,56.3,OVEN-0004
2023-10-26 11:42:13,P-Usine_A-000197,OVEN-0004,849.7,OK,60.2,27.8,55.2,OVEN-0004
2023-10-26 11:50:11,P-Usine_A-000198,OVEN-0004,845.6,OK,59.4,31.6,55.5,OVEN-0004
2023-10-26 11:50:37,P-Usine_A-000199,OVEN-0004,849.9,OK,59.7,29.5,59.0,OVEN-0004
2023-10-26 11:50:30,P-Usine_A-000200,OVEN-0004,842.3,OK,58.8,31.4,58.7,OVEN-0004
2023-10-26 11:52:41,P-Usine_A-000201,OVEN-0005,856.8,OK,61.1,30.2,56.5,OVEN-0005
2023-10-26 11:52:14,P-Usine_A-000202,OVEN-0005,848.1,OK,61.0,31.5,56.8,OVEN-0005
2023-10-26 11:48:44,P-Usine_A-000203,OVEN-0005,855.6,OK,59.7,31.2,57.8,OVEN-0005
2023-10-26 11:55:10,P-Usine_A-000204,OVEN-0005,842.4,OK,63.4,30.7,59.5,OVEN-0005
2023-10-26 11:49:53,P-Usine_A-000205,OVEN-0005,845.7,OK,60.7,26.6,61.7,OVEN-0005
2023-10-26 11:52:15,P-Usine_A-000206,OVEN-0005,844.9,OK,55.6,28.1,58.1,OVEN-0005
2023-10-26 12:01:25,P-Usine_A-000207,OVEN-0005,851.8,OK,57.3,32.4,58.1,OVEN-0005
2023-10-26 11:53:21,P-Usine_A-000208,OVEN-0005,845.7,OK,60.3,30.0,59.5,OVEN-0005
2023-10-26 11:59:49,P-Usine_A-000209,,850.1,OK,57.9,30.3,60.0,OVEN-0005
2023-10-26 11:55:35,P-Usine_A-000210,OVEN-0005,851.0,OK,60.7,28.2,54.6,OVEN-0005
2023-10-26 12:00:47,P-Usine_A-000211,OVEN-0005,850.8,OK,59.6,27.8,60.1,OVEN-0005
2023-10-26 11:59:35,P-Usine_A-000212,OVEN-0005,849.5,OK,58.2,31.2,58.3,OVEN-0005
2023-10-26 12:04:28,P-Usine_A-000213,OVEN-0005,856.5,OK,59.9,31.4,57.9,OVEN-0005
2023-10-26 12:04:39,P-Usine_A-000214,OVEN-0005,844.7,OK,60.6,29.5,57.3,OVEN-0005
2023-10-26 12:02:02,P-Usine_A-000215,OVEN-0005,849.3,OK,58.8,28.5,57.5,OVEN-0005
2023-10-26 12:09:01,P-Usine_A-000216,OVEN-0005,840.0,OK,59.5,30.6,57.9,OVEN-0005
2023-10-26 12:06:42,P-Usine_A-000217,OVEN-0005,848.8,OK,61.1,33.5,59.2,OVEN-0005
2023-10-26 12:03:47,P-Usine_A-000218,OVEN-0005,841.6,OK,60.5,29.5,56.8,OVEN-0005
2023-10-26 12:12:25,P-Usine_A-000219,OVEN-0005,848.6,OK,58.8,29.4,63.3,OVEN-0005
2023-10-26 12:04:46,P-Usine_A-000220,OVEN-0005,855.0,999.9,60.7,29.4,58.3,OVEN-0005
2023-10-26 12:10:11,P-Usine_A-000221,OVEN-0005,849.2,OK,58.3,29.3,55.6,OVEN-0005
2023-10-26 12:08:13,P-Usine_A-000222,OVEN-0005,851.7,OK,57.4,28.4,62.4,OVEN-0005
2023-10-26 12:14:03,P-Usine_A-000223,OVEN-0005,848.0,OK,59.0,31.3,58.6,OVEN-0005
2023-10-26 12:14:37,P-Usine_A-000224,OVEN-0005,843.7,OK,61.1,31.6,57.2,OVEN-0005
2023-10-26 12:12:16,P-Usine_A-000225,OVEN-0005,853.5,,64.1,27.4,56.6,OVEN-0005
2023-10-26 12:12:12,P-Usine_A-000226,OVEN-0005,851.2,OK,60.0,27.6,59.0,OVEN-0005
2023-10-26 12:16:25,P-Usine_A-000227,OVEN-0005,855.6,OK,58.3,22.6,58.7,OVEN-0005
2023-10-26 12:13:53,P-Usine_A-000228,OVEN-0005,853.8,OK,59.9,27.4,56.9,OVEN-0005
2023-10-26 12:16:17,P-Usine_A-000229,OVEN-0005,860.7,OK,60.1,28.4,58.5,OVEN-0005
2023-10-26 12:18:13,P-Usine_A-000230,OVEN-0005,856.0,OK,59.9,28.7,54.4,OVEN-0005
2023-10-26 12:20:27,P-Usine_A-000231,OVEN-0005,850.9,OK,61.5,31.3,58.3,OVEN-0005
2023-10-26 12:25:14,P-Usine_A-000232,OVEN-0005,851.9,OK,56.9,29.1,56.8,OVEN-0005
2023-10-26 12:22:11,P-Usine_A-000233,OVEN-0005,852.8,OK,61.2,32.0,56.6,OVEN-0005
,P-Usine_A-000234,OVEN-0005,857.1,OK,54.9,31.9,58.5,OVEN-0005
2023-10-26 12:23:22,P-Usine_A-000235,OVEN-0005,846.7,OK,57.3,33.4,57.3,OVEN-0005
2023-10-26 12:28:03,P-Usine_A-000236,OVEN-0005,851.3,OK,62.5,28.6,56.0,OVEN-0005
2023-10-26 12:30:34,P-Usine_A-000237,OVEN-0005,838.9,OK,59.7,29.5,58.9,OVEN-0005
2023-10-26 12:29:27,P-Usine_A-000238,OVEN-0005,859.7,OK,60.1,31.1,58.4,OVEN-0005
2023-10-26 12:24:57,P-Usine_A-000239,OVEN-0005,845.7,OK,59.6,33.1,54.7,OVEN-0005
2023-10-26 12:29:36,P-Usine_A-000240,OVEN-0005,846.7,OK,56.7,35.0,59.1,OVEN-0005
2023-10-26 12:27:07,P-Usine_A-000241,OVEN-0005,853.3,OK,60.3,30.4,60.0,OVEN-0005
2023-10-26 12:30:17,P-Usine_A-000242,OVEN-0005,853.9,OK,999.9,31.0,58.3,OVEN-0005
2023-10-26 12:28:23,P-Usine_A-000243,OVEN-0005,852.8,OK,59.1,31.1,55.1,OVEN-0005
2023-10-26 12:28:23,P-Usine_A-000243,OVEN-0005,852.8,OK,59.1,31.1,55.1,OVEN-0005
2023-10-26 12:28:58,P-Usine_A-000244,OVEN-0005,848.1,OK,56.5,32.3,56.1,OVEN-0005
2023-10-26 12:36:44,P-Usine_A-000245,OVEN-0005,845.9,OK,60.3,30.6,55.6,OVEN-0005
2023-10-26 12:37:55,P-Usine_A-000246,OVEN-0005,859.1,OK,64.0,32.7,59.9,OVEN-0005
2023-10-26 12:35:44,P-Usine_A-000247,OVEN-0005,847.1,OK,60.4,30.9,58.7,OVEN-0005
2023-10-26 12:36:11,P-Usine_A-000248,OVEN-0005,850.3,OK,58.4,31.0,57.1,OVEN-0005
2023-10-26 12:40:17,P-Usine_A-000249,OVEN-0005,855.6,OK,66.1,33.1,58.6,OVEN-0005
2023-10-26 12:37:25,P-Usine_A-000250,OVEN-0005,853.0,OK,60.8,30.0,55.3,OVEN-0005
2023-10-26 12:39:41,P-Usine_A-000251,OVEN-0006,846.6,OK,61.6,29.1,55.1,OVEN-0006
2023-10-26 12:46:09,P-Usine_A-000252,OVEN-0006,856.6,OK,64.2,29.4,55.2,OVEN-0006
2023-10-26 12:45:37,P-Usine_A-000253,OVEN-0006,856.9,OK,61.7,32.1,55.1,OVEN-0006
2023-10-26 12:41:53,P-Usine_A-000254,OVEN-0006,843.5,OK,61.1,28.4,59.3,OVEN-0006
2023-10-26 12:45:12,P-Usine_A-000255,OVEN-0006,846.8,OK,59.5,29.7,54.9,OVEN-0006
2023-10-26 12:43:54,P-Usine_A-000256,OVEN-0006,850.8,OK,59.0,30.9,55.9,OVEN-0006
2023-10-26 12:43:07,P-Usine_A-000257,OVEN-0006,848.8,OK,56.0,32.8,53.5,OVEN-0006
2023-10-26 12:47:36,P-Usine_A-000258,OVEN-0006,844.1,OK,59.1,30.3,61.9,OVEN-0006
2023-10-26 12:50:24,P-Usine_A-000259,OVEN-0006,851.6,OK,60.2,26.8,58.3,OVEN-0006
2023-10-26 12:47:59,P-Usine_A-000260,OVEN-0006,839.9,OK,60.5,29.0,57.2,OVEN-0006
2023-10-26 12:49:03,P-Usine_A-000261,OVEN-0006,848.2,OK,58.9,28.5,59.0,OVEN-0006
2023-10-26 12:54:49,P-Usine_A-000262,OVEN-0006,854.0,OK,61.2,32.4,57.6,OVEN-0006
2023-10-26 12:54:23,P-Usine_A-000263,OVEN-0006,853.2,OK,56.0,35.2,56.4,OVEN-0006
2023-10-26 12:56:46,P-Usine_A-000264,OVEN-0006,852.5,OK,58.5,26.2,57.5,OVEN-0006
2023-10-26 12:57:20,P-Usine_A-000265,OVEN-0006,845.2,OK,60.4,33.1,55.4,OVEN-0006
2023-10-26 12:56:59,P-Usine_A-000266,OVEN-0006,853.7,OK,62.9,33.6,57.7,OVEN-0006
2023-10-26 12:51:50,P-Usine_A-000267,OVEN-0006,852.2,OK,64.3,29.4,62.0,OVEN-0006
2023-10-26 12:57:31,P-Usine_A-000268,OVEN-0006,857.0,OK,59.9,29.0,57.5,OVEN-0006
2023-10-26 13:02:59,P-Usine_A-000269,OVEN-0006,856.8,OK,59.1,29.9,58.2,OVEN-0006
2023-10-26 12:55:13,P-Usine_A-000270,OVEN-0006,847.8,OK,58.7,31.8,55.6,OVEN-0006
2023-10-26 12:59:49,P-Usine_A-000271,OVEN-0006,848.5,OK,62.5,30.8,55.6,OVEN-0006
2023-10-26 13:03:21,P-Usine_A-000272,OVEN-0006,849.6,OK,59.0,30.5,61.0,OVEN-0006
2023-10-26 13:04:16,P-Usine_A-000273,OVEN-0006,851.1,OK,60.9,27.2,57.7,OVEN-0006
2023-10-26 13:05:06,P-Usine_A-000274,OVEN-0006,850.1,OK,59.9,28.7,55.3,OVEN-0006
2023-10-26 13:01:53,P-Usine_A-000275,OVEN-0006,844.8,OK,60.6,28.4,59.0,OVEN-0006
2023-10-26 13:02:55,P-Usine_A-000276,OVEN-0006,857.5,OK,59.6,27.3,57.1,OVEN-0006
2023-10-26 13:10:39,P-Usine_A-000277,OVEN-0006,855.9,OK,59.6,29.5,61.2,OVEN-0006
2023-10-26 13:03:10,P-Usine_A-000278,OVEN-0006,851.9,OK,60.4,29.7,61.1,OVEN-0006
2023-10-26 13:10:28,P-Usine_A-000279,OVEN-0006,857.5,OK,61.2,31.4,58.0,OVEN-0006
2023-10-26 13:04:39,P-Usine_A-000280,OVEN-0006,845.4,OK,62.1,32.9,56.2,OVEN-0006
2023-10-26 13:08:08,P-Usine_A-000281,OVEN-0006,841.9,OK,58.3,31.7,59.8,OVEN-0006
2023-10-26 13:14:27,P-Usine_A-000282,OVEN-0006,848.6,OK,60.2,31.0,60.9,OVEN-0006
2023-10-26 13:15:05,P-Usine_A-000283,OVEN-0006,843.7,OK,61.1,28.8,58.7,OVEN-0006
2023-10-26 13:10:20,P-Usine_A-000284,OVEN-0006,848.4,OK,62.3,31.5,58.0,OVEN-0006
2023-10-26 13:13:22,P-Usine_A-000285,OVEN-0006,844.9,OK,59.3,27.7,56.2,OVEN-0006
2023-10-26 13:16:43,P-Usine_A-000286,OVEN-0006,853.3,OK,62.7,31.6,57.7,OVEN-0006
2023-10-26 13:14:56,P-Usine_A-000287,OVEN-0006,845.5,OK,59.6,29.7,59.6,OVEN-0006
2023-10-26 13:20:52,P-Usine_A-000288,OVEN-0006,840.4,OK,58.6,30.1,59.5,OVEN-0006
2023-10-26 13:21:40,P-Usine_A-000289,OVEN-0006,854.5,OK,59.0,32.1,59.1,OVEN-0006
2023-10-26 13:19:38,P-Usine_A-000290,OVEN-0006,847.6,OK,61.0,31.8,56.2,OVEN-0006
2023-10-26 13:18:05,P-Usine_A-000291,OVEN-0006,840.5,OK,61.5,32.1,59.1,OVEN-0006
2023-10-26 13:20:00,P-Usine_A-000292,OVEN-0006,850.3,OK,60.9,31.9,57.5,OVEN-0006
2023-10-26 13:21:55,P-Usine_A-000293,OVEN-0006,856.8,OK,59.7,30.5,56.0,OVEN-0006
2023-10-26 13:28:13,P-Usine_A-000294,OVEN-0006,851.1,OK,59.6,29.8,62.2,OVEN-0006
2023-10-26 13:21:52,P-Usine_A-000295,OVEN-0006,848.7,OK,58.2,33.3,61.2,OVEN-0006
2023-10-26 13:20:57,P-Usine_A-000296,OVEN-0006,845.5,OK,59.8,30.5,60.8,OVEN-0006
2023-10-26 13:24:00,P-Usine_A-000297,OVEN-0006,850.5,OK,58.4,33.6,57.0,999.9
2023-10-26 13:26:10,P-Usine_A-000298,OVEN-0006,851.1,OK,61.0,28.9,57.3,OVEN-0006
2023-10-26 13:30:11,P-Usine_A-000299,OVEN-0006,846.6,OK,63.0,31.0,60.2,OVEN-0006
2023-10-26 13:31:09,P-Usine_A-000300,OVEN-0006,848.3,OK,58.9,31.8,57.8,OVEN-0006
2023-10-26 13:29:06,P-Usine_A-000301,OVEN-0007,849.7,OK,61.0,32.4,55.7,OVEN-0007
2023-10-26 13:28:30,P-Usine_A-000302,OVEN-0007,846.6,OK,59.9,31.6,55.2,OVEN-0007
2023-10-26 13:28:52,P-Usine_A-000303,OVEN-0007,842.2,OK,55.5,30.4,57.7,OVEN-0007
2023-10-26 13:33:17,P-Usine_A-000304,OVEN-0007,845.1,OK,59.3,27.6,56.6,OVEN-0007
2023-10-26 13:33:17,P-Usine_A-000304,OVEN-0007,845.1,OK,59.3,27.6,56.6,OVEN-0007
2023-10-26 13:33:03,P-Usine_A-000305,OVEN-0007,849.7,OK,62.0,30.3,58.1,OVEN-0007
2023-10-26 13:32:37,P-Usine_A-000306,OVEN-0007,848.6,OK,61.4,31.4,57.1,OVEN-0007
2023-10-26 13:40:52,P-Usine_A-000307,OVEN-0007,848.8,OK,59.6,28.4,54.0,OVEN-0007
2023-10-26 13:33:28,P-Usine_A-000308,OVEN-0007,847.4,OK,57.2,32.6,58.2,OVEN-0007
2023-10-26 13:41:42,P-Usine_A-000309,OVEN-0007,847.7,OK,61.1,29.0,59.0,OVEN-0007
2023-10-26 13:41:42,P-Usine_A-000309,OVEN-0007,847.7,OK,61.1,29.0,59.0,OVEN-0007
2023-10-26 13:37:17,P-Usine_A-000310,OVEN-0007,845.4,OK,60.0,28.7,60.4,OVEN-0007
2023-10-26 13:39:10,P-Usine_A-000311,OVEN-0007,851.7,OK,58.5,29.8,61.9,OVEN-0007
2023-10-26 13:37:42,P-Usine_A-000312,OVEN-0007,850.4,OK,58.7,30.7,55.6,OVEN-0007
2023-10-26 13:40:28,P-Usine_A-000313,OVEN-0007,846.7,OK,58.8,27.7,58.4,OVEN-0007
2023-10-26 13:43:40,P-Usine_A-000314,OVEN-0007,866.1,OK,64.9,31.8,57.4,OVEN-0007
2023-10-26 13:49:35,P-Usine_A-000315,OVEN-0007,844.8,OK,63.1,28.8,58.8,OVEN-0007
2023-10-26 13:46:30,P-Usine_A-000316,OVEN-0007,851.0,OK,60.7,32.7,55.2,OVEN-0007
2023-10-26 13:47:30,P-Usine_A-000317,OVEN-0007,843.6,OK,57.4,27.7,56.7,OVEN-0007
2023-10-26 13:45:25,P-Usine_A-000318,OVEN-0007,846.9,OK,61.0,30.1,59.0,OVEN-0007
2023-10-26 13:52:09,P-Usine_A-000319,OVEN-0007,856.4,OK,58.9,29.6,58.2,OVEN-0007
2023-10-26 13:51:02,P-Usine_A-000320,OVEN-0007,852.8,OK,62.1,29.9,59.4,OVEN-0007
2023-10-26 13:51:13,P-Usine_A-000321,OVEN-0007,849.1,OK,61.4,35.8,56.2,OVEN-0007
2023-10-26 13:51:17,P-Usine_A-000322,OVEN-0007,853.1,OK,57.8,27.7,56.8,OVEN-0007
2023-10-26 13:48:44,P-Usine_A-000323,OVEN-0007,853.9,OK,58.7,28.8,58.0,OVEN-0007
2023-10-26 13:57:40,P-Usine_A-000324,OVEN-0007,857.6,OK,60.0,30.4,56.6,OVEN-0007
2023-10-26 13:51:06,P-Usine_A-000325,OVEN-0007,847.3,OK,61.5,29.1,59.8,OVEN-0007
2023-10-26 13:51:59,P-Usine_A-000326,OVEN-0007,850.2,OK,61.1,31.0,62.9,OVEN-0007
2023-10-26 13:53:45,P-Usine_A-000327,OVEN-0007,858.4,OK,58.1,32.5,59.7,OVEN-0007
2023-10-26 13:53:42,P-Usine_A-000328,OVEN-0007,855.5,OK,59.2,26.0,57.2,OVEN-0007
2023-10-26 13:59:46,P-Usine_A-000329,OVEN-0007,850.9,OK,59.4,32.3,54.8,OVEN-0007
2023-10-26 13:58:00,P-Usine_A-000330,OVEN-0007,851.8,OK,58.1,28.9,56.1,OVEN-0007
2023-10-26 13:58:00,P-Usine_A-000330,OVEN-0007,851.8,OK,58.1,28.9,56.1,OVEN-0007
2023-10-26 14:00:26,P-Usine_A-000331,OVEN-0007,860.5,OK,59.7,28.1,58.4,OVEN-0007
2023-10-26 14:00:26,P-Usine_A-000331,OVEN-0007,860.5,OK,59.7,28.1,58.4,OVEN-0007
2023-10-26 14:02:07,P-Usine_A-000332,OVEN-0007,858.4,OK,58.1,27.2,61.4,OVEN-0007
2023-10-26 13:59:05,P-Usine_A-000333,OVEN-0007,843.4,OK,62.0,28.1,55.9,OVEN-0007
2023-10-26 14:08:48,P-Usine_A-000334,OVEN-0007,845.8,OK,60.7,27.1,59.3,OVEN-0007
2023-10-26 14:09:22,P-Usine_A-000335,OVEN-0007,849.1,OK,63.5,30.4,55.6,OVEN-0007
2023-10-26 14:04:32,P-Usine_A-000336,OVEN-0007,851.8,OK,57.8,31.4,56.8,OVEN-0007
2023-10-26 14:09:38,P-Usine_A-000337,OVEN-0007,853.0,OK,61.7,30.5,58.2,OVEN-0007
2023-10-26 14:12:02,P-Usine_A-000338,OVEN-0007,849.4,OK,59.7,26.9,61.0,OVEN-0007
2023-10-26 14:05:16,P-Usine_A-000339,OVEN-0007,846.1,OK,62.1,28.7,54.6,OVEN-0007
2023-10-26 14:09:55,P-Usine_A-000340,OVEN-0007,843.7,OK,57.7,28.4,57.8,OVEN-0007
2023-10-26 14:13:36,P-Usine_A-000341,OVEN-0007,847.9,OK,57.1,29.9,55.5,OVEN-0007
2023-10-26 14:13:58,P-Usine_A-000342,OVEN-0007,852.4,OK,59.7,30.7,56.3,OVEN-0007
2023-10-26 14:14:19,P-Usine_A-000343,OVEN-0007,855.9,OK,63.6,28.3,58.7,OVEN-0007
2023-10-26 14:09:24,P-Usine_A-000344,OVEN-0007,839.5,OK,57.7,28.8,62.1,OVEN-0007
2023-10-26 14:12:09,P-Usine_A-000345,OVEN-0007,847.6,OK,57.9,30.3,58.5,OVEN-0007
2023-10-26 14:11:46,P-Usine_A-000346,OVEN-0007,841.5,OK,61.1,26.1,63.1,OVEN-0007
2023-10-26 14:15:27,P-Usine_A-000347,OVEN-0007,847.4,OK,57.8,29.5,58.3,OVEN-0007
2023-10-26 14:22:09,P-Usine_A-000348,OVEN-0007,842.3,OK,58.0,27.6,57.5,OVEN-0007
2023-10-26 14:21:46,P-Usine_A-000349,OVEN-0007,848.8,OK,56.7,30.0,57.5,OVEN-0007
2023-10-26 14:23:36,P-Usine_A-000350,OVEN-0007,847.0,OK,59.5,27.2,58.7,OVEN-0007
2023-10-26 14:23:36,P-Usine_A-000350,OVEN-0007,847.0,OK,59.5,27.2,58.7,OVEN-0007
2023-10-26 14:25:05,P-Usine_A-000351,OVEN-0008,841.6,OK,60.3,31.1,55.8,OVEN-0008
2023-10-26 14:17:20,P-Usine_A-000352,OVEN-0008,851.2,OK,59.8,30.3,56.8,OVEN-0008
2023-10-26 14:23:19,P-Usine_A-000353,OVEN-0008,857.9,OK,61.2,29.8,58.6,OVEN-0008
2023-10-26 14:21:36,P-Usine_A-000354,OVEN-0008,842.4,OK,62.4,27.0,59.1,OVEN-0008
2023-10-26 14:21:39,P-Usine_A-000355,OVEN-0008,854.9,OK,57.5,30.7,58.9,OVEN-0008
2023-10-26 14:27:27,P-Usine_A-000356,OVEN-0008,853.5,OK,59.7,29.5,56.7,OVEN-0008
2023-10-26 14:28:33,P-Usine_A-000357,OVEN-0008,850.2,OK,61.9,29.0,55.3,OVEN-0008
2023-10-26 14:29:13,P-Usine_A-000358,OVEN-0008,850.0,OK,61.6,29.1,54.4,OVEN-0008
2023-10-26 14:25:18,P-Usine_A-000359,OVEN-0008,851.9,OK,59.8,26.4,57.6,OVEN-0008
2023-10-26 14:30:14,P-Usine_A-000360,OVEN-0008,848.6,OK,59.4,30.1,58.9,OVEN-0008
2023-10-26 14:28:53,P-Usine_A-000361,OVEN-0008,851.5,OK,58.7,26.9,56.2,OVEN-0008
2023-10-26 14:35:41,P-Usine_A-000362,OVEN-0008,844.5,OK,61.6,27.3,56.9,OVEN-0008
2023-10-26 14:34:41,P-Usine_A-000363,OVEN-0008,854.6,OK,59.7,30.5,57.6,OVEN-0008
2023-10-26 14:31:41,P-Usine_A-000364,OVEN-0008,850.3,OK,61.2,,57.5,OVEN-0008
2023-10-26 14:39:19,P-Usine_A-000365,OVEN-0008,852.2,OK,57.9,31.0,57.1,OVEN-0008
2023-10-26 14:37:29,P-Usine_A-000366,OVEN-0008,857.4,OK,58.6,29.3,60.2,OVEN-0008
2023-10-26 14:41:34,P-Usine_A-000367,OVEN-0008,852.4,OK,60.9,29.9,57.3,OVEN-0008
2023-10-26 14:41:51,P-Usine_A-000368,OVEN-0008,860.3,OK,61.0,28.9,57.1,OVEN-0008
2023-10-26 14:33:37,P-Usine_A-000369,OVEN-0008,854.0,OK,59.8,33.4,53.2,OVEN-0008
2023-10-26 14:36:25,P-Usine_A-000370,OVEN-0008,859.6,OK,56.0,30.9,58.3,OVEN-0008
2023-10-26 14:38:44,P-Usine_A-000371,OVEN-0008,845.7,OK,58.9,27.2,61.4,OVEN-0008
2023-10-26 14:38:14,P-Usine_A-000372,OVEN-0008,853.7,OK,61.2,32.7,60.2,OVEN-0008
2023-10-26 14:39:49,P-Usine_A-000373,OVEN-0008,844.4,OK,58.7,25.9,57.1,OVEN-0008
2023-10-26 14:43:43,P-Usine_A-000374,OVEN-0008,,OK,62.8,28.1,57.0,OVEN-0008
2023-10-26 14:45:58,P-Usine_A-000375,OVEN-0008,842.0,OK,61.6,26.8,60.1,OVEN-0008
2023-10-26 14:43:47,P-Usine_A-000376,OVEN-0008,851.2,OK,61.5,27.1,60.4,OVEN-0008
2023-10-26 14:49:51,P-Usine_A-000377,OVEN-0008,850.4,OK,60.4,33.6,60.7,OVEN-0008
2023-10-26 14:52:01,P-Usine_A-000378,OVEN-0008,850.0,OK,59.2,29.5,54.0,OVEN-0008
2023-10-26 14:52:27,P-Usine_A-000379,OVEN-0008,852.9,OK,60.1,29.3,56.0,OVEN-0008
2023-10-26 14:48:17,P-Usine_A-000380,OVEN-0008,843.5,OK,59.2,31.7,57.3,OVEN-0008
2023-10-26 14:45:45,P-Usine_A-000381,OVEN-0008,844.0,OK,57.8,27.9,57.6,OVEN-0008
2023-10-26 14:52:17,P-Usine_A-000382,OVEN-0008,861.0,OK,61.5,29.7,55.3,OVEN-0008
2023-10-26 14:52:52,P-Usine_A-000383,OVEN-0008,851.8,OK,56.5,35.4,58.9,OVEN-0008
2023-10-26 14:56:52,P-Usine_A-000384,OVEN-0008,857.1,OK,56.1,28.3,59.1,OVEN-0008
2023-10-26 14:57:10,P-Usine_A-000385,OVEN-0008,851.7,OK,55.9,28.3,61.9,OVEN-0008
2023-10-26 14:57:29,P-Usine_A-000386,OVEN-0008,999.9,OK,58.9,29.8,57.8,OVEN-0008
2023-10-26 14:59:06,P-Usine_A-000387,OVEN-0008,843.7,OK,59.5,32.3,59.1,OVEN-0008
2023-10-26 14:58:41,P-Usine_A-000388,OVEN-0008,855.1,OK,60.9,28.8,58.9,OVEN-0008
2023-10-26 15:00:53,P-Usine_A-000389,OVEN-0008,850.4,OK,59.5,27.1,54.3,OVEN-0008
2023-10-26 14:57:58,P-Usine_A-000390,OVEN-0008,843.1,OK,62.4,30.4,58.6,OVEN-0008
2023-10-26 15:02:29,P-Usine_A-000391,OVEN-0008,846.6,OK,61.6,32.3,58.0,OVEN-0008
2023-10-26 14:58:28,P-Usine_A-000392,OVEN-0008,856.8,OK,61.3,31.8,55.2,OVEN-0008
2023-10-26 15:02:12,P-Usine_A-000393,OVEN-0008,848.5,OK,58.8,28.6,59.6,OVEN-0008
2023-10-26 15:04:29,P-Usine_A-000394,OVEN-0008,850.0,OK,61.4,29.3,63.6,OVEN-0008
2023-10-26 15:00:19,P-Usine_A-000395,OVEN-0008,851.4,OK,58.3,33.1,58.4,OVEN-0008
2023-10-26 15:05:48,P-Usine_A-000396,OVEN-0008,858.5,OK,60.6,34.9,57.8,OVEN-0008
2023-10-26 15:02:15,P-Usine_A-000397,OVEN-0008,851.8,OK,59.1,33.7,57.6,OVEN-0008
2023-10-26 15:04:13,P-Usine_A-000398,OVEN-0008,846.8,OK,61.7,27.6,58.7,OVEN-0008
2023-10-26 15:03:22,P-Usine_A-000399,OVEN-0008,858.3,OK,62.8,30.7,58.7,OVEN-0008
2023-10-26 15:06:22,P-Usine_A-000400,OVEN-0008,850.3,OK,60.3,34.0,57.4,OVEN-0008
2023-10-26 15:07:29,P-Usine_A-000401,OVEN-0009,847.6,OK,57.3,29.0,57.1,OVEN-0009
2023-10-26 15:06:35,P-Usine_A-000402,OVEN-0009,845.7,OK,64.7,29.9,60.1,OVEN-0009
2023-10-26 15:15:58,P-Usine_A-000403,OVEN-0009,842.8,OK,62.5,32.4,60.6,OVEN-0009
2023-10-26 15:12:20,P-Usine_A-000404,OVEN-0009,850.1,OK,60.5,30.5,57.6,OVEN-0009
2023-10-26 15:18:51,P-Usine_A-000405,OVEN-0009,846.5,NOK,60.6,31.2,60.6,OVEN-0009
2023-10-26 15:19:31,P-Usine_A-000406,OVEN-0009,852.3,OK,60.6,30.3,55.8,OVEN-0009
2023-10-26 15:19:24,P-Usine_A-000407,OVEN-0009,852.4,OK,58.9,29.2,58.1,OVEN-0009
2023-10-26 15:16:25,P-Usine_A-000408,OVEN-0009,856.8,OK,58.5,27.7,59.0,OVEN-0009
2023-10-26 15:17:11,P-Usine_A-000409,OVEN-0009,854.9,OK,58.8,29.3,59.1,OVEN-0009
2023-10-26 15:15:24,P-Usine_A-000410,OVEN-0009,845.0,OK,61.9,32.1,61.2,OVEN-0009
2023-10-26 15:15:35,P-Usine_A-000411,OVEN-0009,845.3,OK,60.7,29.9,55.7,OVEN-0009
2023-10-26 15:19:07,P-Usine_A-000412,OVEN-0009,847.9,OK,59.8,26.9,59.2,OVEN-0009
2023-10-26 15:19:07,P-Usine_A-000412,OVEN-0009,847.9,OK,59.8,26.9,59.2,OVEN-0009
2023-10-26 15:25:02,P-Usine_A-000413,OVEN-0009,852.2,OK,61.1,27.0,61.3,OVEN-0009
2023-10-26 15:18:29,P-Usine_A-000414,OVEN-0009,849.2,OK,59.2,29.8,57.7,OVEN-0009
2023-10-26 15:20:51,P-Usine_A-000415,OVEN-0009,845.3,OK,58.9,29.3,57.4,OVEN-0009
2023-10-26 15:20:46,P-Usine_A-000416,OVEN-0009,856.3,OK,55.9,30.7,58.2,OVEN-0009
2023-10-26 15:28:11,P-Usine_A-000417,OVEN-0009,840.8,OK,62.5,29.8,58.1,OVEN-0009
2023-10-26 15:29:54,P-Usine_A-000418,OVEN-0009,847.5,OK,62.5,29.5,58.2,OVEN-0009
2023-10-26 15:23:32,P-Usine_A-000419,OVEN-0009,845.7,OK,60.1,30.7,57.4,OVEN-0009
2023-10-26 15:23:32,P-Usine_A-000419,OVEN-0009,845.7,OK,60.1,30.7,57.4,OVEN-0009
2023-10-26 15:26:15,P-Usine_A-000420,OVEN-0009,853.0,OK,61.5,32.2,55.5,OVEN-0009
2023-10-26 15:28:39,P-Usine_A-000421,OVEN-0009,852.7,OK,60.1,32.1,56.6,OVEN-0009
2023-10-26 15:34:40,P-Usine_A-000422,OVEN-0009,845.7,OK,61.9,27.7,60.9,OVEN-0009
2023-10-26 15:27:48,P-Usine_A-000423,OVEN-0009,852.9,OK,60.4,30.9,58.5,OVEN-0009
2023-10-26 15:33:37,P-Usine_A-000424,OVEN-0009,860.3,OK,58.7,29.4,55.0,OVEN-0009
2023-10-26 15:33:33,P-Usine_A-000425,OVEN-0009,857.1,OK,59.5,29.6,61.0,OVEN-0009
2023-10-26 15:34:26,P-Usine_A-000426,OVEN-0009,842.7,OK,64.0,28.6,58.2,OVEN-0009
,P-Usine_A-000427,OVEN-0009,847.5,OK,61.8,31.2,55.4,OVEN-0009
2023-10-26 15:38:05,P-Usine_A-000428,OVEN-0009,856.0,OK,62.4,30.7,58.2,OVEN-0009
2023-10-26 15:36:39,P-Usine_A-000429,OVEN-0009,853.7,OK,60.3,32.7,58.3,OVEN-0009
2023-10-26 15:35:32,P-Usine_A-000430,OVEN-0009,853.9,OK,59.6,32.0,60.7,OVEN-0009
2023-10-26 15:44:14,P-Usine_A-000431,OVEN-0009,847.7,OK,56.6,28.3,55.2,OVEN-0009
2023-10-26 15:44:14,P-Usine_A-000431,OVEN-0009,847.7,OK,56.6,28.3,55.2,OVEN-0009
2023-10-26 15:38:19,P-Usine_A-000432,OVEN-0009,850.6,OK,57.9,29.2,55.8,OVEN-0009
2023-10-26 15:42:30,P-Usine_A-000433,OVEN-0009,850.5,OK,59.1,30.2,59.9,OVEN-0009
2023-10-26 15:40:55,P-Usine_A-000434,OVEN-0009,852.2,OK,63.0,30.0,60.6,OVEN-0009
2023-10-26 15:40:55,P-Usine_A-000434,OVEN-0009,852.2,OK,63.0,30.0,60.6,OVEN-0009
2023-10-26 15:38:46,P-Usine_A-000435,OVEN-0009,853.5,OK,58.9,32.2,56.6,OVEN-0009
2023-10-26 15:39:29,P-Usine_A-000436,OVEN-0009,853.7,OK,57.3,31.3,58.2,OVEN-0009
2023-10-26 15:50:12,P-Usine_A-000437,OVEN-0009,847.2,OK,59.2,30.1,53.6,OVEN-0009
2023-10-26 15:50:21,P-Usine_A-000438,OVEN-0009,853.8,OK,57.8,31.0,57.3,OVEN-0009
2023-10-26 15:43:34,P-Usine_A-000439,OVEN-0009,845.1,OK,59.3,30.0,58.0,OVEN-0009
2023-10-26 15:52:22,P-Usine_A-000440,OVEN-0009,851.0,OK,62.6,27.3,54.9,OVEN-0009
2023-10-26 15:46:46,P-Usine_A-000441,OVEN-0009,849.7,OK,59.8,30.9,59.1,OVEN-0009
2023-10-26 15:53:27,P-Usine_A-000442,OVEN-0009,848.3,OK,59.5,27.2,60.2,OVEN-0009
2023-10-26 15:54:54,P-Usine_A-000443,OVEN-0009,852.1,OK,62.0,26.4,55.9,OVEN-0009
2023-10-26 15:55:41,P-Usine_A-000444,OVEN-0009,853.7,OK,62.0,,57.1,OVEN-0009
2023-10-26 15:57:46,P-Usine_A-000445,OVEN-0009,854.9,OK,61.8,32.7,56.0,OVEN-0009
2023-10-26 15:52:08,P-Usine_A-000446,OVEN-0009,847.0,OK,58.9,29.0,59.1,OVEN-0009
2023-10-26 15:57:12,P-Usine_A-000447,OVEN-0009,852.8,OK,61.8,31.2,58.8,OVEN-0009
2023-10-26 15:54:43,P-Usine_A-000448,OVEN-0009,854.0,OK,59.8,30.8,60.2,OVEN-0009
2023-10-26 16:02:09,P-Usine_A-000449,OVEN-0009,851.1,OK,60.0,30.8,56.5,OVEN-0009
2023-10-26 15:54:01,P-Usine_A-000450,OVEN-0009,847.7,OK,57.4,27.9,57.3,OVEN-0009
2023-10-26 16:00:38,P-Usine_A-000451,OVEN-0010,850.6,OK,63.6,30.2,60.9,OVEN-0010
2023-10-26 16:02:10,P-Usine_A-000452,OVEN-0010,846.1,OK,59.5,27.1,57.7,OVEN-0010
2023-10-26 15:58:15,P-Usine_A-000453,OVEN-0010,848.8,OK,58.2,28.6,63.0,OVEN-0010
2023-10-26 16:07:04,P-Usine_A-000454,OVEN-0010,843.1,OK,59.2,26.5,59.6,OVEN-0010
2023-10-26 16:07:31,P-Usine_A-000455,OVEN-0010,852.4,OK,62.7,28.2,56.5,OVEN-0010
2023-10-26 16:07:15,P-Usine_A-000456,OVEN-0010,859.4,999.9,60.8,30.8,57.2,OVEN-0010
2023-10-26 16:01:58,P-Usine_A-000457,OVEN-0010,848.6,OK,60.2,32.5,57.6,OVEN-0010
,P-Usine_A-000458,OVEN-0010,850.8,OK,62.6,33.2,58.9,OVEN-0010
2023-10-26 16:10:34,P-Usine_A-000459,OVEN-0010,844.1,OK,61.0,28.4,59.4,OVEN-0010
2023-10-26 16:11:53,P-Usine_A-000460,OVEN-0010,858.3,OK,59.9,28.4,57.8,OVEN-0010
2023-10-26 16:04:56,P-Usine_A-000461,OVEN-0010,845.4,OK,55.8,28.1,57.9,OVEN-0010
2023-10-26 16:09:48,P-Usine_A-000462,OVEN-0010,845.5,OK,58.7,30.0,56.2,OVEN-0010
2023-10-26 16:15:19,P-Usine_A-000463,OVEN-0010,851.7,OK,57.5,31.6,59.2,OVEN-0010
2023-10-26 16:14:23,P-Usine_A-000464,OVEN-0010,858.2,OK,62.2,27.5,58.6,OVEN-0010
2023-10-26 16:12:25,P-Usine_A-000465,OVEN-0010,853.7,OK,62.5,28.2,54.0,OVEN-0010
2023-10-26 16:12:35,P-Usine_A-000466,OVEN-0010,855.0,OK,64.4,33.0,59.2,OVEN-0010
2023-10-26 16:11:20,P-Usine_A-000467,OVEN-0010,851.2,OK,60.0,29.3,56.7,OVEN-0010
2023-10-26 16:15:05,P-Usine_A-000468,OVEN-0010,850.5,OK,59.0,31.1,57.9,OVEN-0010
2023-10-26 16:20:36,P-Usine_A-000469,OVEN-0010,845.3,OK,58.1,29.7,57.6,OVEN-0010
2023-10-26 16:14:31,P-Usine_A-000470,OVEN-0010,855.5,OK,60.6,29.4,59.9,OVEN-0010
2023-10-26 16:18:49,P-Usine_A-000471,OVEN-0010,848.8,OK,60.7,28.4,59.6,OVEN-0010
2023-10-26 16:25:21,P-Usine_A-000472,OVEN-0010,846.7,OK,60.3,30.7,58.7,OVEN-0010
2023-10-26 16:21:28,P-Usine_A-000473,OVEN-0010,842.7,OK,57.4,29.4,54.9,OVEN-0010
2023-10-26 16:25:54,P-Usine_A-000474,OVEN-0010,851.8,OK,56.6,29.1,57.7,OVEN-0010
2023-10-26 16:25:54,P-Usine_A-000474,OVEN-0010,851.8,OK,56.6,29.1,57.7,OVEN-0010
2023-10-26 16:25:45,P-Usine_A-000475,OVEN-0010,844.2,OK,58.7,29.3,54.9,OVEN-0010
2023-10-26 16:25:45,P-Usine_A-000476,OVEN-0010,849.8,OK,58.5,30.2,56.4,OVEN-0010
2023-10-26 16:28:32,P-Usine_A-000477,OVEN-0010,843.2,OK,61.7,32.1,60.0,OVEN-0010
2023-10-26 16:28:42,P-Usine_A-000478,OVEN-0010,847.7,OK,63.3,32.3,58.8,OVEN-0010
2023-10-26 16:29:38,P-Usine_A-000479,OVEN-0010,848.0,OK,59.1,31.9,60.0,OVEN-0010
2023-10-26 16:29:40,P-Usine_A-000480,OVEN-0010,857.1,OK,61.3,29.2,57.2,OVEN-0010
2023-10-26 16:25:13,P-Usine_A-000481,OVEN-0010,859.4,OK,62.1,28.7,57.8,OVEN-0010
2023-10-26 16:34:39,P-Usine_A-000482,OVEN-0010,852.3,OK,57.6,31.4,59.3,OVEN-0010
2023-10-26 16:36:06,P-Usine_A-000483,OVEN-0010,846.3,OK,58.0,29.8,60.3,OVEN-0010
2023-10-26 16:36:51,P-Usine_A-000484,OVEN-0010,841.5,OK,60.3,28.7,63.3,OVEN-0010
2023-10-26 16:36:18,P-Usine_A-000485,OVEN-0010,855.0,OK,60.7,30.4,60.6,OVEN-0010
2023-10-26 16:35:49,P-Usine_A-000486,OVEN-0010,848.5,OK,60.1,32.2,52.8,OVEN-0010
2023-10-26 16:31:26,P-Usine_A-000487,OVEN-0010,854.6,OK,60.2,29.8,60.4,OVEN-0010
2023-10-26 16:35:28,P-Usine_A-000488,OVEN-0010,,OK,61.4,26.2,55.6,OVEN-0010
2023-10-26 16:35:05,P-Usine_A-000489,OVEN-0010,848.9,OK,60.3,31.2,57.2,OVEN-0010
2023-10-26 16:39:43,P-Usine_A-000490,OVEN-0010,849.8,OK,63.0,29.5,56.2,OVEN-0010
2023-10-26 16:42:45,P-Usine_A-000491,OVEN-0010,850.9,OK,55.0,32.4,57.2,OVEN-0010
2023-10-26 16:46:12,P-Usine_A-000492,OVEN-0010,840.2,OK,61.6,29.0,59.7,OVEN-0010
2023-10-26 16:44:46,P-Usine_A-000493,OVEN-0010,842.9,OK,62.0,27.9,58.3,OVEN-0010
2023-10-26 16:40:25,P-Usine_A-000494,OVEN-0010,848.0,OK,59.4,33.1,57.1,OVEN-0010
2023-10-26 16:45:09,P-Usine_A-000495,OVEN-0010,845.6,OK,58.0,32.6,59.5,OVEN-0010
2023-10-26 16:45:09,P-Usine_A-000495,OVEN-0010,845.6,OK,58.0,32.6,59.5,OVEN-0010
2023-10-26 16:42:33,P-Usine_A-000496,OVEN-0010,851.1,OK,60.9,28.3,54.9,OVEN-0010
2023-10-26 16:50:55,P-Usine_A-000497,OVEN-0010,844.3,OK,59.9,28.5,63.8,OVEN-0010
2023-10-26 16:51:08,P-Usine_A-000498,OVEN-0010,841.3,OK,60.6,28.7,59.7,OVEN-0010
2023-10-26 16:45:51,P-Usine_A-000499,OVEN-0010,845.6,OK,58.0,30.9,56.5,OVEN-0010
2023-10-26 16:44:46,P-Usine_A-000500,OVEN-0010,860.0,OK,60.0,30.6,55.5,OVEN-0010
2023-10-26 16:47:33,P-Usine_A-000501,OVEN-0011,841.9,OK,64.3,30.0,59.1,OVEN-0011
2023-10-26 16:50:36,P-Usine_A-000502,OVEN-0011,853.4,OK,61.9,29.5,59.4,OVEN-0011
2023-10-26 16:47:54,P-Usine_A-000503,OVEN-0011,866.8,OK,58.1,30.8,57.8,OVEN-0011
2023-10-26 16:55:49,P-Usine_A-000504,OVEN-0011,852.1,OK,56.1,31.0,61.9,OVEN-0011
2023-10-26 16:57:03,P-Usine_A-000505,OVEN-0011,851.3,OK,60.3,30.3,61.5,OVEN-0011
2023-10-26 16:53:20,P-Usine_A-000506,OVEN-0011,851.9,OK,60.4,27.1,54.8,OVEN-0011
2023-10-26 16:52:22,P-Usine_A-000507,OVEN-0011,863.7,OK,63.3,26.7,56.6,OVEN-0011
2023-10-26 16:55:52,P-Usine_A-000508,OVEN-0011,855.0,OK,56.6,32.1,57.3,OVEN-0011
2023-10-26 17:01:55,P-Usine_A-000509,OVEN-0011,850.0,OK,57.6,31.9,55.8,OVEN-0011
2023-10-26 16:59:43,P-Usine_A-000510,OVEN-0011,859.5,OK,58.3,30.5,59.0,OVEN-0011
2023-10-26 17:02:16,P-Usine_A-000511,OVEN-0011,844.8,OK,60.2,31.7,58.1,OVEN-0011
2023-10-26 17:03:40,P-Usine_A-000512,OVEN-0011,856.9,OK,57.7,28.0,58.9,OVEN-0011
2023-10-26 17:07:58,P-Usine_A-000513,OVEN-0011,849.8,OK,62.2,31.1,58.2,OVEN-0011
2023-10-26 17:07:05,P-Usine_A-000514,OVEN-0011,853.5,999.9,58.8,28.3,56.1,OVEN-0011
2023-10-26 17:06:52,P-Usine_A-000515,OVEN-0011,848.3,OK,60.4,28.2,57.5,OVEN-0011
2023-10-26 17:05:50,P-Usine_A-000516,OVEN-0011,843.8,OK,55.4,31.2,55.0,OVEN-0011
2023-10-26 17:10:19,P-Usine_A-000517,OVEN-0011,848.1,OK,61.5,30.7,59.3,OVEN-0011
2023-10-26 17:09:27,P-Usine_A-000518,OVEN-0011,846.1,OK,53.5,26.7,55.8,OVEN-0011
2023-10-26 17:04:09,P-Usine_A-000519,OVEN-0011,858.4,OK,61.2,27.5,54.9,OVEN-0011
2023-10-26 17:11:44,P-Usine_A-000520,OVEN-0011,841.0,OK,62.1,30.0,57.7,OVEN-0011
2023-10-26 17:10:46,P-Usine_A-000521,OVEN-0011,852.1,OK,56.6,32.0,57.7,OVEN-0011
2023-10-26 17:16:09,P-Usine_A-000522,OVEN-0011,855.8,OK,60.5,29.1,60.9,OVEN-0011
2023-10-26 17:14:19,P-Usine_A-000523,OVEN-0011,850.6,OK,60.2,26.9,55.3,OVEN-0011
2023-10-26 17:14:08,P-Usine_A-000524,OVEN-0011,850.2,OK,62.2,28.2,62.7,OVEN-0011
2023-10-26 17:10:07,P-Usine_A-000525,OVEN-0011,840.7,OK,60.9,29.8,56.5,OVEN-0011
2023-10-26 17:15:37,P-Usine_A-000526,OVEN-0011,850.9,OK,60.9,31.7,61.3,OVEN-0011
2023-10-26 17:13:28,P-Usine_A-000527,OVEN-0011,851.3,OK,57.4,30.2,54.8,OVEN-0011
2023-10-26 17:22:03,P-Usine_A-000528,OVEN-0011,855.9,OK,60.9,32.2,58.2,OVEN-0011
2023-10-26 17:18:17,P-Usine_A-000529,OVEN-0011,854.1,OK,59.4,31.5,57.2,OVEN-0011
2023-10-26 17:19:22,P-Usine_A-000530,OVEN-0011,842.0,OK,57.1,32.7,58.4,OVEN-0011
2023-10-26 17:17:03,P-Usine_A-000531,OVEN-0011,859.7,OK,60.3,28.9,57.6,OVEN-0011
2023-10-26 17:25:48,P-Usine_A-000532,OVEN-0011,851.2,OK,60.4,29.3,56.8,OVEN-0011
2023-10-26 17:18:58,P-Usine_A-000533,OVEN-0011,856.8,OK,59.5,26.5,58.9,OVEN-0011
2023-10-26 17:27:12,P-Usine_A-000534,OVEN-0011,853.1,OK,56.8,31.4,56.7,OVEN-0011
2023-10-26 17:24:50,P-Usine_A-000535,OVEN-0011,863.1,OK,58.6,28.1,55.5,OVEN-0011
2023-10-26 17:26:37,P-Usine_A-000536,OVEN-0011,854.2,OK,59.3,30.7,57.7,OVEN-0011
2023-10-26 17:30:31,P-Usine_A-000537,OVEN-0011,837.9,OK,60.7,30.6,57.3,OVEN-0011
2023-10-26 17:32:15,P-Usine_A-000538,OVEN-0011,851.1,OK,58.7,29.5,58.9,OVEN-0011
2023-10-26 17:29:32,P-Usine_A-000539,OVEN-0011,843.9,OK,59.4,29.5,55.8,OVEN-0011
2023-10-26 17:33:36,P-Usine_A-000540,OVEN-0011,848.9,OK,56.7,31.9,59.4,OVEN-0011
2023-10-26 17:34:17,P-Usine_A-000541,OVEN-0011,846.3,OK,57.6,27.4,56.1,999.9
2023-10-26 17:31:17,P-Usine_A-000542,OVEN-0011,854.0,OK,59.8,30.8,57.9,OVEN-0011
2023-10-26 17:28:27,P-Usine_A-000543,OVEN-0011,841.6,OK,60.3,29.8,55.8,OVEN-0011
2023-10-26 17:32:57,P-Usine_A-000544,OVEN-0011,853.0,OK,63.3,32.3,60.1,OVEN-0011
2023-10-26 17:30:16,P-Usine_A-000545,OVEN-0011,855.2,OK,59.1,27.8,56.1,OVEN-0011
2023-10-26 17:38:58,P-Usine_A-000546,OVEN-0011,851.1,OK,61.0,29.4,58.5,OVEN-0011
2023-10-26 17:33:31,P-Usine_A-000547,OVEN-0011,850.6,OK,56.5,33.4,56.7,OVEN-0011
2023-10-26 17:34:54,P-Usine_A-000548,OVEN-0011,850.8,OK,59.2,31.7,59.3,OVEN-0011
2023-10-26 17:40:21,P-Usine_A-000549,OVEN-0011,857.7,OK,61.8,31.4,58.7,OVEN-0011
2023-10-26 17:36:02,P-Usine_A-000550,OVEN-0011,846.1,OK,62.1,31.7,58.9,OVEN-0011
2023-10-26 17:38:43,P-Usine_A-000551,OVEN-0012,849.7,OK,61.0,27.5,59.7,OVEN-0012
2023-10-26 17:38:43,P-Usine_A-000551,OVEN-0012,849.7,OK,61.0,27.5,59.7,OVEN-0012
2023-10-26 17:41:32,P-Usine_A-000552,OVEN-0012,840.1,OK,59.2,33.3,57.6,OVEN-0012
2023-10-26 17:45:29,P-Usine_A-000553,OVEN-0012,849.6,OK,61.6,30.5,57.2,OVEN-0012
2023-10-26 17:38:50,P-Usine_A-000554,OVEN-0012,861.3,OK,56.1,30.2,52.6,OVEN-0012
2023-10-26 17:39:21,P-Usine_A-000555,OVEN-0012,857.3,OK,58.3,25.7,55.4,OVEN-0012
2023-10-26 17:45:36,P-Usine_A-000556,OVEN-0012,850.1,OK,63.8,30.0,58.1,OVEN-0012
2023-10-26 17:43:27,P-Usine_A-000557,OVEN-0012,845.1,OK,60.1,32.7,60.5,OVEN-0012
2023-10-26 17:48:55,P-Usine_A-000558,OVEN-0012,845.1,OK,59.3,27.0,58.2,OVEN-0012
2023-10-26 17:51:39,P-Usine_A-000559,OVEN-0012,845.1,OK,,32.4,57.8,OVEN-0012
2023-10-26 17:45:13,P-Usine_A-000560,OVEN-0012,858.7,OK,60.0,30.5,59.7,OVEN-0012
2023-10-26 17:46:27,P-Usine_A-000561,OVEN-0012,845.3,OK,61.6,29.5,63.4,OVEN-0012
2023-10-26 17:49:12,P-Usine_A-000562,OVEN-0012,850.0,OK,61.0,29.2,55.7,OVEN-0012
2023-10-26 17:49:09,P-Usine_A-000563,OVEN-0012,847.6,OK,58.1,28.7,59.8,OVEN-0012
2023-10-26 17:52:19,P-Usine_A-000564,OVEN-0012,847.1,OK,60.1,29.7,60.1,OVEN-0012
2023-10-26 17:58:05,P-Usine_A-000565,OVEN-0012,856.1,OK,58.8,32.6,62.1,OVEN-0012
2023-10-26 17:51:26,P-Usine_A-000566,OVEN-0012,853.0,OK,58.2,31.5,57.7,OVEN-0012
2023-10-26 17:58:34,P-Usine_A-000567,OVEN-0012,846.2,OK,63.5,27.2,56.1,OVEN-0012
2023-10-26 18:01:21,P-Usine_A-000568,OVEN-0012,862.6,OK,64.5,28.7,,OVEN-0012
2023-10-26 17:57:40,P-Usine_A-000569,OVEN-0012,850.1,OK,59.7,31.1,999.9,OVEN-0012
2023-10-26 17:58:32,P-Usine_A-000570,OVEN-0012,850.9,OK,59.5,30.8,57.6,OVEN-0012
2023-10-26 18:03:51,P-Usine_A-000571,OVEN-0012,842.4,OK,57.2,31.3,58.2,OVEN-0012
2023-10-26 18:01:19,P-Usine_A-000572,OVEN-0012,852.4,OK,56.3,33.9,58.7,OVEN-0012
2023-10-26 17:57:57,P-Usine_A-000573,OVEN-0012,850.8,OK,63.2,29.1,59.2,OVEN-0012
2023-10-26 18:00:38,P-Usine_A-000574,OVEN-0012,851.5,OK,59.2,30.5,55.8,OVEN-0012
2023-10-26 18:04:37,P-Usine_A-000575,OVEN-0012,846.4,OK,59.1,29.7,57.4,OVEN-0012
2023-10-26 18:06:47,P-Usine_A-000576,OVEN-0012,845.0,OK,55.9,31.4,58.8,OVEN-0012
2023-10-26 18:04:53,P-Usine_A-000577,OVEN-0012,861.9,OK,57.5,31.7,60.6,OVEN-0012
2023-10-26 18:11:38,P-Usine_A-000578,OVEN-0012,856.0,OK,59.3,28.0,56.4,OVEN-0012
2023-10-26 18:12:44,P-Usine_A-000579,OVEN-0012,845.9,OK,63.4,30.2,56.8,OVEN-0012
2023-10-26 18:14:04,P-Usine_A-000580,OVEN-0012,847.8,OK,62.1,27.3,55.8,OVEN-0012
2023-10-26 18:09:09,P-Usine_A-000581,OVEN-0012,851.6,OK,58.9,29.2,57.8,OVEN-0012
2023-10-26 18:16:15,P-Usine_A-000582,OVEN-0012,865.8,OK,59.3,28.5,57.2,OVEN-0012
2023-10-26 18:10:29,P-Usine_A-000583,OVEN-0012,844.0,OK,61.7,26.7,58.8,OVEN-0012
2023-10-26 18:15:19,P-Usine_A-000584,OVEN-0012,857.5,OK,59.6,29.0,58.7,OVEN-0012
2023-10-26 18:11:38,P-Usine_A-000585,OVEN-0012,853.0,OK,59.5,30.5,57.8,OVEN-0012
2023-10-26 18:16:54,P-Usine_A-000586,OVEN-0012,850.8,OK,62.7,31.2,58.4,OVEN-0012
2023-10-26 18:18:57,P-Usine_A-000587,OVEN-0012,847.2,OK,57.9,30.1,62.7,OVEN-0012
2023-10-26 18:14:59,P-Usine_A-000588,OVEN-0012,846.6,OK,61.1,28.2,59.1,OVEN-0012
2023-10-26 18:14:59,P-Usine_A-000588,OVEN-0012,846.6,OK,61.1,28.2,59.1,OVEN-0012
2023-10-26 18:13:57,P-Usine_A-000589,OVEN-0012,852.4,OK,61.8,30.8,58.0,OVEN-0012
2023-10-26 18:20:13,P-Usine_A-000590,OVEN-0012,849.6,OK,57.8,34.7,54.8,OVEN-0012
2023-10-26 18:24:39,P-Usine_A-000591,OVEN-0012,849.2,OK,57.0,29.6,61.6,OVEN-0012
2023-10-26 18:18:35,P-Usine_A-000592,OVEN-0012,832.9,OK,62.9,30.6,55.7,OVEN-0012
2023-10-26 18:18:28,P-Usine_A-000593,OVEN-0012,843.0,OK,59.0,30.3,56.9,OVEN-0012
2023-10-26 18:21:11,P-Usine_A-000594,OVEN-0012,842.3,OK,58.5,29.7,57.0,OVEN-0012
2023-10-26 18:22:08,P-Usine_A-000595,OVEN-0012,849.6,OK,60.6,29.6,999.9,OVEN-0012
2023-10-26 18:21:13,P-Usine_A-000596,OVEN-0012,847.2,OK,60.3,29.0,57.8,OVEN-0012
2023-10-26 18:25:29,P-Usine_A-000597,OVEN-0012,847.1,999.9,59.0,29.7,60.4,OVEN-0012
2023-10-26 18:32:05,P-Usine_A-000598,OVEN-0012,847.7,OK,59.8,26.7,60.0,OVEN-0012
2023-10-26 18:31:18,P-Usine_A-000599,OVEN-0012,851.0,OK,59.3,28.4,59.1,OVEN-0012
2023-10-26 18:26:53,P-Usine_A-000600,OVEN-0012,847.4,OK,60.6,33.2,56.2,OVEN-0012
2023-10-26 18:26:08,P-Usine_A-000601,OVEN-0013,849.8,OK,59.8,33.6,58.1,OVEN-0013
2023-10-26 18:33:33,P-Usine_A-000602,OVEN-0013,847.0,OK,62.5,27.4,61.0,OVEN-0013
2023-10-26 18:35:02,P-Usine_A-000603,OVEN-0013,865.3,OK,59.6,26.3,54.3,OVEN-0013
2023-10-26 18:36:05,P-Usine_A-000604,OVEN-0013,999.9,OK,55.0,27.9,55.8,OVEN-0013
2023-10-26 18:38:26,P-Usine_A-000605,OVEN-0013,852.3,OK,63.2,31.0,56.4,OVEN-0013
2023-10-26 18:39:58,P-Usine_A-000606,OVEN-0013,854.6,OK,59.5,30.5,58.0,OVEN-0013
2023-10-26 18:41:05,P-Usine_A-000607,OVEN-0013,849.6,OK,61.1,27.9,57.4,OVEN-0013
2023-10-26 18:42:14,P-Usine_A-000608,OVEN-0013,842.9,OK,60.5,28.4,61.1,OVEN-0013
2023-10-26 18:40:29,P-Usine_A-000609,OVEN-0013,849.0,OK,59.5,30.2,54.3,OVEN-0013
2023-10-26 18:41:38,P-Usine_A-000610,OVEN-0013,849.1,OK,62.8,27.0,60.1,OVEN-0013
2023-10-26 18:42:06,P-Usine_A-000611,OVEN-0013,999.9,OK,59.4,32.3,53.3,OVEN-0013
2023-10-26 18:45:12,P-Usine_A-000612,OVEN-0013,849.9,OK,61.0,29.3,55.9,OVEN-0013
2023-10-26 18:39:53,P-Usine_A-000613,OVEN-0013,843.2,OK,58.6,31.5,54.4,OVEN-0013
2023-10-26 18:39:20,P-Usine_A-000614,OVEN-0013,852.2,OK,62.1,33.0,58.0,OVEN-0013
2023-10-26 18:47:39,P-Usine_A-000615,OVEN-0013,847.2,OK,63.2,30.2,55.9,OVEN-0013
2023-10-26 18:42:52,P-Usine_A-000616,OVEN-0013,856.5,OK,63.2,31.7,55.7,OVEN-0013
2023-10-26 18:42:58,P-Usine_A-000617,OVEN-0013,845.2,OK,59.1,33.5,57.2,OVEN-0013
2023-10-26 18:46:26,P-Usine_A-000618,OVEN-0013,848.5,OK,60.0,25.9,56.2,OVEN-0013
2023-10-26 18:47:57,P-Usine_A-000619,OVEN-0013,850.3,OK,61.3,30.4,56.1,OVEN-0013
2023-10-26 18:51:18,P-Usine_A-000620,OVEN-0013,853.9,OK,62.6,33.1,55.9,OVEN-0013
2023-10-26 18:48:15,P-Usine_A-000621,OVEN-0013,841.0,OK,59.3,27.0,55.9,OVEN-0013
2023-10-26 18:47:26,P-Usine_A-000622,OVEN-0013,853.8,OK,58.7,25.3,56.5,OVEN-0013
2023-10-26 18:54:28,P-Usine_A-000623,OVEN-0013,855.2,OK,57.7,25.2,57.9,OVEN-0013
2023-10-26 18:51:09,P-Usine_A-000624,OVEN-0013,840.8,OK,62.2,30.6,55.6,OVEN-0013
2023-10-26 18:53:50,P-Usine_A-000625,OVEN-0013,844.3,OK,57.8,28.7,60.2,OVEN-0013
2023-10-26 18:53:50,P-Usine_A-000625,OVEN-0013,844.3,OK,57.8,28.7,60.2,OVEN-0013
2023-10-26 18:55:13,P-Usine_A-000626,OVEN-0013,852.6,OK,59.6,31.0,57.4,OVEN-0013
2023-10-26 18:59:18,P-Usine_A-000627,OVEN-0013,852.2,OK,58.7,33.2,59.3,OVEN-0013
2023-10-26 18:53:48,P-Usine_A-000628,OVEN-0013,842.5,OK,57.8,30.8,60.5,OVEN-0013
2023-10-26 19:01:34,P-Usine_A-000629,OVEN-0013,859.6,OK,61.6,28.2,59.7,OVEN-0013
2023-10-26 18:54:43,P-Usine_A-000630,OVEN-0013,847.3,OK,64.4,29.4,60.3,OVEN-0013
2023-10-26 18:59:20,P-Usine_A-000631,OVEN-0013,852.6,OK,58.7,28.3,55.8,OVEN-0013
2023-10-26 19:01:12,P-Usine_A-000632,OVEN-0013,855.3,OK,60.2,30.3,58.1,OVEN-0013
2023-10-26 19:05:41,P-Usine_A-000633,OVEN-0013,848.7,OK,61.2,31.5,55.3,OVEN-0013
2023-10-26 18:59:53,P-Usine_A-000634,OVEN-0013,855.2,OK,58.8,32.1,56.6,OVEN-0013
2023-10-26 19:03:21,P-Usine_A-000635,OVEN-0013,853.2,OK,56.9,34.1,55.8,OVEN-0013
2023-10-26 19:06:21,P-Usine_A-000636,OVEN-0013,840.6,OK,58.5,27.5,56.4,OVEN-0013
2023-10-26 19:03:02,P-Usine_A-000637,OVEN-0013,849.5,OK,61.5,27.8,60.1,OVEN-0013
2023-10-26 19:03:02,P-Usine_A-000637,OVEN-0013,849.5,OK,61.5,27.8,60.1,OVEN-0013
2023-10-26 19:08:30,P-Usine_A-000638,OVEN-0013,851.5,OK,62.9,29.0,58.1,OVEN-0013
2023-10-26 19:08:48,P-Usine_A-000639,OVEN-0013,849.6,OK,60.2,29.3,58.4,OVEN-0013
2023-10-26 19:10:46,P-Usine_A-000640,OVEN-0013,851.4,OK,58.5,29.8,60.5,OVEN-0013
2023-10-26 19:13:09,P-Usine_A-000641,OVEN-0013,852.2,OK,60.2,30.1,56.5,OVEN-0013
2023-10-26 19:10:06,P-Usine_A-000642,OVEN-0013,856.4,OK,60.8,30.5,59.0,OVEN-0013
2023-10-26 19:13:16,P-Usine_A-000643,OVEN-0013,851.8,OK,58.4,27.1,59.2,OVEN-0013
2023-10-26 19:12:35,P-Usine_A-000644,OVEN-0013,844.8,OK,60.2,33.0,58.6,OVEN-0013
2023-10-26 19:12:29,P-Usine_A-000645,OVEN-0013,845.8,OK,60.4,29.4,54.1,OVEN-0013
2023-10-26 19:18:07,P-Usine_A-000646,OVEN-0013,846.2,NOK,60.0,28.5,60.7,OVEN-0013
2023-10-26 19:18:13,P-Usine_A-000647,OVEN-0013,852.0,OK,62.1,30.2,56.4,OVEN-0013
2023-10-26 19:18:13,P-Usine_A-000647,OVEN-0013,852.0,OK,62.1,30.2,56.4,OVEN-0013
2023-10-26 19:16:22,P-Usine_A-000648,OVEN-0013,857.3,OK,59.8,29.5,60.0,OVEN-0013
2023-10-26 19:23:30,P-Usine_A-000649,OVEN-0013,846.9,OK,59.2,30.9,56.4,OVEN-0013
2023-10-26 19:16:31,P-Usine_A-000650,OVEN-0013,849.2,OK,59.1,29.2,59.6,OVEN-0013
2023-10-26 19:20:51,P-Usine_A-000651,OVEN-0014,854.5,OK,61.8,29.9,55.5,OVEN-0014
2023-10-26 19:20:51,P-Usine_A-000651,OVEN-0014,854.5,OK,61.8,29.9,55.5,OVEN-0014
2023-10-26 19:24:21,P-Usine_A-000652,OVEN-0014,859.7,OK,58.8,30.1,55.6,OVEN-0014
2023-10-26 19:20:54,P-Usine_A-000653,OVEN-0014,852.0,OK,61.7,30.7,56.4,OVEN-0014
2023-10-26 19:29:46,P-Usine_A-000654,OVEN-0014,839.4,OK,60.7,33.0,59.5,OVEN-0014
2023-10-26 19:23:11,P-Usine_A-000655,OVEN-0014,849.8,OK,62.4,29.8,54.3,OVEN-0014
2023-10-26 19:22:51,P-Usine_A-000656,OVEN-0014,859.8,OK,59.3,27.0,57.3,OVEN-0014
2023-10-26 19:30:28,P-Usine_A-000657,OVEN-0014,853.2,OK,59.1,29.7,55.3,OVEN-0014
2023-10-26 19:31:38,P-Usine_A-000658,OVEN-0014,848.1,OK,60.6,29.2,56.6,OVEN-0014
2023-10-26 19:34:44,P-Usine_A-000659,OVEN-0014,851.0,OK,61.1,27.0,59.5,OVEN-0014
2023-10-26 19:35:05,P-Usine_A-000660,OVEN-0014,850.2,OK,61.7,25.1,61.0,OVEN-0014
2023-10-26 19:32:30,P-Usine_A-000661,OVEN-0014,855.3,OK,60.5,28.8,59.3,OVEN-0014
2023-10-26 19:33:37,P-Usine_A-000662,OVEN-0014,857.9,OK,56.0,29.6,57.8,OVEN-0014
2023-10-26 19:31:48,P-Usine_A-000663,OVEN-0014,846.3,OK,62.4,33.5,53.7,OVEN-0014
2023-10-26 19:31:48,P-Usine_A-000663,OVEN-0014,846.3,OK,62.4,33.5,53.7,OVEN-0014
2023-10-26 19:37:11,P-Usine_A-000664,OVEN-0014,848.2,OK,58.8,29.2,56.7,OVEN-0014
2023-10-26 19:39:45,P-Usine_A-000665,OVEN-0014,852.7,OK,58.9,30.5,57.1,OVEN-0014
2023-10-26 19:39:45,P-Usine_A-000665,OVEN-0014,852.7,OK,58.9,30.5,57.1,OVEN-0014
2023-10-26 19:33:17,P-Usine_A-000666,OVEN-0014,850.7,OK,58.9,31.1,55.9,OVEN-0014
2023-10-26 19:40:07,P-Usine_A-000667,OVEN-0014,841.2,OK,60.9,34.8,57.5,OVEN-0014
2023-10-26 19:38:50,P-Usine_A-000668,OVEN-0014,852.4,OK,60.2,27.9,58.2,OVEN-0014
2023-10-26 19:42:56,P-Usine_A-000669,OVEN-0014,855.5,OK,56.6,28.1,58.8,OVEN-0014
2023-10-26 19:45:23,P-Usine_A-000670,OVEN-0014,855.7,OK,60.8,30.0,58.9,OVEN-0014
2023-10-26 19:41:18,P-Usine_A-000671,OVEN-0014,841.7,OK,60.9,27.9,59.3,OVEN-0014
2023-10-26 19:47:25,P-Usine_A-000672,OVEN-0014,847.1,OK,59.5,33.4,62.1,OVEN-0014
2023-10-26 19:46:44,P-Usine_A-000673,OVEN-0014,851.9,OK,61.2,31.3,60.2,OVEN-0014
2023-10-26 19:47:00,P-Usine_A-000674,OVEN-0014,852.6,OK,999.9,30.2,57.0,OVEN-0014
2023-10-26 19:45:59,P-Usine_A-000675,OVEN-0014,853.4,OK,58.5,31.0,60.6,OVEN-0014
2023-10-26 19:45:32,P-Usine_A-000676,OVEN-0014,852.0,OK,58.2,31.2,55.8,OVEN-0014
2023-10-26 19:50:50,P-Usine_A-000677,OVEN-0014,855.3,OK,58.7,33.2,58.4,OVEN-0014
2023-10-26 19:52:08,P-Usine_A-000678,OVEN-0014,853.5,OK,62.7,30.5,57.7,OVEN-0014
2023-10-26 19:54:27,P-Usine_A-000679,OVEN-0014,853.4,OK,60.7,32.4,60.0,OVEN-0014
2023-10-26 19:47:11,P-Usine_A-000680,OVEN-0014,847.2,OK,59.1,30.9,55.9,OVEN-0014
2023-10-26 19:54:11,P-Usine_A-000681,OVEN-0014,849.6,OK,59.6,34.0,60.0,OVEN-0014
2023-10-26 19:52:43,P-Usine_A-000682,OVEN-0014,848.6,OK,56.1,32.5,54.9,OVEN-0014
2023-10-26 19:59:06,P-Usine_A-000683,OVEN-0014,854.7,OK,61.1,27.9,60.6,OVEN-0014
2023-10-26 19:54:03,P-Usine_A-000684,OVEN-0014,854.1,OK,61.8,31.8,56.7,OVEN-0014
2023-10-26 19:57:15,P-Usine_A-000685,OVEN-0014,855.3,OK,58.2,31.8,56.0,OVEN-0014
2023-10-26 19:58:51,P-Usine_A-000686,OVEN-0014,854.9,OK,57.4,30.9,60.1,OVEN-0014
2023-10-26 20:01:44,P-Usine_A-000687,OVEN-0014,851.1,OK,60.6,33.0,60.5,OVEN-0014
2023-10-26 19:56:26,P-Usine_A-000688,OVEN-0014,848.2,OK,63.5,29.9,58.7,OVEN-0014
2023-10-26 19:55:55,P-Usine_A-000689,OVEN-0014,850.0,OK,62.7,29.8,59.0,OVEN-0014
2023-10-26 20:02:12,P-Usine_A-000690,OVEN-0014,845.4,OK,60.4,35.2,60.3,OVEN-0014
2023-10-26 19:59:53,P-Usine_A-000691,OVEN-0014,844.1,OK,62.6,28.5,60.1,OVEN-0014
2023-10-26 20:01:08,P-Usine_A-000692,OVEN-0014,837.7,OK,57.1,28.7,59.0,OVEN-0014
2023-10-26 20:03:39,P-Usine_A-000693,OVEN-0014,852.6,OK,59.6,31.0,58.3,OVEN-0014
2023-10-26 20:02:22,P-Usine_A-000694,OVEN-0014,844.9,OK,57.3,31.0,59.8,OVEN-0014
2023-10-26 20:06:37,P-Usine_A-000695,OVEN-0014,848.3,OK,57.0,30.7,55.5,OVEN-0014
2023-10-26 20:08:57,P-Usine_A-000696,OVEN-0014,838.9,OK,62.4,32.0,57.7,OVEN-0014
2023-10-26 20:12:24,P-Usine_A-000697,OVEN-0014,839.5,OK,56.1,29.7,60.4,OVEN-0014
2023-10-26 20:13:17,P-Usine_A-000698,OVEN-0014,857.4,OK,62.8,27.9,57.4,OVEN-0014
2023-10-26 20:11:25,P-Usine_A-000699,OVEN-0014,855.9,OK,59.2,30.0,53.8,OVEN-0014
2023-10-26 20:11:25,P-Usine_A-000699,OVEN-0014,855.9,OK,59.2,30.0,53.8,OVEN-0014
2023-10-26 20:07:34,P-Usine_A-000700,OVEN-0014,855.9,OK,58.5,30.3,56.1,OVEN-0014
2023-10-26 20:11:19,P-Usine_A-000701,OVEN-0015,850.2,,60.5,31.9,59.8,OVEN-0015
2023-10-26 20:15:55,P-Usine_A-000702,OVEN-0015,844.5,OK,61.8,31.5,56.5,OVEN-0015
2023-10-26 20:16:51,P-Usine_A-000703,OVEN-0015,845.8,OK,57.6,30.0,54.9,OVEN-0015
2023-10-26 20:10:33,P-Usine_A-000704,OVEN-0015,846.1,OK,59.2,26.9,57.5,OVEN-0015
2023-10-26 20:12:23,P-Usine_A-000705,OVEN-0015,851.7,OK,58.1,30.9,57.7,OVEN-0015
2023-10-26 20:16:42,P-Usine_A-000706,OVEN-0015,840.9,OK,61.9,34.3,57.1,OVEN-0015
2023-10-26 20:13:37,P-Usine_A-000707,OVEN-0015,848.8,OK,62.3,30.1,58.5,OVEN-0015
2023-10-26 20:15:34,P-Usine_A-000708,OVEN-0015,853.9,OK,60.6,31.7,58.4,OVEN-0015
2023-10-26 20:19:07,P-Usine_A-000709,OVEN-0015,853.6,OK,59.8,31.5,56.1,OVEN-0015
2023-10-26 20:21:55,P-Usine_A-000710,OVEN-0015,842.1,OK,56.8,31.0,59.2,OVEN-0015
2023-10-26 20:26:23,P-Usine_A-000711,OVEN-0015,851.8,OK,62.3,30.2,59.7,OVEN-0015
2023-10-26 20:20:59,P-Usine_A-000712,OVEN-0015,856.0,OK,58.0,32.2,58.6,OVEN-0015
2023-10-26 20:26:14,P-Usine_A-000713,OVEN-0015,847.6,OK,57.0,32.1,60.7,OVEN-0015
2023-10-26 20:27:24,P-Usine_A-000714,OVEN-0015,853.3,OK,61.8,31.1,58.0,OVEN-0015
2023-10-26 20:23:57,P-Usine_A-000715,OVEN-0015,844.9,OK,57.4,33.4,55.7,OVEN-0015
2023-10-26 20:30:57,P-Usine_A-000716,OVEN-0015,849.7,OK,57.6,30.3,61.0,OVEN-0015
2023-10-26 20:27:47,P-Usine_A-000717,OVEN-0015,854.2,OK,59.3,30.7,58.5,OVEN-0015
2023-10-26 20:27:47,P-Usine_A-000717,OVEN-0015,854.2,OK,59.3,30.7,58.5,OVEN-0015
2023-10-26 20:30:34,P-Usine_A-000718,OVEN-0015,842.5,OK,61.9,34.0,58.9,OVEN-0015
2023-10-26 20:25:05,P-Usine_A-000719,OVEN-0015,849.0,OK,60.5,30.7,58.9,OVEN-0015
2023-10-26 20:34:59,P-Usine_A-000720,OVEN-0015,850.7,OK,63.1,29.6,57.7,OVEN-0015
2023-10-26 20:27:59,P-Usine_A-000721,OVEN-0015,849.3,OK,65.4,30.7,56.1,OVEN-0015
2023-10-26 20:28:38,P-Usine_A-000722,OVEN-0015,847.7,OK,57.8,30.0,55.8,OVEN-0015
2023-10-26 20:32:43,P-Usine_A-000723,OVEN-0015,849.2,OK,61.1,27.1,56.1,OVEN-0015
2023-10-26 20:36:49,P-Usine_A-000724,OVEN-0015,857.3,OK,58.6,30.6,58.5,OVEN-0015
2023-10-26 20:33:24,P-Usine_A-000725,OVEN-0015,844.0,OK,62.2,29.9,56.4,OVEN-0015
2023-10-26 20:37:25,P-Usine_A-000726,OVEN-0015,848.9,OK,59.6,27.3,58.4,OVEN-0015
2023-10-26 20:36:09,P-Usine_A-000727,OVEN-0015,853.7,OK,59.2,32.7,57.5,OVEN-0015
2023-10-26 20:34:39,P-Usine_A-000728,OVEN-0015,853.3,OK,60.2,28.8,56.1,OVEN-0015
2023-10-26 20:43:14,P-Usine_A-000729,OVEN-0015,859.9,OK,62.8,27.3,58.0,OVEN-0015
2023-10-26 20:39:43,P-Usine_A-000730,OVEN-0015,846.2,OK,60.2,28.6,54.3,OVEN-0015
2023-10-26 20:38:36,P-Usine_A-000731,OVEN-0015,854.9,OK,58.7,29.0,55.3,OVEN-0015
2023-10-26 20:45:37,,OVEN-0015,837.7,OK,64.2,27.6,57.8,OVEN-0015
2023-10-26 20:45:35,P-Usine_A-000733,OVEN-0015,845.7,OK,59.7,27.6,53.8,OVEN-0015
2023-10-26 20:44:40,P-Usine_A-000734,OVEN-0015,848.6,OK,58.7,30.8,57.9,OVEN-0015
2023-10-26 20:49:32,P-Usine_A-000735,OVEN-0015,845.3,OK,60.8,31.1,53.7,OVEN-0015
2023-10-26 20:45:46,P-Usine_A-000736,OVEN-0015,845.0,OK,55.9,31.7,60.3,OVEN-0015
2023-10-26 20:49:46,P-Usine_A-000737,OVEN-0015,853.3,OK,60.7,29.8,56.9,OVEN-0015
2023-10-26 20:46:26,P-Usine_A-000738,OVEN-0015,854.8,OK,58.6,27.0,58.1,OVEN-0015
2023-10-26 20:48:57,P-Usine_A-000739,OVEN-0015,840.4,OK,60.0,25.7,56.2,OVEN-0015
2023-10-26 20:55:58,P-Usine_A-000740,OVEN-0015,848.8,OK,61.0,27.9,57.0,OVEN-0015
2023-10-26 20:47:55,P-Usine_A-000741,OVEN-0015,839.8,OK,58.4,29.8,57.8,OVEN-0015
2023-10-26 20:52:05,P-Usine_A-000742,OVEN-0015,853.1,OK,59.2,29.1,58.6,OVEN-0015
2023-10-26 20:55:12,P-Usine_A-000743,OVEN-0015,858.1,OK,63.4,30.3,59.4,OVEN-0015
2023-10-26 20:52:19,P-Usine_A-000744,OVEN-0015,849.8,OK,58.4,28.7,57.7,OVEN-0015
2023-10-26 20:57:35,P-Usine_A-000745,OVEN-0015,854.2,OK,58.7,28.1,58.1,OVEN-0015
2023-10-26 21:02:33,P-Usine_A-000746,OVEN-0015,852.5,OK,64.5,30.1,58.4,OVEN-0015
2023-10-26 20:58:24,P-Usine_A-000747,OVEN-0015,848.5,OK,61.2,31.5,58.3,OVEN-0015
2023-10-26 21:00:20,P-Usine_A-000748,OVEN-0015,842.9,OK,61.1,33.6,57.6,OVEN-0015
2023-10-26 20:57:50,P-Usine_A-000749,OVEN-0015,849.4,OK,61.8,31.3,56.3,OVEN-0015
2023-10-26 21:03:53,P-Usine_A-000750,OVEN-0015,851.7,OK,61.5,31.0,60.1,OVEN-0015
2023-10-26 21:05:45,P-Usine_A-000751,OVEN-0016,847.9,OK,58.6,30.5,57.9,OVEN-0016
2023-10-26 21:08:05,P-Usine_A-000752,OVEN-0016,843.7,OK,66.3,32.0,59.2,OVEN-0016
2023-10-26 21:07:46,P-Usine_A-000753,OVEN-0016,851.3,OK,59.6,30.2,57.9,OVEN-0016
2023-10-26 21:01:06,P-Usine_A-000754,OVEN-0016,839.5,OK,59.8,29.2,57.9,OVEN-0016
2023-10-26 21:09:49,P-Usine_A-000755,OVEN-0016,853.1,OK,60.6,28.1,57.6,OVEN-0016
2023-10-26 21:11:29,P-Usine_A-000756,OVEN-0016,858.5,OK,58.1,27.5,57.4,OVEN-0016
2023-10-26 21:07:30,P-Usine_A-000757,OVEN-0016,852.0,OK,61.1,31.9,56.5,OVEN-0016
2023-10-26 21:06:59,P-Usine_A-000758,OVEN-0016,848.7,OK,58.2,32.5,59.9,OVEN-0016
2023-10-26 21:05:33,P-Usine_A-000759,OVEN-0016,850.1,OK,58.7,26.8,56.1,OVEN-0016
2023-10-26 21:11:15,P-Usine_A-000760,OVEN-0016,858.0,OK,61.1,32.3,55.3,OVEN-0016
2023-10-26 21:16:15,P-Usine_A-000761,OVEN-0016,844.3,OK,61.7,28.0,57.5,OVEN-0016
2023-10-26 21:09:28,P-Usine_A-000762,OVEN-0016,854.8,OK,58.0,26.6,61.2,OVEN-0016
2023-10-26 21:08:59,P-Usine_A-000763,OVEN-0016,847.9,OK,60.0,29.4,58.4,OVEN-0016
2023-10-26 21:10:36,P-Usine_A-000764,OVEN-0016,853.3,OK,62.4,27.6,60.5,OVEN-0016
2023-10-26 21:18:45,P-Usine_A-000765,OVEN-0016,848.6,OK,59.9,31.3,60.4,OVEN-0016
2023-10-26 21:13:17,P-Usine_A-000766,OVEN-0016,851.1,OK,58.4,30.8,57.1,OVEN-0016
2023-10-26 21:13:36,P-Usine_A-000767,OVEN-0016,846.9,OK,60.9,29.7,59.8,OVEN-0016
2023-10-26 21:19:53,P-Usine_A-000768,OVEN-0016,847.2,OK,63.5,28.0,60.3,OVEN-0016
2023-10-26 21:15:25,P-Usine_A-000769,OVEN-0016,851.8,OK,62.0,31.9,59.5,OVEN-0016
2023-10-26 21:19:23,P-Usine_A-000770,OVEN-0016,849.3,OK,57.5,30.0,56.7,
2023-10-26 21:17:39,P-Usine_A-000771,OVEN-0016,847.8,OK,58.5,30.3,999.9,OVEN-0016
2023-10-26 21:27:31,P-Usine_A-000772,OVEN-0016,852.2,OK,60.3,34.2,59.5,OVEN-0016
2023-10-26 21:27:07,P-Usine_A-000773,OVEN-0016,853.0,OK,57.3,32.8,57.8,OVEN-0016
2023-10-26 21:22:22,P-Usine_A-000774,OVEN-0016,851.9,OK,57.4,28.0,53.6,OVEN-0016
2023-10-26 21:29:19,P-Usine_A-000775,OVEN-0016,855.4,OK,59.7,29.8,55.7,OVEN-0016
2023-10-26 21:23:40,P-Usine_A-000776,OVEN-0016,856.2,OK,58.1,27.8,59.6,OVEN-0016
2023-10-26 21:28:47,P-Usine_A-000777,OVEN-0016,841.9,OK,61.3,27.2,56.7,OVEN-0016
2023-10-26 21:33:22,P-Usine_A-000778,OVEN-0016,851.0,OK,61.0,26.4,58.7,OVEN-0016
2023-10-26 21:24:57,P-Usine_A-000779,OVEN-0016,845.5,OK,60.8,27.0,57.2,OVEN-0016
2023-10-26 21:28:55,P-Usine_A-000780,OVEN-0016,851.0,OK,60.6,27.1,57.6,OVEN-0016
2023-10-26 21:30:54,P-Usine_A-000781,OVEN-0016,846.8,OK,60.4,31.1,53.9,OVEN-0016
2023-10-26 21:37:26,P-Usine_A-000782,OVEN-0016,847.9,OK,62.8,30.8,60.1,OVEN-0016
2023-10-26 21:38:36,P-Usine_A-000783,OVEN-0016,848.6,OK,60.3,31.7,55.9,OVEN-0016
2023-10-26 21:35:32,P-Usine_A-000784,OVEN-0016,855.2,OK,61.6,31.1,61.2,OVEN-0016
2023-10-26 21:36:47,P-Usine_A-000785,OVEN-0016,859.0,OK,56.2,33.7,55.4,OVEN-0016
2023-10-26 21:36:50,P-Usine_A-000786,OVEN-0016,844.1,OK,59.7,26.4,58.2,OVEN-0016
2023-10-26 21:38:05,P-Usine_A-000787,OVEN-0016,,OK,60.3,29.4,59.5,OVEN-0016
2023-10-26 21:37:48,P-Usine_A-000788,OVEN-0016,845.9,OK,63.9,28.0,58.1,OVEN-0016
2023-10-26 21:36:08,P-Usine_A-000789,OVEN-0016,850.6,OK,58.5,31.3,58.6,OVEN-0016
2023-10-26 21:40:57,P-Usine_A-000790,OVEN-0016,850.1,OK,64.2,31.2,56.5,OVEN-0016
2023-10-26 21:38:58,P-Usine_A-000791,OVEN-0016,848.9,OK,60.9,29.9,60.2,OVEN-0016
2023-10-26 21:40:49,P-Usine_A-000792,OVEN-0016,,OK,58.9,31.8,58.8,OVEN-0016
2023-10-26 21:48:21,P-Usine_A-000793,OVEN-0016,853.3,OK,58.6,33.0,59.0,OVEN-0016
2023-10-26 21:44:10,P-Usine_A-000794,OVEN-0016,851.7,OK,62.4,28.2,58.3,OVEN-0016
2023-10-26 21:44:50,P-Usine_A-000795,OVEN-0016,841.4,OK,,31.1,57.1,OVEN-0016
2023-10-26 21:48:05,P-Usine_A-000796,OVEN-0016,848.2,OK,54.9,27.1,56.6,OVEN-0016
2023-10-26 21:52:37,P-Usine_A-000797,OVEN-0016,851.2,OK,62.1,34.4,58.2,OVEN-0016
2023-10-26 21:45:28,P-Usine_A-000798,,847.9,OK,58.8,31.1,57.4,OVEN-0016
2023-10-26 21:52:07,P-Usine_A-000799,OVEN-0016,851.3,OK,59.3,29.7,57.4,OVEN-0016
2023-10-26 21:47:31,P-Usine_A-000800,OVEN-0016,849.2,OK,58.0,26.1,59.6,OVEN-0016
2023-10-26 21:48:59,P-Usine_A-000801,OVEN-0017,859.4,OK,59.7,28.9,57.2,OVEN-0017
2023-10-26 21:52:55,P-Usine_A-000802,OVEN-0017,849.2,OK,57.4,31.0,59.3,OVEN-0017
2023-10-26 21:53:16,P-Usine_A-000803,OVEN-0017,852.7,OK,58.5,29.8,57.7,OVEN-0017
2023-10-26 21:54:37,P-Usine_A-000804,OVEN-0017,999.9,OK,59.5,31.4,59.7,OVEN-0017
2023-10-26 21:52:55,P-Usine_A-000805,OVEN-0017,851.3,OK,59.4,31.4,59.5,OVEN-0017
2023-10-26 21:54:36,P-Usine_A-000806,OVEN-0017,848.3,OK,61.3,33.3,59.0,OVEN-0017
2023-10-26 22:01:03,P-Usine_A-000807,OVEN-0017,860.6,OK,57.1,28.8,56.9,OVEN-0017
2023-10-26 21:56:07,P-Usine_A-000808,OVEN-0017,851.2,OK,57.0,31.6,57.5,OVEN-0017
2023-10-26 21:55:22,P-Usine_A-000809,OVEN-0017,845.1,OK,61.6,27.8,52.7,OVEN-0017
2023-10-26 22:04:30,P-Usine_A-000810,OVEN-0017,844.1,OK,60.3,31.0,57.3,OVEN-0017
2023-10-26 21:58:10,P-Usine_A-000811,OVEN-0017,853.6,OK,59.4,35.3,55.7,OVEN-0017
2023-10-26 22:03:04,P-Usine_A-000812,OVEN-0017,838.7,OK,60.3,29.0,57.4,OVEN-0017
2023-10-26 22:03:04,P-Usine_A-000812,OVEN-0017,838.7,OK,60.3,29.0,57.4,OVEN-0017
2023-10-26 22:03:03,P-Usine_A-000813,OVEN-0017,845.2,OK,59.4,32.5,59.6,OVEN-0017
2023-10-26 22:06:13,P-Usine_A-000814,OVEN-0017,850.3,OK,59.7,28.3,60.1,OVEN-0017
2023-10-26 22:07:46,P-Usine_A-000815,OVEN-0017,854.6,OK,60.5,30.9,58.2,OVEN-0017
2023-10-26 22:07:27,P-Usine_A-000816,OVEN-0017,845.7,OK,60.5,29.9,,OVEN-0017
2023-10-26 22:10:35,P-Usine_A-000817,OVEN-0017,840.1,OK,59.5,32.9,58.6,OVEN-0017
2023-10-26 22:10:35,P-Usine_A-000817,OVEN-0017,840.1,OK,59.5,32.9,58.6,OVEN-0017
2023-10-26 22:13:33,P-Usine_A-000818,OVEN-0017,849.7,OK,59.0,26.7,61.0,OVEN-0017
2023-10-26 22:12:14,P-Usine_A-000819,OVEN-0017,853.2,OK,61.8,32.2,60.2,OVEN-0017
2023-10-26 22:10:26,P-Usine_A-000820,OVEN-0017,852.5,OK,62.0,28.4,59.2,OVEN-0017
2023-10-26 22:08:13,P-Usine_A-000821,OVEN-0017,846.6,OK,59.6,28.0,58.8,OVEN-0017
2023-10-26 22:11:13,P-Usine_A-000822,OVEN-0017,849.7,OK,60.7,31.0,53.7,OVEN-0017
2023-10-26 22:10:34,P-Usine_A-000823,OVEN-0017,851.7,OK,59.9,27.8,59.5,OVEN-0017
2023-10-26 22:17:57,P-Usine_A-000824,OVEN-0017,851.3,OK,59.9,29.4,58.1,OVEN-0017
2023-10-26 22:17:02,P-Usine_A-000825,OVEN-0017,863.6,OK,59.4,27.9,56.6,OVEN-0017
2023-10-26 22:19:59,P-Usine_A-000826,OVEN-0017,860.8,OK,58.0,33.4,57.8,OVEN-0017
2023-10-26 22:19:57,P-Usine_A-000827,OVEN-0017,845.5,OK,60.2,28.5,60.5,OVEN-0017
2023-10-26 22:14:10,P-Usine_A-000828,OVEN-0017,849.8,OK,63.8,24.9,56.3,OVEN-0017
2023-10-26 22:18:50,P-Usine_A-000829,OVEN-0017,853.5,OK,57.8,29.0,61.0,OVEN-0017
2023-10-26 22:18:50,P-Usine_A-000829,OVEN-0017,853.5,OK,57.8,29.0,61.0,OVEN-0017
2023-10-26 22:20:42,P-Usine_A-000830,OVEN-0017,841.3,OK,61.4,29.7,61.4,OVEN-0017
2023-10-26 22:22:16,P-Usine_A-000831,OVEN-0017,852.8,OK,56.7,29.6,55.6,OVEN-0017
2023-10-26 22:18:37,P-Usine_A-000832,OVEN-0017,859.6,OK,58.1,31.8,58.1,OVEN-0017
2023-10-26 22:18:37,P-Usine_A-000832,OVEN-0017,859.6,OK,58.1,31.8,58.1,OVEN-0017
2023-10-26 22:26:54,P-Usine_A-000833,OVEN-0017,847.4,999.9,59.0,29.4,56.1,OVEN-0017
2023-10-26 22:22:02,P-Usine_A-000834,OVEN-0017,854.4,OK,59.6,28.0,55.6,OVEN-0017
2023-10-26 22:25:54,P-Usine_A-000835,OVEN-0017,847.1,OK,57.7,30.7,56.7,OVEN-0017
2023-10-26 22:20:58,P-Usine_A-000836,OVEN-0017,843.6,OK,63.1,31.9,57.8,OVEN-0017
2023-10-26 22:22:28,P-Usine_A-000837,OVEN-0017,858.3,OK,60.5,27.1,57.8,OVEN-0017
2023-10-26 22:26:16,P-Usine_A-000838,OVEN-0017,849.3,OK,58.8,30.4,56.9,OVEN-0017
2023-10-26 22:26:36,P-Usine_A-000839,OVEN-0017,843.1,OK,59.2,32.1,57.2,OVEN-0017
2023-10-26 22:24:49,P-Usine_A-000840,OVEN-0017,854.0,OK,60.1,30.1,56.3,OVEN-0017
2023-10-26 22:31:33,P-Usine_A-000841,OVEN-0017,851.9,OK,55.2,34.8,59.2,OVEN-0017
2023-10-26 22:32:50,P-Usine_A-000842,OVEN-0017,848.5,OK,60.6,29.2,59.1,OVEN-0017
2023-10-26 22:29:01,P-Usine_A-000843,OVEN-0017,843.0,OK,59.5,30.5,58.3,OVEN-0017
2023-10-26 22:29:01,P-Usine_A-000843,OVEN-0017,843.0,OK,59.5,30.5,58.3,OVEN-0017
2023-10-26 22:30:13,P-Usine_A-000844,OVEN-0017,856.1,OK,58.2,27.9,55.6,OVEN-0017
2023-10-26 22:32:01,P-Usine_A-000845,OVEN-0017,847.4,OK,62.2,29.5,59.9,OVEN-0017
2023-10-26 22:36:21,P-Usine_A-000846,OVEN-0017,834.8,OK,61.8,29.1,53.0,OVEN-0017
2023-10-26 22:37:33,P-Usine_A-000847,OVEN-0017,856.4,OK,62.1,27.4,59.6,OVEN-0017
2023-10-26 22:37:51,P-Usine_A-000848,OVEN-0017,847.7,OK,61.8,30.7,57.8,OVEN-0017
2023-10-26 22:39:46,P-Usine_A-000849,OVEN-0017,856.7,OK,59.9,25.8,57.2,OVEN-0017
2023-10-26 22:44:47,P-Usine_A-000850,OVEN-0017,848.4,OK,60.2,30.8,57.0,OVEN-0017
2023-10-26 22:44:47,P-Usine_A-000850,OVEN-0017,848.4,OK,60.2,30.8,57.0,OVEN-0017
2023-10-26 22:44:59,P-Usine_A-000851,OVEN-0018,852.3,OK,61.0,32.0,58.8,OVEN-0018
2023-10-26 22:38:43,P-Usine_A-000852,OVEN-0018,849.0,OK,57.8,30.5,59.3,OVEN-0018
2023-10-26 22:41:15,P-Usine_A-000853,OVEN-0018,861.2,OK,59.8,29.3,57.1,OVEN-0018
2023-10-26 22:41:15,P-Usine_A-000853,OVEN-0018,861.2,OK,59.8,29.3,57.1,OVEN-0018
2023-10-26 22:42:27,P-Usine_A-000854,OVEN-0018,855.6,OK,62.2,33.7,54.9,OVEN-0018
2023-10-26 22:41:51,P-Usine_A-000855,OVEN-0018,,OK,60.4,30.3,57.5,OVEN-0018
2023-10-26 22:50:51,P-Usine_A-000856,OVEN-0018,842.1,OK,63.8,29.6,57.7,OVEN-0018
2023-10-26 22:47:11,P-Usine_A-000857,OVEN-0018,854.7,OK,60.3,30.5,59.0,OVEN-0018
2023-10-26 22:52:13,P-Usine_A-000858,OVEN-0018,850.0,OK,62.2,32.5,58.6,OVEN-0018
2023-10-26 22:48:20,P-Usine_A-000859,OVEN-0018,851.0,OK,60.3,27.9,60.3,OVEN-0018
2023-10-26 22:54:19,P-Usine_A-000860,OVEN-0018,848.4,OK,58.9,28.1,57.7,OVEN-0018
2023-10-26 22:53:46,P-Usine_A-000861,OVEN-0018,851.1,OK,59.5,29.9,59.3,OVEN-0018
2023-10-26 22:47:21,P-Usine_A-000862,OVEN-0018,842.0,OK,56.9,28.4,59.3,OVEN-0018
2023-10-26 22:55:07,P-Usine_A-000863,OVEN-0018,854.4,OK,61.6,34.1,55.8,OVEN-0018
2023-10-26 22:58:34,P-Usine_A-000864,OVEN-0018,847.4,OK,60.9,30.6,57.6,OVEN-0018
2023-10-26 22:56:43,P-Usine_A-000865,OVEN-0018,861.7,OK,60.2,31.2,54.6,OVEN-0018
2023-10-26 22:54:35,P-Usine_A-000866,OVEN-0018,841.3,OK,62.7,30.4,59.1,OVEN-0018
2023-10-26 22:59:22,P-Usine_A-000867,OVEN-0018,849.8,OK,63.1,30.6,56.5,OVEN-0018
2023-10-26 22:59:28,P-Usine_A-000868,OVEN-0018,845.7,OK,59.4,33.2,53.7,OVEN-0018
2023-10-26 23:03:53,P-Usine_A-000869,OVEN-0018,843.0,OK,60.9,31.2,54.9,OVEN-0018
2023-10-26 22:59:06,P-Usine_A-000870,OVEN-0018,847.7,OK,58.1,33.5,55.1,OVEN-0018
2023-10-26 23:05:05,P-Usine_A-000871,OVEN-0018,854.8,OK,60.9,28.2,59.5,OVEN-0018
2023-10-26 23:03:25,P-Usine_A-000872,OVEN-0018,849.0,OK,58.0,29.1,61.2,OVEN-0018
2023-10-26 23:03:31,P-Usine_A-000873,OVEN-0018,849.2,OK,58.3,31.7,58.8,OVEN-0018
2023-10-26 23:09:03,P-Usine_A-000874,OVEN-0018,852.7,OK,60.0,29.2,55.9,OVEN-0018
2023-10-26 23:06:33,P-Usine_A-000875,OVEN-0018,852.8,OK,61.9,27.6,57.7,OVEN-0018
2023-10-26 23:09:40,P-Usine_A-000876,OVEN-0018,851.3,OK,57.1,30.2,60.3,OVEN-0018
2023-10-26 23:10:49,P-Usine_A-000877,OVEN-0018,848.8,OK,59.4,30.3,59.4,OVEN-0018
2023-10-26 23:11:03,P-Usine_A-000878,OVEN-0018,842.1,OK,61.4,27.5,57.1,OVEN-0018
2023-10-26 23:08:12,P-Usine_A-000879,OVEN-0018,855.6,OK,61.1,29.8,58.9,OVEN-0018
2023-10-26 23:13:27,P-Usine_A-000880,OVEN-0018,853.4,OK,64.3,28.6,54.6,OVEN-0018
2023-10-26 23:06:50,P-Usine_A-000881,OVEN-0018,848.3,OK,60.6,28.2,54.2,OVEN-0018
2023-10-26 23:11:25,P-Usine_A-000882,OVEN-0018,851.7,OK,58.2,34.9,56.1,OVEN-0018
2023-10-26 23:13:48,P-Usine_A-000883,OVEN-0018,856.1,OK,56.8,24.5,59.4,OVEN-0018
2023-10-26 23:11:15,P-Usine_A-000884,OVEN-0018,842.5,OK,58.8,26.3,55.9,OVEN-0018
2023-10-26 23:17:04,P-Usine_A-000885,OVEN-0018,859.2,OK,999.9,29.7,58.3,OVEN-0018
2023-10-26 23:16:05,P-Usine_A-000886,OVEN-0018,849.5,OK,59.7,30.3,58.6,OVEN-0018
2023-10-26 23:15:09,P-Usine_A-000887,OVEN-0018,847.5,OK,58.1,32.9,55.8,OVEN-0018
2023-10-26 23:13:28,P-Usine_A-000888,OVEN-0018,854.6,OK,59.8,29.9,60.7,OVEN-0018
2023-10-26 23:21:26,P-Usine_A-000889,OVEN-0018,855.7,OK,59.3,28.1,57.2,OVEN-0018
2023-10-26 23:17:52,P-Usine_A-000890,OVEN-0018,859.8,OK,60.4,30.0,59.4,OVEN-0018
2023-10-26 23:18:45,P-Usine_A-000891,OVEN-0018,845.1,OK,59.0,29.3,59.8,OVEN-0018
2023-10-26 23:25:37,P-Usine_A-000892,OVEN-0018,860.2,OK,60.7,31.8,56.4,OVEN-0018
2023-10-26 23:22:24,P-Usine_A-000893,OVEN-0018,857.4,OK,60.5,29.2,55.5,OVEN-0018
2023-10-26 23:25:58,P-Usine_A-000894,OVEN-0018,851.6,OK,60.6,31.2,54.4,OVEN-0018
2023-10-26 23:22:12,P-Usine_A-000895,OVEN-0018,849.9,OK,57.3,28.1,57.9,OVEN-0018
2023-10-26 23:26:05,P-Usine_A-000896,OVEN-0018,856.6,OK,57.3,30.8,56.2,OVEN-0018
2023-10-26 23:25:36,P-Usine_A-000897,OVEN-0018,851.3,NOK,57.1,26.3,57.0,OVEN-0018
2023-10-26 23:26:29,P-Usine_A-000898,OVEN-0018,843.2,OK,60.9,31.3,53.5,OVEN-0018
2023-10-26 23:29:01,P-Usine_A-000899,OVEN-0018,844.5,OK,60.0,27.3,57.0,OVEN-0018
2023-10-26 23:31:00,P-Usine_A-000900,OVEN-0018,846.7,OK,60.6,27.3,59.5,OVEN-0018
2023-10-26 23:29:44,P-Usine_A-000901,OVEN-0019,848.8,OK,57.8,26.2,60.5,OVEN-0019
2023-10-26 23:35:22,P-Usine_A-000902,OVEN-0019,844.6,OK,58.9,30.8,61.1,OVEN-0019
2023-10-26 23:29:37,P-Usine_A-000903,OVEN-0019,845.4,OK,61.6,29.8,54.1,OVEN-0019
2023-10-26 23:37:37,P-Usine_A-000904,OVEN-0019,845.7,999.9,63.9,30.3,59.4,OVEN-0019
2023-10-26 23:37:32,P-Usine_A-000905,OVEN-0019,845.0,OK,63.3,32.1,58.9,OVEN-0019
2023-10-26 23:40:24,P-Usine_A-000906,OVEN-0019,844.2,OK,54.3,30.8,60.6,OVEN-0019
2023-10-26 23:41:53,P-Usine_A-000907,OVEN-0019,841.9,OK,63.0,25.6,60.1,OVEN-0019
2023-10-26 23:34:32,P-Usine_A-000908,OVEN-0019,999.9,OK,56.4,31.1,56.8,OVEN-0019
2023-10-26 23:35:05,P-Usine_A-000909,OVEN-0019,847.3,OK,59.0,28.0,56.5,OVEN-0019
2023-10-26 23:36:42,P-Usine_A-000910,OVEN-0019,843.6,OK,62.4,32.2,59.5,OVEN-0019
2023-10-26 23:45:14,P-Usine_A-000911,OVEN-0019,850.4,OK,60.3,31.1,59.2,OVEN-0019
2023-10-26 23:39:15,P-Usine_A-000912,OVEN-0019,858.4,OK,61.3,28.7,55.9,OVEN-0019
2023-10-26 23:38:27,P-Usine_A-000913,OVEN-0019,846.9,OK,58.7,30.2,58.6,OVEN-0019
2023-10-26 23:41:15,P-Usine_A-000914,OVEN-0019,846.4,OK,58.7,33.1,55.5,OVEN-0019
2023-10-26 23:47:40,P-Usine_A-000915,OVEN-0019,853.0,OK,61.0,30.0,58.5,OVEN-0019
2023-10-26 23:49:21,P-Usine_A-000916,OVEN-0019,849.1,OK,59.2,32.8,60.3,OVEN-0019
2023-10-26 23:46:31,P-Usine_A-000917,OVEN-0019,856.0,OK,60.5,28.5,55.3,OVEN-0019
2023-10-26 23:45:56,P-Usine_A-000918,OVEN-0019,848.7,OK,60.1,27.7,56.6,OVEN-0019
2023-10-26 23:46:31,P-Usine_A-000919,OVEN-0019,848.4,OK,60.0,29.9,56.6,OVEN-0019
2023-10-26 23:45:38,P-Usine_A-000920,OVEN-0019,851.4,OK,60.3,33.6,59.9,OVEN-0019
2023-10-26 23:52:08,P-Usine_A-000921,OVEN-0019,844.8,OK,59.6,29.7,57.6,OVEN-0019
2023-10-26 23:49:38,P-Usine_A-000922,OVEN-0019,853.7,OK,60.3,31.2,62.8,OVEN-0019
2023-10-26 23:56:57,P-Usine_A-000923,OVEN-0019,849.0,OK,61.5,31.0,58.5,OVEN-0019
2023-10-26 23:50:21,P-Usine_A-000924,OVEN-0019,849.4,OK,58.7,27.1,59.1,OVEN-0019
2023-10-26 23:54:28,P-Usine_A-000925,OVEN-0019,842.9,OK,60.3,28.4,59.3,OVEN-0019
2023-10-26 23:52:57,P-Usine_A-000926,OVEN-0019,859.1,OK,62.0,29.7,56.1,OVEN-0019
2023-10-26 23:56:34,P-Usine_A-000927,OVEN-0019,844.2,OK,57.6,27.0,59.7,OVEN-0019
2023-10-27 00:01:30,P-Usine_A-000928,OVEN-0019,843.1,OK,61.2,31.2,57.7,999.9
2023-10-26 23:58:30,P-Usine_A-000929,OVEN-0019,848.1,OK,61.1,26.6,56.9,OVEN-0019
2023-10-26 23:59:41,P-Usine_A-000930,OVEN-0019,845.6,OK,59.8,35.1,56.9,OVEN-0019
2023-10-26 23:57:03,P-Usine_A-000931,OVEN-0019,852.6,OK,60.3,32.5,57.4,OVEN-0019
2023-10-26 23:57:03,P-Usine_A-000931,OVEN-0019,852.6,OK,60.3,32.5,57.4,OVEN-0019
2023-10-26 23:59:49,P-Usine_A-000932,OVEN-0019,855.2,OK,61.2,28.1,57.7,OVEN-0019
2023-10-27 00:07:33,P-Usine_A-000933,OVEN-0019,853.8,NOK,62.0,30.5,61.5,OVEN-0019
2023-10-26 23:59:30,P-Usine_A-000934,OVEN-0019,855.4,OK,59.0,32.8,60.8,OVEN-0019
2023-10-27 00:01:29,P-Usine_A-000935,OVEN-0019,851.0,OK,60.4,28.0,59.3,OVEN-0019
2023-10-27 00:02:34,P-Usine_A-000936,OVEN-0019,845.3,OK,59.4,31.0,57.7,OVEN-0019
2023-10-27 00:11:09,P-Usine_A-000937,OVEN-0019,846.5,OK,62.3,31.1,60.8,OVEN-0019
2023-10-27 00:03:16,P-Usine_A-000938,OVEN-0019,854.8,OK,61.8,32.2,59.2,OVEN-0019
2023-10-27 00:03:16,P-Usine_A-000938,OVEN-0019,854.8,OK,61.8,32.2,59.2,OVEN-0019
2023-10-27 00:10:58,P-Usine_A-000939,OVEN-0019,849.5,OK,61.9,33.0,58.0,OVEN-0019
2023-10-27 00:12:25,P-Usine_A-000940,OVEN-0019,847.0,OK,64.0,30.4,58.6,OVEN-0019
2023-10-27 00:10:45,P-Usine_A-000941,OVEN-0019,850.4,OK,60.7,28.9,58.7,OVEN-0019
2023-10-27 00:09:29,P-Usine_A-000942,OVEN-0019,852.5,OK,63.6,30.7,60.6,OVEN-0019
2023-10-27 00:13:49,P-Usine_A-000943,OVEN-0019,850.9,OK,61.5,32.5,57.5,OVEN-0019
2023-10-27 00:17:59,P-Usine_A-000944,OVEN-0019,853.7,OK,57.9,31.5,59.4,OVEN-0019
2023-10-27 00:11:40,P-Usine_A-000945,OVEN-0019,850.8,OK,55.9,25.9,59.9,OVEN-0019
2023-10-27 00:11:40,P-Usine_A-000945,OVEN-0019,850.8,OK,55.9,25.9,59.9,OVEN-0019
2023-10-27 00:16:09,P-Usine_A-000946,OVEN-0019,845.5,OK,60.8,30.9,57.5,OVEN-0019
2023-10-27 00:14:55,P-Usine_A-000947,OVEN-0019,853.1,OK,60.0,31.0,55.0,OVEN-0019
2023-10-27 00:18:11,P-Usine_A-000948,OVEN-0019,850.0,NOK,58.5,27.5,57.5,OVEN-0019
2023-10-27 00:16:46,P-Usine_A-000949,OVEN-0019,852.2,OK,62.3,29.2,58.8,OVEN-0019
2023-10-27 00:18:42,P-Usine_A-000950,OVEN-0019,854.7,OK,60.0,29.5,58.8,OVEN-0019
2023-10-27 00:19:54,P-Usine_A-000951,OVEN-0020,846.2,OK,59.6,29.7,59.1,OVEN-0020
2023-10-27 00:26:26,P-Usine_A-000952,OVEN-0020,853.8,OK,59.2,30.6,56.9,OVEN-0020
2023-10-27 00:17:59,P-Usine_A-000953,OVEN-0020,851.1,OK,57.1,31.3,57.4,OVEN-0020
2023-10-27 00:23:07,P-Usine_A-000954,OVEN-0020,853.5,OK,59.9,28.4,57.3,OVEN-0020
2023-10-27 00:29:32,P-Usine_A-000955,OVEN-0020,858.7,OK,60.2,31.7,62.8,OVEN-0020
2023-10-27 00:24:53,P-Usine_A-000956,OVEN-0020,851.2,OK,61.1,27.8,58.3,OVEN-0020
2023-10-27 00:22:21,P-Usine_A-000957,OVEN-0020,846.6,OK,59.8,30.7,57.0,OVEN-0020
2023-10-27 00:28:34,P-Usine_A-000958,OVEN-0020,840.8,OK,58.7,29.4,59.9,OVEN-0020
2023-10-27 00:24:34,P-Usine_A-000959,OVEN-0020,852.0,OK,64.4,27.2,57.8,OVEN-0020
2023-10-27 00:29:57,P-Usine_A-000960,OVEN-0020,850.7,OK,62.8,29.5,60.9,OVEN-0020
2023-10-27 00:35:47,P-Usine_A-000961,OVEN-0020,843.6,OK,56.7,28.8,57.2,OVEN-0020
2023-10-27 00:34:32,P-Usine_A-000962,OVEN-0020,851.2,OK,59.0,28.3,59.5,OVEN-0020
2023-10-27 00:36:08,P-Usine_A-000963,OVEN-0020,846.7,OK,58.4,31.1,60.5,OVEN-0020
2023-10-27 00:36:30,P-Usine_A-000964,OVEN-0020,849.7,OK,60.5,32.1,61.9,OVEN-0020
2023-10-27 00:31:42,P-Usine_A-000965,OVEN-0020,843.3,OK,64.4,31.1,58.0,OVEN-0020
2023-10-27 00:35:52,P-Usine_A-000966,OVEN-0020,858.4,OK,61.3,31.5,57.0,OVEN-0020
2023-10-27 00:34:41,P-Usine_A-000967,OVEN-0020,845.9,OK,61.1,28.8,57.9,OVEN-0020
2023-10-27 00:35:40,P-Usine_A-000968,OVEN-0020,849.8,OK,60.8,31.1,57.3,OVEN-0020
2023-10-27 00:43:08,P-Usine_A-000969,OVEN-0020,852.7,OK,60.7,29.5,57.1,OVEN-0020
2023-10-27 00:40:17,P-Usine_A-000970,OVEN-0020,856.0,OK,59.7,30.7,55.8,OVEN-0020
2023-10-27 00:40:21,P-Usine_A-000971,OVEN-0020,850.7,OK,59.0,30.4,56.9,OVEN-0020
2023-10-27 00:38:43,P-Usine_A-000972,OVEN-0020,865.9,OK,59.1,31.9,60.6,OVEN-0020
2023-10-27 00:40:47,P-Usine_A-000973,OVEN-0020,846.2,OK,59.7,31.3,56.8,OVEN-0020
2023-10-27 00:40:13,P-Usine_A-000974,OVEN-0020,843.3,OK,59.5,27.0,58.3,OVEN-0020
2023-10-27 00:46:09,P-Usine_A-000975,OVEN-0020,849.1,OK,61.3,29.6,58.2,OVEN-0020
2023-10-27 00:46:51,P-Usine_A-000976,OVEN-0020,854.6,OK,58.9,32.6,53.6,OVEN-0020
2023-10-27 00:46:30,P-Usine_A-000977,OVEN-0020,848.3,OK,60.1,31.8,58.5,OVEN-0020
2023-10-27 00:45:03,P-Usine_A-000978,OVEN-0020,853.3,OK,57.5,31.8,62.5,OVEN-0020
2023-10-27 00:52:17,P-Usine_A-000979,OVEN-0020,848.7,OK,60.1,28.3,57.3,OVEN-0020
2023-10-27 00:51:43,P-Usine_A-000980,OVEN-0020,852.8,OK,58.9,28.9,58.5,OVEN-0020
2023-10-27 00:54:17,P-Usine_A-000981,OVEN-0020,849.2,OK,58.9,25.5,55.7,OVEN-0020
2023-10-27 00:49:07,P-Usine_A-000982,OVEN-0020,844.3,OK,58.4,26.8,60.9,OVEN-0020
2023-10-27 00:54:47,P-Usine_A-000983,OVEN-0020,853.7,OK,60.9,30.6,57.5,OVEN-0020
2023-10-27 00:52:41,P-Usine_A-000984,OVEN-0020,848.8,OK,60.7,28.8,57.9,OVEN-0020
2023-10-27 00:58:53,P-Usine_A-000985,OVEN-0020,848.0,OK,59.5,30.2,56.4,OVEN-0020
2023-10-27 00:55:28,P-Usine_A-000986,OVEN-0020,850.7,OK,61.7,32.6,57.6,OVEN-0020
2023-10-27 00:54:30,P-Usine_A-000987,OVEN-0020,843.5,OK,60.1,29.8,61.1,OVEN-0020
2023-10-27 00:58:16,P-Usine_A-000988,OVEN-0020,846.5,OK,59.7,29.2,59.7,OVEN-0020
2023-10-27 01:01:24,P-Usine_A-000989,OVEN-0020,854.2,OK,62.1,33.0,58.5,OVEN-0020
2023-10-27 01:04:15,P-Usine_A-000990,OVEN-0020,849.7,OK,58.7,31.1,54.7,OVEN-0020
2023-10-27 01:02:29,P-Usine_A-000991,OVEN-0020,851.5,OK,60.7,28.3,55.0,OVEN-0020
2023-10-27 00:59:53,P-Usine_A-000992,OVEN-0020,847.5,OK,58.0,26.4,58.2,OVEN-0020
2023-10-27 01:05:54,P-Usine_A-000993,OVEN-0020,853.6,OK,59.0,31.8,61.7,OVEN-0020
2023-10-27 01:07:45,P-Usine_A-000994,OVEN-0020,843.0,OK,58.3,30.3,56.4,OVEN-0020
2023-10-27 01:09:34,P-Usine_A-000995,OVEN-0020,853.6,OK,56.2,30.9,58.7,OVEN-0020
2023-10-27 01:05:11,P-Usine_A-000996,OVEN-0020,852.2,OK,59.7,32.6,55.8,OVEN-0020
2023-10-27 01:05:07,P-Usine_A-000997,OVEN-0020,856.5,OK,58.5,28.7,56.4,OVEN-0020
2023-10-27 01:13:02,P-Usine_A-000998,OVEN-0020,854.4,OK,61.6,35.0,55.9,OVEN-0020
2023-10-27 01:05:32,P-Usine_A-000999,OVEN-0020,840.9,OK,62.8,32.1,55.8,OVEN-0020
2023-10-27 01:13:02,P-Usine_A-001000,OVEN-0020,845.4,OK,54.7,27.6,60.5,OVEN-0020
