timestamp,part_id,final_angle_measure,visual_score,is_conform,rebut_reason
2023-10-26 08:00:29,P-Usine_A-000001,90.04,6,1,
2023-10-26 08:01:48,P-Usine_A-000002,90.28,1,0,Visual Defect
2023-10-26 08:01:01,P-Usine_A-000003,89.97,9,1,
2023-10-26 08:01:01,P-Usine_A-000003,89.97,9,1,
2023-10-26 08:00:12,P-Usine_A-000004,90.4,5,1,
2023-10-26 08:01:05,P-Usine_A-000005,999.9,3,0,Visual Defect
2023-10-26 08:03:40,P-Usine_A-000006,89.88,7,1,
2023-10-26 08:11:31,P-Usine_A-000007,89.94,5,1,
2023-10-26 08:06:14,P-Usine_A-000008,89.98,2,0,Visual Defect
2023-10-26 08:11:14,P-Usine_A-000009,90.72,1,0,Visual Defect
2023-10-26 08:08:51,P-Usine_A-000010,,6,1,
2023-10-26 08:12:31,P-Usine_A-000011,89.23,8,1,
2023-10-26 08:15:27,P-Usine_A-000012,89.73,9,1,
2023-10-26 08:13:50,P-Usine_A-000013,90.98,1,0,Visual Defect
2023-10-26 08:15:14,P-Usine_A-000014,89.41,5,1,
2023-10-26 08:16:20,P-Usine_A-000015,89.74,2,0,Visual Defect
2023-10-26 08:20:29,P-Usine_A-000016,90.76,9,1,
2023-10-26 08:18:18,P-Usine_A-000017,89.37,8,1,
2023-10-26 08:18:18,P-Usine_A-000017,89.37,8,1,
2023-10-26 08:15:14,P-Usine_A-000018,90.04,7,1,
2023-10-26 08:15:33,P-Usine_A-000019,89.37,5,1,
2023-10-26 08:15:46,P-Usine_A-000020,89.92,2,0,Visual Defect
2023-10-26 08:22:29,P-Usine_A-000021,89.38,3,0,Visual Defect
2023-10-26 08:25:18,P-Usine_A-000022,90.13,2,0,Visual Defect
2023-10-26 08:25:18,P-Usine_A-000022,90.13,2,0,Visual Defect
2023-10-26 08:26:25,P-Usine_A-000023,88.81,6,1,999.9
2023-10-26 08:21:31,P-Usine_A-000024,89.77,9,1,
2023-10-26 08:25:31,P-Usine_A-000025,89.91,4,1,
2023-10-26 08:29:06,P-Usine_A-000026,90.04,1,0,Visual Defect
2023-10-26 08:30:25,P-Usine_A-000027,90.41,9,1,
2023-10-26 08:23:46,P-Usine_A-000028,90.23,3,0,Visual Defect
2023-10-26 08:32:47,P-Usine_A-000029,89.7,9,1,
2023-10-26 08:31:00,P-Usine_A-000030,90.21,1,0,Visual Defect
2023-10-26 08:31:58,P-Usine_A-000031,89.29,7,1,
2023-10-26 08:32:46,P-Usine_A-000032,90.22,7,1,
2023-10-26 08:32:22,P-Usine_A-000033,90.24,10,1,
2023-10-26 08:37:17,P-Usine_A-000034,90.28,,0,Visual Defect
2023-10-26 08:34:45,P-Usine_A-000035,90.28,10,1,
2023-10-26 08:33:54,P-Usine_A-000036,89.47,4,1,
2023-10-26 08:37:58,P-Usine_A-000037,90.34,5,1,
2023-10-26 08:43:14,P-Usine_A-000038,90.34,4,1,
2023-10-26 08:36:50,P-Usine_A-000039,90.17,9,1,
2023-10-26 08:41:17,P-Usine_A-000040,89.47,8,1,
2023-10-26 08:41:05,P-Usine_A-000041,89.96,2,0,Visual Defect
2023-10-26 08:40:49,P-Usine_A-000042,89.08,8,1,
2023-10-26 08:47:28,P-Usine_A-000043,89.71,1,0,Visual Defect
2023-10-26 08:45:51,P-Usine_A-000044,89.63,3,0,Visual Defect
2023-10-26 08:44:39,P-Usine_A-000045,90.35,2,0,Visual Defect
2023-10-26 08:43:01,P-Usine_A-000046,90.18,8,1,
2023-10-26 08:43:15,P-Usine_A-000047,90.35,8,1,
2023-10-26 08:50:54,P-Usine_A-000048,90.41,9,1,
2023-10-26 08:50:28,P-Usine_A-000049,89.85,9,1,
2023-10-26 08:50:06,P-Usine_A-000050,90.46,2,0,Visual Defect
2023-10-26 08:48:39,P-Usine_A-000051,90.16,2,0,Visual Defect
2023-10-26 08:50:31,P-Usine_A-000052,89.36,1,0,Visual Defect
2023-10-26 08:51:08,P-Usine_A-000053,89.81,3,0,Visual Defect
2023-10-26 08:52:31,P-Usine_A-000054,90.26,5,1,
2023-10-26 08:53:43,P-Usine_A-000055,89.73,2,0,Visual Defect
2023-10-26 08:53:18,P-Usine_A-000056,90.55,7,1,
2023-10-26 09:00:44,P-Usine_A-000057,89.69,2,0,Visual Defect
2023-10-26 09:03:31,P-Usine_A-000058,89.59,7,1,
2023-10-26 08:55:13,P-Usine_A-000059,89.71,1,0,Visual Defect
2023-10-26 09:01:26,P-Usine_A-000060,89.94,5,1,
2023-10-26 09:03:53,P-Usine_A-000061,90.3,10,1,
2023-10-26 08:59:05,P-Usine_A-000062,90.61,5,1,
2023-10-26 08:59:25,P-Usine_A-000063,90.49,10,1,
2023-10-26 09:00:25,P-Usine_A-000064,89.96,7,1,
2023-10-26 09:05:41,P-Usine_A-000065,89.48,2,0,Visual Defect
2023-10-26 09:11:40,P-Usine_A-000066,89.56,2,0,Visual Defect
2023-10-26 09:09:31,P-Usine_A-000067,89.66,5,1,
2023-10-26 09:06:20,P-Usine_A-000068,89.84,10,1,
2023-10-26 09:11:15,P-Usine_A-000069,89.43,5,1,
2023-10-26 09:14:10,P-Usine_A-000070,89.93,8,1,
2023-10-26 09:16:29,P-Usine_A-000071,90.64,7,1,
2023-10-26 09:13:30,P-Usine_A-000072,90.17,6,1,
2023-10-26 09:13:48,P-Usine_A-000073,90.2,1,0,Visual Defect
2023-10-26 09:10:55,P-Usine_A-000074,89.41,9,1,
2023-10-26 09:10:30,P-Usine_A-000075,90.5,5,1,
2023-10-26 09:10:30,P-Usine_A-000075,90.5,5,1,
2023-10-26 09:16:19,P-Usine_A-000076,90.57,10,1,
2023-10-26 09:16:45,P-Usine_A-000077,89.62,8,1,
2023-10-26 09:20:09,P-Usine_A-000078,89.47,7,1,
2023-10-26 09:19:51,P-Usine_A-000079,89.63,4,1,
2023-10-26 09:17:32,P-Usine_A-000080,90.05,9,1,
2023-10-26 09:21:20,P-Usine_A-000081,89.71,1,0,Visual Defect
2023-10-26 09:20:36,P-Usine_A-000082,90.35,6,1,
2023-10-26 09:27:28,P-Usine_A-000083,90.14,5,1,
2023-10-26 09:21:55,P-Usine_A-000084,89.5,9,1,
2023-10-26 09:25:21,P-Usine_A-000085,89.93,3,0,Visual Defect
2023-10-26 09:30:51,P-Usine_A-000086,90.19,3,0,Visual Defect
2023-10-26 09:24:49,P-Usine_A-000087,91.45,5,1,
2023-10-26 09:26:11,P-Usine_A-000088,89.57,3,0,Visual Defect
2023-10-26 09:32:20,P-Usine_A-000089,90.06,6,1,
2023-10-26 09:26:41,P-Usine_A-000090,88.77,8,1,
2023-10-26 09:34:45,P-Usine_A-000091,89.83,5,1,
2023-10-26 09:27:34,P-Usine_A-000092,90.6,2,0,Visual Defect
2023-10-26 09:30:33,P-Usine_A-000093,90.35,5,1,
2023-10-26 09:30:57,P-Usine_A-000094,89.95,6,1,
2023-10-26 09:30:36,P-Usine_A-000095,90.65,10,1,
2023-10-26 09:33:42,P-Usine_A-000096,90.03,3,0,Visual Defect
2023-10-26 09:36:33,P-Usine_A-000097,90.39,10,1,
2023-10-26 09:36:33,P-Usine_A-000097,90.39,10,1,
2023-10-26 09:34:40,P-Usine_A-000098,90.17,6,999.9,
2023-10-26 09:44:15,P-Usine_A-000099,90.04,9,1,
2023-10-26 09:41:16,P-Usine_A-000100,89.06,8,1,
2023-10-26 09:39:13,P-Usine_A-000101,90.5,2,0,Visual Defect
2023-10-26 09:39:07,P-Usine_A-000102,90.34,999.9,1,
2023-10-26 09:41:16,P-Usine_A-000103,90.12,1,0,999.9
2023-10-26 09:42:47,P-Usine_A-000104,89.68,9,1,
2023-10-26 09:45:09,P-Usine_A-000105,90.51,2,0,Visual Defect
2023-10-26 09:45:09,P-Usine_A-000105,90.51,2,0,Visual Defect
2023-10-26 09:49:39,P-Usine_A-000106,90.51,1,0,Visual Defect
2023-10-26 09:47:11,P-Usine_A-000107,89.83,5,1,
2023-10-26 09:44:52,P-Usine_A-000108,89.87,3,0,Visual Defect
2023-10-26 09:49:02,P-Usine_A-000109,89.83,10,1,
2023-10-26 09:46:58,P-Usine_A-000110,90.46,1,0,Visual Defect
2023-10-26 09:50:25,P-Usine_A-000111,89.67,5,1,
2023-10-26 09:53:46,P-Usine_A-000112,90.61,2,0,Visual Defect
2023-10-26 09:51:32,P-Usine_A-000113,90.05,6,1,
2023-10-26 09:58:08,P-Usine_A-000114,90.37,8,1,
2023-10-26 09:53:40,P-Usine_A-000115,89.73,3,0,Visual Defect
2023-10-26 09:55:37,P-Usine_A-000116,89.23,7,1,
2023-10-26 09:57:24,P-Usine_A-000117,90.88,7,1,
2023-10-26 09:56:22,P-Usine_A-000118,89.36,5,1,
2023-10-26 09:55:52,P-Usine_A-000119,88.71,3,0,Visual Defect
2023-10-26 10:00:38,P-Usine_A-000120,89.71,2,0,Visual Defect
2023-10-26 10:02:30,P-Usine_A-000121,89.88,3,0,Visual Defect
2023-10-26 10:06:39,P-Usine_A-000122,89.59,7,1,
2023-10-26 10:06:09,P-Usine_A-000123,89.58,9,1,
2023-10-26 10:02:27,P-Usine_A-000124,89.54,6,1,
2023-10-26 10:03:50,P-Usine_A-000125,90.05,1,0,Visual Defect
2023-10-26 10:02:53,P-Usine_A-000126,90.08,6,1,
2023-10-26 10:02:53,P-Usine_A-000126,90.08,6,1,
2023-10-26 10:08:06,P-Usine_A-000127,999.9,8,1,
2023-10-26 10:10:58,P-Usine_A-000128,89.69,3,0,Visual Defect
2023-10-26 10:10:54,P-Usine_A-000129,89.98,7,1,
2023-10-26 10:14:15,P-Usine_A-000130,89.69,5,1,
2023-10-26 10:13:59,P-Usine_A-000131,89.36,3,0,Visual Defect
2023-10-26 10:13:59,P-Usine_A-000131,89.36,3,0,Visual Defect
2023-10-26 10:09:41,P-Usine_A-000132,91.15,4,1,
2023-10-26 10:14:39,P-Usine_A-000133,90.21,6,1,
2023-10-26 10:12:10,P-Usine_A-000134,90.33,1,0,Visual Defect
2023-10-26 10:13:22,P-Usine_A-000135,89.54,9,1,
2023-10-26 10:11:36,P-Usine_A-000136,90.47,8,1,
2023-10-26 10:21:29,P-Usine_A-000137,89.98,3,0,Visual Defect
2023-10-26 10:15:54,P-Usine_A-000138,89.44,3,0,Visual Defect
2023-10-26 10:23:29,P-Usine_A-000139,89.53,2,0,Visual Defect
2023-10-26 10:15:44,P-Usine_A-000140,89.78,6,1,
2023-10-26 10:25:59,P-Usine_A-000141,89.96,10,1,
2023-10-26 10:20:57,P-Usine_A-000142,89.68,8,1,
2023-10-26 10:24:30,P-Usine_A-000143,90.31,6,1,
2023-10-26 10:27:30,P-Usine_A-000144,89.77,7,1,
2023-10-26 10:24:55,P-Usine_A-000145,90.39,6,1,
2023-10-26 10:23:52,P-Usine_A-000146,91.26,6,1,
2023-10-26 10:23:52,P-Usine_A-000146,91.26,6,1,
2023-10-26 10:23:39,P-Usine_A-000147,89.09,5,1,
2023-10-26 10:30:04,P-Usine_A-000148,90.22,2,0,Visual Defect
2023-10-26 10:28:26,P-Usine_A-000149,89.56,1,0,Visual Defect
2023-10-26 10:34:46,P-Usine_A-000150,88.99,9,1,
2023-10-26 10:33:57,P-Usine_A-000151,90.95,5,1,
2023-10-26 10:30:34,P-Usine_A-000152,90.09,7,1,
2023-10-26 10:31:29,P-Usine_A-000153,89.42,3,0,Visual Defect
2023-10-26 10:30:13,P-Usine_A-000154,89.1,10,1,
2023-10-26 10:39:30,P-Usine_A-000155,90.32,3,0,Visual Defect
2023-10-26 10:31:59,P-Usine_A-000156,89.68,2,0,Visual Defect
2023-10-26 10:40:51,P-Usine_A-000157,89.65,4,1,
2023-10-26 10:43:29,P-Usine_A-000158,89.58,9,1,
2023-10-26 10:41:57,P-Usine_A-000159,89.57,7,1,
2023-10-26 10:37:57,P-Usine_A-000160,89.91,9,1,
2023-10-26 10:44:06,P-Usine_A-000161,90.37,1,0,Visual Defect
2023-10-26 10:44:59,P-Usine_A-000162,90.04,5,1,
2023-10-26 10:48:40,P-Usine_A-000163,89.66,9,1,999.9
2023-10-26 10:45:58,P-Usine_A-000164,90.15,5,1,
2023-10-26 10:45:45,P-Usine_A-000165,90.15,9,1,
2023-10-26 10:50:41,P-Usine_A-000166,91.11,7,1,
2023-10-26 10:50:27,P-Usine_A-000167,90.06,2,0,Visual Defect
2023-10-26 10:48:02,P-Usine_A-000168,90.01,9,1,
2023-10-26 10:46:05,P-Usine_A-000169,89.57,5,1,
2023-10-26 10:51:24,P-Usine_A-000170,89.59,5,1,
2023-10-26 10:54:40,P-Usine_A-000171,89.88,1,0,Visual Defect
2023-10-26 10:57:22,P-Usine_A-000172,90.79,8,1,
2023-10-26 10:56:52,P-Usine_A-000173,89.56,4,1,
2023-10-26 10:50:06,P-Usine_A-000174,89.57,6,1,
2023-10-26 10:58:55,P-Usine_A-000175,90.91,,0,Visual Defect
2023-10-26 10:58:27,P-Usine_A-000176,90.32,5,1,
2023-10-26 11:01:28,P-Usine_A-000177,90.65,5,1,
2023-10-26 11:01:39,P-Usine_A-000178,90.87,4,1,
2023-10-26 10:56:08,P-Usine_A-000179,89.71,1,0,Visual Defect
2023-10-26 10:56:11,P-Usine_A-000180,90.21,10,1,
2023-10-26 10:56:55,P-Usine_A-000181,90.37,6,1,
2023-10-26 10:58:01,P-Usine_A-000182,90.27,1,0,Visual Defect
2023-10-26 11:02:19,P-Usine_A-000183,91.32,1,0,Visual Defect
2023-10-26 11:05:38,P-Usine_A-000184,89.54,10,1,
2023-10-26 11:10:06,P-Usine_A-000185,90.35,2,0,Visual Defect
2023-10-26 11:10:06,P-Usine_A-000185,90.35,2,0,Visual Defect
2023-10-26 11:04:39,P-Usine_A-000186,88.89,10,1,
2023-10-26 11:10:55,P-Usine_A-000187,89.93,4,1,
,P-Usine_A-000188,90.24,9,1,
2023-10-26 11:05:26,P-Usine_A-000189,90.01,3,0,Visual Defect
2023-10-26 11:14:49,P-Usine_A-000190,90.67,1,0,Visual Defect
2023-10-26 11:06:50,P-Usine_A-000191,89.91,5,1,
2023-10-26 11:09:34,P-Usine_A-000192,90.6,1,0,Visual Defect
2023-10-26 11:12:07,P-Usine_A-000193,90.71,2,0,Visual Defect
2023-10-26 11:16:00,P-Usine_A-000194,90.24,8,1,
2023-10-26 11:11:08,P-Usine_A-000195,89.96,9,1,
2023-10-26 11:17:52,P-Usine_A-000196,89.69,6,1,
2023-10-26 11:17:39,P-Usine_A-000197,90.12,5,1,
2023-10-26 11:19:37,P-Usine_A-000198,89.79,3,0,Visual Defect
2023-10-26 11:21:07,P-Usine_A-000199,89.94,6,1,
2023-10-26 11:21:28,P-Usine_A-000200,88.87,2,0,Visual Defect
2023-10-26 11:22:40,P-Usine_A-000201,89.8,7,1,
2023-10-26 11:21:55,P-Usine_A-000202,90.37,2,0,Visual Defect
2023-10-26 11:22:07,P-Usine_A-000203,89.91,1,0,Visual Defect
2023-10-26 11:22:07,P-Usine_A-000203,89.91,1,0,Visual Defect
2023-10-26 11:27:44,P-Usine_A-000204,90.51,3,0,Visual Defect
2023-10-26 11:28:03,P-Usine_A-000205,89.93,9,1,
2023-10-26 11:25:36,P-Usine_A-000206,89.02,6,1,
2023-10-26 11:23:05,P-Usine_A-000207,89.86,9,1,
2023-10-26 11:31:49,P-Usine_A-000208,90.2,3,0,Visual Defect
2023-10-26 11:24:33,P-Usine_A-000209,89.8,9,1,
2023-10-26 11:28:02,P-Usine_A-000210,90.38,9,1,
2023-10-26 11:31:35,P-Usine_A-000211,90.53,6,1,
2023-10-26 11:35:35,P-Usine_A-000212,89.1,8,1,
2023-10-26 11:35:40,P-Usine_A-000213,88.86,6,1,
2023-10-26 11:28:48,P-Usine_A-000214,90.37,1,0,Visual Defect
2023-10-26 11:35:35,P-Usine_A-000215,90.7,1,0,Visual Defect
2023-10-26 11:32:37,P-Usine_A-000216,89.81,4,1,
2023-10-26 11:37:35,P-Usine_A-000217,89.7,3,0,Visual Defect
2023-10-26 11:37:17,P-Usine_A-000218,89.08,9,1,
2023-10-26 11:43:38,P-Usine_A-000219,89.47,8,1,
2023-10-26 11:44:20,P-Usine_A-000220,90.36,3,0,Visual Defect
2023-10-26 11:36:28,P-Usine_A-000221,90.06,4,1,
2023-10-26 11:39:45,P-Usine_A-000222,90.02,8,1,
2023-10-26 11:38:48,P-Usine_A-000223,89.75,5,1,
2023-10-26 11:43:50,P-Usine_A-000224,90.86,4,1,
2023-10-26 11:47:15,P-Usine_A-000225,89.89,5,1,
2023-10-26 11:45:20,P-Usine_A-000226,89.85,2,0,Visual Defect
2023-10-26 11:50:38,P-Usine_A-000227,89.99,10,1,
2023-10-26 11:45:11,P-Usine_A-000228,90.19,3,0,Visual Defect
2023-10-26 11:51:19,P-Usine_A-000229,90.3,3,0,Visual Defect
2023-10-26 11:45:10,P-Usine_A-000230,90.8,7,1,
2023-10-26 11:49:55,P-Usine_A-000231,90.05,8,1,
2023-10-26 11:50:19,P-Usine_A-000232,89.37,4,1,
2023-10-26 11:49:12,P-Usine_A-000233,89.38,8,1,
2023-10-26 11:53:22,P-Usine_A-000234,89.29,9,1,
2023-10-26 11:59:22,P-Usine_A-000235,90.36,5,1,
2023-10-26 11:55:04,P-Usine_A-000236,89.72,9,1,
2023-10-26 11:53:56,P-Usine_A-000237,90.69,3,0,Visual Defect
2023-10-26 12:01:05,P-Usine_A-000238,89.57,3,0,Visual Defect
2023-10-26 11:56:57,P-Usine_A-000239,89.35,7,1,
2023-10-26 11:59:30,P-Usine_A-000240,90.49,8,1,
2023-10-26 12:05:40,P-Usine_A-000241,90.28,5,1,
2023-10-26 12:01:09,P-Usine_A-000242,89.58,6,1,
2023-10-26 12:01:09,P-Usine_A-000242,89.58,6,1,
2023-10-26 12:03:27,P-Usine_A-000243,90.2,6,1,
2023-10-26 12:00:27,P-Usine_A-000244,90.62,1,,Visual Defect
2023-10-26 12:06:12,P-Usine_A-000245,89.31,8,1,
2023-10-26 12:03:46,P-Usine_A-000246,90.07,8,1,
2023-10-26 12:06:19,P-Usine_A-000247,89.76,4,1,
2023-10-26 12:12:35,P-Usine_A-000248,89.78,10,1,
2023-10-26 12:05:25,P-Usine_A-000249,90.35,5,1,
2023-10-26 12:14:15,P-Usine_A-000250,90.49,4,1,
2023-10-26 12:13:17,P-Usine_A-000251,90.42,7,1,
2023-10-26 12:13:17,P-Usine_A-000251,90.42,7,1,
2023-10-26 12:13:48,P-Usine_A-000252,90.39,4,1,
2023-10-26 12:08:51,P-Usine_A-000253,89.75,9,1,
2023-10-26 12:10:17,,90.47,1,0,Visual Defect
2023-10-26 12:16:48,P-Usine_A-000255,90.92,9,1,
2023-10-26 12:14:06,P-Usine_A-000256,89.44,7,1,
2023-10-26 12:16:35,P-Usine_A-000257,89.63,5,1,
2023-10-26 12:21:15,P-Usine_A-000258,90.05,6,1,
2023-10-26 12:23:25,P-Usine_A-000259,90.95,3,0,Visual Defect
2023-10-26 12:23:20,P-Usine_A-000260,90.4,9,1,
2023-10-26 12:16:17,P-Usine_A-000261,89.9,2,0,Visual Defect
2023-10-26 12:26:37,P-Usine_A-000262,89.34,2,0,Visual Defect
2023-10-26 12:19:51,P-Usine_A-000263,90.16,7,1,
2023-10-26 12:28:59,P-Usine_A-000264,89.82,10,1,
2023-10-26 12:20:15,P-Usine_A-000265,89.92,1,0,Visual Defect
2023-10-26 12:28:24,P-Usine_A-000266,90.25,4,1,
2023-10-26 12:24:11,P-Usine_A-000267,89.24,1,0,Visual Defect
2023-10-26 12:30:39,P-Usine_A-000268,999.9,1,0,Visual Defect
2023-10-26 12:27:10,P-Usine_A-000269,89.41,2,0,Visual Defect
2023-10-26 12:30:05,P-Usine_A-000270,89.95,8,1,
2023-10-26 12:26:12,P-Usine_A-000271,89.89,5,1,
2023-10-26 12:28:44,P-Usine_A-000272,90.0,3,999.9,Visual Defect
2023-10-26 12:28:22,P-Usine_A-000273,89.62,8,1,
2023-10-26 12:30:27,P-Usine_A-000274,89.52,3,0,Visual Defect
2023-10-26 12:35:42,P-Usine_A-000275,89.7,1,0,Visual Defect
2023-10-26 12:36:18,P-Usine_A-000276,90.52,6,1,
2023-10-26 12:32:48,P-Usine_A-000277,89.85,6,1,
2023-10-26 12:39:17,P-Usine_A-000278,90.32,5,1,
2023-10-26 12:36:41,P-Usine_A-000279,89.39,10,1,
2023-10-26 12:36:59,P-Usine_A-000280,89.82,3,0,
2023-10-26 12:38:28,P-Usine_A-000281,90.64,3,0,Visual Defect
2023-10-26 12:44:37,P-Usine_A-000282,89.7,8,1,
2023-10-26 12:44:37,P-Usine_A-000282,89.7,8,1,
2023-10-26 12:44:02,P-Usine_A-000283,89.21,3,0,Visual Defect
2023-10-26 12:42:25,P-Usine_A-000284,89.9,2,0,Visual Defect
2023-10-26 12:48:26,P-Usine_A-000285,89.77,6,1,
2023-10-26 12:44:42,P-Usine_A-000286,90.45,4,1,
2023-10-26 12:51:23,P-Usine_A-000287,90.07,5,1,
2023-10-26 12:49:00,P-Usine_A-000288,90.21,3,0,Visual Defect
2023-10-26 12:47:18,P-Usine_A-000289,90.12,2,0,Visual Defect
2023-10-26 12:49:48,P-Usine_A-000290,90.02,1,0,Visual Defect
2023-10-26 12:54:52,P-Usine_A-000291,89.75,1,0,Visual Defect
2023-10-26 12:54:40,P-Usine_A-000292,89.84,3,0,Visual Defect
2023-10-26 12:49:15,P-Usine_A-000293,89.7,8,1,
2023-10-26 12:54:46,P-Usine_A-000294,89.29,3,0,Visual Defect
2023-10-26 12:55:36,P-Usine_A-000295,89.44,4,1,
2023-10-26 12:57:18,P-Usine_A-000296,90.92,8,1,
2023-10-26 12:57:25,P-Usine_A-000297,89.85,5,1,
2023-10-26 12:58:17,P-Usine_A-000298,89.84,8,1,
2023-10-26 12:55:14,P-Usine_A-000299,89.29,4,1,
2023-10-26 12:57:07,P-Usine_A-000300,90.6,3,0,Visual Defect
2023-10-26 12:58:21,P-Usine_A-000301,89.47,6,1,
2023-10-26 12:58:30,P-Usine_A-000302,90.42,7,1,
2023-10-26 13:05:19,P-Usine_A-000303,89.41,4,1,
2023-10-26 13:02:29,P-Usine_A-000304,90.03,8,1,
2023-10-26 13:01:26,P-Usine_A-000305,89.21,8,1,
2023-10-26 13:02:34,P-Usine_A-000306,89.95,8,1,
2023-10-26 13:09:34,P-Usine_A-000307,90.22,5,1,
2023-10-26 13:10:41,P-Usine_A-000308,90.37,10,1,
2023-10-26 13:03:33,,89.97,3,0,Visual Defect
2023-10-26 13:05:46,P-Usine_A-000310,89.55,7,1,
2023-10-26 13:07:46,P-Usine_A-000311,90.97,5,1,
2023-10-26 13:07:05,P-Usine_A-000312,89.65,9,1,
2023-10-26 13:12:51,P-Usine_A-000313,89.5,5,1,
2023-10-26 13:09:48,P-Usine_A-000314,90.22,10,1,
2023-10-26 13:10:16,P-Usine_A-000315,90.63,1,0,Visual Defect
2023-10-26 13:15:13,P-Usine_A-000316,89.24,2,0,Visual Defect
2023-10-26 13:20:08,P-Usine_A-000317,90.16,8,1,
2023-10-26 13:19:05,P-Usine_A-000318,90.32,6,1,
2023-10-26 13:22:32,P-Usine_A-000319,90.96,3,0,
2023-10-26 13:22:14,P-Usine_A-000320,89.98,5,1,
2023-10-26 13:22:14,P-Usine_A-000320,89.98,5,1,
2023-10-26 13:17:38,P-Usine_A-000321,89.67,10,1,
2023-10-26 13:23:13,P-Usine_A-000322,89.8,9,1,
2023-10-26 13:26:42,P-Usine_A-000323,89.92,10,1,
2023-10-26 13:27:00,P-Usine_A-000324,90.11,7,1,
2023-10-26 13:28:29,P-Usine_A-000325,89.83,5,1,
2023-10-26 13:23:51,P-Usine_A-000326,90.26,10,1,
2023-10-26 13:24:32,P-Usine_A-000327,89.69,1,0,Visual Defect
2023-10-26 13:22:46,P-Usine_A-000328,90.96,7,1,
2023-10-26 13:26:17,P-Usine_A-000329,90.71,3,0,Visual Defect
2023-10-26 13:31:17,P-Usine_A-000330,90.4,10,1,
2023-10-26 13:26:05,P-Usine_A-000331,89.69,10,1,
2023-10-26 13:27:21,P-Usine_A-000332,89.28,7,1,
2023-10-26 13:35:02,P-Usine_A-000333,90.67,9,1,
2023-10-26 13:29:19,P-Usine_A-000334,90.85,4,1,
2023-10-26 13:33:42,P-Usine_A-000335,90.52,7,1,
2023-10-26 13:35:11,P-Usine_A-000336,90.45,8,1,
2023-10-26 13:35:11,P-Usine_A-000336,90.45,8,1,
2023-10-26 13:32:51,P-Usine_A-000337,90.12,5,1,
2023-10-26 13:37:40,P-Usine_A-000338,90.1,5,1,
2023-10-26 13:43:36,P-Usine_A-000339,90.44,8,1,
2023-10-26 13:39:12,P-Usine_A-000340,90.4,2,0,Visual Defect
2023-10-26 13:44:30,P-Usine_A-000341,89.41,3,0,Visual Defect
2023-10-26 13:44:30,P-Usine_A-000341,89.41,3,0,Visual Defect
2023-10-26 13:41:14,P-Usine_A-000342,89.17,1,0,Visual Defect
2023-10-26 13:46:00,P-Usine_A-000343,89.83,1,0,Visual Defect
2023-10-26 13:45:44,P-Usine_A-000344,90.08,5,1,
2023-10-26 13:46:34,P-Usine_A-000345,90.34,9,,
2023-10-26 13:45:35,P-Usine_A-000346,89.59,2,0,Visual Defect
2023-10-26 13:49:10,P-Usine_A-000347,90.01,2,0,Visual Defect
2023-10-26 13:49:50,P-Usine_A-000348,90.64,8,1,
2023-10-26 13:45:08,P-Usine_A-000349,89.57,5,999.9,
2023-10-26 13:46:29,P-Usine_A-000350,88.68,6,1,
2023-10-26 13:48:37,P-Usine_A-000351,89.77,4,1,
2023-10-26 13:48:50,P-Usine_A-000352,89.92,9,1,
2023-10-26 13:53:40,P-Usine_A-000353,90.11,6,1,
2023-10-26 13:58:33,P-Usine_A-000354,90.51,5,1,
2023-10-26 13:58:12,P-Usine_A-000355,89.4,5,1,
2023-10-26 13:54:31,P-Usine_A-000356,90.96,6,1,
2023-10-26 13:57:38,P-Usine_A-000357,90.12,1,0,Visual Defect
2023-10-26 14:00:54,P-Usine_A-000358,89.93,5,1,
2023-10-26 13:59:29,P-Usine_A-000359,90.02,6,1,
2023-10-26 13:59:28,P-Usine_A-000360,90.19,10,1,
2023-10-26 14:05:32,P-Usine_A-000361,90.48,5,1,
2023-10-26 13:57:13,P-Usine_A-000362,89.85,5,1,
2023-10-26 14:04:29,P-Usine_A-000363,89.14,1,0,Visual Defect
2023-10-26 14:00:25,P-Usine_A-000364,89.93,2,0,Visual Defect
2023-10-26 14:09:28,P-Usine_A-000365,90.65,2,0,Visual Defect
2023-10-26 14:10:48,P-Usine_A-000366,89.5,8,1,
2023-10-26 14:07:23,P-Usine_A-000367,90.14,7,1,
2023-10-26 14:08:21,P-Usine_A-000368,90.0,9,1,
2023-10-26 14:05:30,P-Usine_A-000369,90.07,1,0,Visual Defect
2023-10-26 14:06:21,P-Usine_A-000370,89.91,1,0,Visual Defect
2023-10-26 14:13:54,P-Usine_A-000371,89.64,9,1,
2023-10-26 14:15:24,P-Usine_A-000372,90.77,9,1,
2023-10-26 14:10:11,P-Usine_A-000373,90.61,1,0,Visual Defect
2023-10-26 14:11:42,P-Usine_A-000374,89.41,5,1,
2023-10-26 14:12:53,P-Usine_A-000375,90.15,1,0,Visual Defect
2023-10-26 14:18:09,P-Usine_A-000376,90.67,6,1,
2023-10-26 14:11:55,P-Usine_A-000377,89.93,2,0,Visual Defect
2023-10-26 14:21:06,P-Usine_A-000378,89.52,6,1,
2023-10-26 14:15:09,P-Usine_A-000379,89.75,5,1,
2023-10-26 14:21:50,P-Usine_A-000380,89.66,3,0,Visual Defect
2023-10-26 14:21:50,P-Usine_A-000380,89.66,3,0,Visual Defect
2023-10-26 14:19:53,P-Usine_A-000381,89.76,5,1,
2023-10-26 14:19:06,P-Usine_A-000382,89.48,2,0,Visual Defect
2023-10-26 14:26:07,P-Usine_A-000383,90.23,2,0,Visual Defect
2023-10-26 14:24:43,P-Usine_A-000384,89.76,9,1,
2023-10-26 14:23:00,P-Usine_A-000385,91.11,5,1,
2023-10-26 14:23:04,P-Usine_A-000386,89.63,7,1,
2023-10-26 14:30:52,P-Usine_A-000387,91.27,5,1,
2023-10-26 14:28:37,P-Usine_A-000388,89.95,3,0,Visual Defect
2023-10-26 14:30:42,P-Usine_A-000389,91.35,9,1,
2023-10-26 14:35:06,P-Usine_A-000390,90.13,5,1,
2023-10-26 14:26:46,P-Usine_A-000391,89.46,1,0,Visual Defect
2023-10-26 14:29:51,P-Usine_A-000392,90.41,10,1,
2023-10-26 14:31:52,P-Usine_A-000393,90.89,5,1,
2023-10-26 14:30:20,P-Usine_A-000394,89.16,3,0,
2023-10-26 14:39:12,P-Usine_A-000395,89.02,8,1,
2023-10-26 14:37:33,P-Usine_A-000396,89.74,3,0,Visual Defect
2023-10-26 14:37:06,P-Usine_A-000397,90.93,2,0,Visual Defect
2023-10-26 14:42:52,,89.5,6,1,
2023-10-26 14:35:43,P-Usine_A-000399,90.54,2,0,Visual Defect
2023-10-26 14:38:26,P-Usine_A-000400,89.58,4,1,
2023-10-26 14:42:21,P-Usine_A-000401,88.96,3,0,Visual Defect
2023-10-26 14:36:48,P-Usine_A-000402,89.63,4,1,
2023-10-26 14:40:40,P-Usine_A-000403,90.03,3,0,Visual Defect
2023-10-26 14:39:16,P-Usine_A-000404,90.55,10,1,
2023-10-26 14:45:55,P-Usine_A-000405,89.95,5,1,
2023-10-26 14:44:07,P-Usine_A-000406,89.82,8,1,
2023-10-26 14:50:36,P-Usine_A-000407,90.24,6,1,
2023-10-26 14:49:15,P-Usine_A-000408,89.97,4,1,
2023-10-26 14:50:06,P-Usine_A-000409,90.46,9,1,
2023-10-26 14:52:16,P-Usine_A-000410,89.76,6,1,
2023-10-26 14:47:05,P-Usine_A-000411,90.11,10,1,
2023-10-26 14:47:05,P-Usine_A-000411,90.11,10,1,
2023-10-26 14:55:35,P-Usine_A-000412,91.06,7,1,
2023-10-26 14:49:20,P-Usine_A-000413,89.96,9,1,
2023-10-26 14:53:54,P-Usine_A-000414,90.38,4,1,
2023-10-26 14:58:53,P-Usine_A-000415,90.47,8,1,
2023-10-26 14:57:31,P-Usine_A-000416,90.37,3,0,Visual Defect
2023-10-26 14:56:10,P-Usine_A-000417,89.97,5,1,
2023-10-26 14:55:08,P-Usine_A-000418,89.92,4,1,
2023-10-26 15:02:41,P-Usine_A-000419,90.6,9,1,
2023-10-26 15:00:00,P-Usine_A-000420,89.64,8,1,
2023-10-26 15:03:14,P-Usine_A-000421,90.37,4,1,
2023-10-26 14:58:22,P-Usine_A-000422,90.46,9,1,
2023-10-26 15:04:08,P-Usine_A-000423,90.19,5,1,
2023-10-26 15:07:03,P-Usine_A-000424,89.54,4,1,
2023-10-26 15:07:31,P-Usine_A-000425,88.62,10,1,
2023-10-26 15:09:16,P-Usine_A-000426,89.33,1,0,Visual Defect
2023-10-26 15:09:40,P-Usine_A-000427,90.25,6,1,
2023-10-26 15:06:36,P-Usine_A-000428,89.83,6,1,
2023-10-26 15:12:53,P-Usine_A-000429,89.75,6,1,
2023-10-26 15:12:09,P-Usine_A-000430,89.59,4,1,
2023-10-26 15:14:15,P-Usine_A-000431,89.62,9,1,
2023-10-26 15:15:37,P-Usine_A-000432,91.03,8,,
2023-10-26 15:10:20,P-Usine_A-000433,90.18,1,0,Visual Defect
2023-10-26 15:15:17,P-Usine_A-000434,91.14,3,0,Visual Defect
2023-10-26 15:20:26,P-Usine_A-000435,90.35,6,1,
2023-10-26 15:18:52,P-Usine_A-000436,89.51,2,0,Visual Defect
2023-10-26 15:15:23,P-Usine_A-000437,90.22,8,1,
2023-10-26 15:17:34,P-Usine_A-000438,90.25,4,1,
2023-10-26 15:21:27,P-Usine_A-000439,90.0,5,1,
2023-10-26 15:21:27,P-Usine_A-000439,90.0,5,1,
2023-10-26 15:23:02,P-Usine_A-000440,90.29,4,1,
2023-10-26 15:24:06,P-Usine_A-000441,89.53,4,1,
2023-10-26 15:25:19,P-Usine_A-000442,90.9,7,1,999.9
2023-10-26 15:28:22,P-Usine_A-000443,89.75,7,1,
2023-10-26 15:28:13,P-Usine_A-000444,89.67,5,1,
2023-10-26 15:24:52,P-Usine_A-000445,89.91,5,1,
2023-10-26 15:30:25,P-Usine_A-000446,89.79,8,1,
2023-10-26 15:23:05,P-Usine_A-000447,89.96,4,1,
2023-10-26 15:28:00,P-Usine_A-000448,89.23,8,1,
2023-10-26 15:28:20,P-Usine_A-000449,89.45,7,1,
2023-10-26 15:36:12,P-Usine_A-000450,90.42,5,1,
2023-10-26 15:30:27,P-Usine_A-000451,90.56,6,1,
2023-10-26 15:29:15,P-Usine_A-000452,89.94,8,1,
2023-10-26 15:35:20,P-Usine_A-000453,89.77,9,1,
2023-10-26 15:34:21,P-Usine_A-000454,90.0,3,0,Visual Defect
2023-10-26 15:34:34,P-Usine_A-000455,90.34,10,1,
2023-10-26 15:37:22,P-Usine_A-000456,90.36,,0,Visual Defect
2023-10-26 15:43:36,P-Usine_A-000457,90.15,7,1,
2023-10-26 15:41:14,P-Usine_A-000458,90.5,10,1,
2023-10-26 15:43:55,P-Usine_A-000459,90.36,4,1,
2023-10-26 15:38:02,P-Usine_A-000460,89.93,1,0,Visual Defect
2023-10-26 15:39:24,P-Usine_A-000461,90.16,3,0,Visual Defect
2023-10-26 15:48:04,P-Usine_A-000462,90.41,4,1,
2023-10-26 15:40:33,P-Usine_A-000463,999.9,4,1,
2023-10-26 15:50:22,P-Usine_A-000464,89.97,10,1,
2023-10-26 15:44:41,P-Usine_A-000465,89.73,7,1,
2023-10-26 15:48:26,P-Usine_A-000466,90.27,3,0,Visual Defect
2023-10-26 15:51:05,P-Usine_A-000467,89.85,1,0,Visual Defect
2023-10-26 15:54:22,P-Usine_A-000468,90.42,7,1,999.9
2023-10-26 15:45:55,P-Usine_A-000469,90.11,2,0,Visual Defect
2023-10-26 15:52:45,P-Usine_A-000470,89.92,6,1,
2023-10-26 15:54:08,P-Usine_A-000471,88.85,10,1,
2023-10-26 15:57:50,P-Usine_A-000472,90.01,9,1,
2023-10-26 15:58:15,P-Usine_A-000473,90.45,9,1,
2023-10-26 15:59:47,P-Usine_A-000474,90.12,7,1,
2023-10-26 15:51:55,P-Usine_A-000475,90.14,,1,
2023-10-26 16:02:41,P-Usine_A-000476,90.4,9,1,
2023-10-26 15:58:54,P-Usine_A-000477,90.09,9,1,
2023-10-26 15:57:34,P-Usine_A-000478,89.18,9,1,
2023-10-26 15:59:17,P-Usine_A-000479,89.19,8,1,
2023-10-26 15:58:40,P-Usine_A-000480,89.63,2,0,Visual Defect
2023-10-26 16:02:31,P-Usine_A-000481,90.74,8,1,
2023-10-26 16:02:31,P-Usine_A-000481,90.74,8,1,
2023-10-26 16:03:57,P-Usine_A-000482,90.23,2,0,Visual Defect
2023-10-26 16:08:28,P-Usine_A-000483,89.48,2,0,Visual Defect
2023-10-26 16:02:14,P-Usine_A-000484,90.28,1,0,Visual Defect
2023-10-26 16:07:39,P-Usine_A-000485,90.64,8,1,
2023-10-26 16:12:17,P-Usine_A-000486,89.27,8,1,
2023-10-26 16:11:40,P-Usine_A-000487,90.25,6,1,
2023-10-26 16:10:31,P-Usine_A-000488,89.21,999.9,0,Visual Defect
2023-10-26 16:15:02,P-Usine_A-000489,91.06,7,1,
2023-10-26 16:16:22,P-Usine_A-000490,89.07,10,1,
2023-10-26 16:12:33,P-Usine_A-000491,89.61,4,1,
2023-10-26 16:17:08,P-Usine_A-000492,90.94,4,1,
2023-10-26 16:11:42,P-Usine_A-000493,90.11,4,1,
2023-10-26 16:12:43,P-Usine_A-000494,90.17,,0,Visual Defect
2023-10-26 16:14:57,P-Usine_A-000495,89.62,999.9,1,
2023-10-26 16:17:50,P-Usine_A-000496,89.92,5,1,
2023-10-26 16:20:20,P-Usine_A-000497,90.39,6,1,
2023-10-26 16:20:37,P-Usine_A-000498,90.05,4,1,
2023-10-26 16:19:13,P-Usine_A-000499,89.78,2,0,Visual Defect
2023-10-26 16:22:00,P-Usine_A-000500,89.85,8,1,
2023-10-26 16:24:13,P-Usine_A-000501,90.11,8,1,
2023-10-26 16:21:15,P-Usine_A-000502,89.85,3,0,Visual Defect
2023-10-26 16:22:23,P-Usine_A-000503,89.93,8,1,
2023-10-26 16:22:23,P-Usine_A-000503,89.93,8,1,
2023-10-26 16:24:45,P-Usine_A-000504,89.89,1,0,Visual Defect
2023-10-26 16:29:15,P-Usine_A-000505,90.49,9,1,
2023-10-26 16:31:03,P-Usine_A-000506,89.63,2,0,Visual Defect
2023-10-26 16:32:14,P-Usine_A-000507,90.74,4,1,
2023-10-26 16:33:06,P-Usine_A-000508,89.72,2,0,Visual Defect
2023-10-26 16:29:27,P-Usine_A-000509,90.3,10,1,
2023-10-26 16:36:17,P-Usine_A-000510,89.63,5,1,
2023-10-26 16:32:51,P-Usine_A-000511,89.63,8,1,
2023-10-26 16:30:20,P-Usine_A-000512,90.18,7,1,
2023-10-26 16:30:00,P-Usine_A-000513,90.04,4,1,
2023-10-26 16:36:17,P-Usine_A-000514,90.51,6,1,
2023-10-26 16:40:11,P-Usine_A-000515,89.54,9,1,
2023-10-26 16:35:19,P-Usine_A-000516,89.28,9,1,
2023-10-26 16:39:21,P-Usine_A-000517,89.65,8,1,
2023-10-26 16:35:02,P-Usine_A-000518,89.91,2,0,Visual Defect
2023-10-26 16:42:22,P-Usine_A-000519,89.67,10,1,
2023-10-26 16:38:55,P-Usine_A-000520,89.86,3,0,Visual Defect
2023-10-26 16:38:11,P-Usine_A-000521,89.91,2,0,Visual Defect
2023-10-26 16:43:34,P-Usine_A-000522,89.7,10,1,
2023-10-26 16:49:08,P-Usine_A-000523,89.9,7,1,
2023-10-26 16:45:41,P-Usine_A-000524,89.27,5,1,
2023-10-26 16:44:55,P-Usine_A-000525,90.75,5,1,
2023-10-26 16:47:11,P-Usine_A-000526,89.46,10,1,
2023-10-26 16:49:55,P-Usine_A-000527,89.91,999.9,0,Visual Defect
2023-10-26 16:46:07,P-Usine_A-000528,90.3,8,1,
2023-10-26 16:46:50,P-Usine_A-000529,88.72,7,1,
2023-10-26 16:54:09,P-Usine_A-000530,90.36,5,1,
2023-10-26 16:54:08,P-Usine_A-000531,90.19,8,1,
2023-10-26 16:50:45,P-Usine_A-000532,90.44,7,1,
2023-10-26 16:57:24,P-Usine_A-000533,89.32,5,1,
2023-10-26 16:53:39,P-Usine_A-000534,90.75,3,0,Visual Defect
2023-10-26 16:52:28,P-Usine_A-000535,89.32,1,0,Visual Defect
2023-10-26 16:54:17,P-Usine_A-000536,90.39,6,1,
2023-10-26 17:03:38,P-Usine_A-000537,91.52,8,1,
2023-10-26 17:00:26,P-Usine_A-000538,89.08,1,0,Visual Defect
2023-10-26 17:05:23,P-Usine_A-000539,90.04,3,0,Visual Defect
2023-10-26 17:05:23,P-Usine_A-000539,90.04,3,0,Visual Defect
2023-10-26 17:06:57,P-Usine_A-000540,89.44,7,1,
2023-10-26 16:59:40,P-Usine_A-000541,89.83,9,1,
2023-10-26 17:00:52,P-Usine_A-000542,89.95,5,1,
2023-10-26 17:05:49,P-Usine_A-000543,89.76,6,1,
2023-10-26 17:09:41,P-Usine_A-000544,90.21,3,0,Visual Defect
2023-10-26 17:04:15,P-Usine_A-000545,90.14,2,0,Visual Defect
2023-10-26 17:08:48,P-Usine_A-000546,90.29,1,0,Visual Defect
2023-10-26 17:08:48,P-Usine_A-000546,90.29,1,0,Visual Defect
2023-10-26 17:12:21,P-Usine_A-000547,90.05,5,1,
2023-10-26 17:09:28,P-Usine_A-000548,90.31,5,1,
2023-10-26 17:11:17,P-Usine_A-000549,90.3,9,1,
2023-10-26 17:15:44,P-Usine_A-000550,90.63,9,1,
2023-10-26 17:16:23,P-Usine_A-000551,89.73,2,0,Visual Defect
2023-10-26 17:09:51,P-Usine_A-000552,89.81,10,1,
2023-10-26 17:13:42,P-Usine_A-000553,89.91,8,1,
2023-10-26 17:12:47,P-Usine_A-000554,90.34,7,1,
2023-10-26 17:17:35,P-Usine_A-000555,90.64,7,1,
2023-10-26 17:18:47,P-Usine_A-000556,90.44,6,1,
2023-10-26 17:14:28,P-Usine_A-000557,90.02,7,1,
2023-10-26 17:15:36,P-Usine_A-000558,89.71,1,0,Visual Defect
2023-10-26 17:22:28,P-Usine_A-000559,89.72,9,1,
2023-10-26 17:21:47,P-Usine_A-000560,89.75,4,1,
2023-10-26 17:17:42,P-Usine_A-000561,90.07,4,1,
2023-10-26 17:20:51,P-Usine_A-000562,90.45,3,0,Visual Defect
2023-10-26 17:19:32,P-Usine_A-000563,89.32,4,1,
2023-10-26 17:21:35,P-Usine_A-000564,90.2,10,1,
2023-10-26 17:24:25,P-Usine_A-000565,90.44,10,1,
2023-10-26 17:22:17,P-Usine_A-000566,89.88,7,1,
2023-10-26 17:32:10,P-Usine_A-000567,90.1,10,1,
2023-10-26 17:31:19,P-Usine_A-000568,90.65,10,1,
2023-10-26 17:33:10,P-Usine_A-000569,90.61,4,1,
2023-10-26 17:35:06,P-Usine_A-000570,89.83,1,0,Visual Defect
2023-10-26 17:33:15,P-Usine_A-000571,89.63,4,1,
2023-10-26 17:32:37,P-Usine_A-000572,89.78,6,1,
2023-10-26 17:39:27,P-Usine_A-000573,89.61,10,1,
2023-10-26 17:37:44,P-Usine_A-000574,89.84,4,1,
2023-10-26 17:38:14,P-Usine_A-000575,90.79,,1,
2023-10-26 17:38:42,P-Usine_A-000576,89.5,7,1,
2023-10-26 17:40:56,P-Usine_A-000577,89.78,2,0,Visual Defect
2023-10-26 17:41:04,P-Usine_A-000578,90.82,5,1,
2023-10-26 17:44:18,P-Usine_A-000579,90.73,7,1,
2023-10-26 17:39:21,P-Usine_A-000580,88.88,6,1,
2023-10-26 17:46:19,P-Usine_A-000581,90.06,8,1,
2023-10-26 17:43:01,P-Usine_A-000582,90.65,8,1,
2023-10-26 17:48:10,P-Usine_A-000583,90.52,7,1,
2023-10-26 17:48:13,P-Usine_A-000584,89.76,9,1,
2023-10-26 17:43:13,P-Usine_A-000585,90.01,7,1,
2023-10-26 17:48:06,P-Usine_A-000586,89.66,1,0,Visual Defect
2023-10-26 17:49:36,P-Usine_A-000587,89.6,10,1,
2023-10-26 17:45:57,P-Usine_A-000588,89.12,6,1,
2023-10-26 17:47:02,P-Usine_A-000589,88.97,2,0,Visual Defect
2023-10-26 17:47:02,P-Usine_A-000589,88.97,2,0,Visual Defect
2023-10-26 17:46:57,P-Usine_A-000590,89.4,8,1,
2023-10-26 17:48:15,P-Usine_A-000591,90.09,5,1,
2023-10-26 17:52:11,P-Usine_A-000592,89.37,8,1,
2023-10-26 17:55:03,P-Usine_A-000593,90.54,7,1,
2023-10-26 18:00:29,P-Usine_A-000594,90.26,8,1,
2023-10-26 17:57:09,P-Usine_A-000595,89.61,7,1,
2023-10-26 18:03:00,P-Usine_A-000596,90.38,1,0,Visual Defect
2023-10-26 17:58:35,P-Usine_A-000597,89.46,8,1,
2023-10-26 17:56:47,P-Usine_A-000598,89.02,2,0,Visual Defect
2023-10-26 18:01:42,P-Usine_A-000599,89.73,10,1,
2023-10-26 18:03:32,P-Usine_A-000600,90.23,4,1,
2023-10-26 18:07:03,P-Usine_A-000601,89.7,5,1,
2023-10-26 18:04:24,P-Usine_A-000602,89.85,9,1,
2023-10-26 18:06:02,P-Usine_A-000603,88.69,2,0,Visual Defect
2023-10-26 18:06:10,P-Usine_A-000604,89.3,2,0,Visual Defect
2023-10-26 18:05:23,P-Usine_A-000605,90.35,10,1,
2023-10-26 18:12:00,P-Usine_A-000606,90.55,7,1,
2023-10-26 18:07:06,P-Usine_A-000607,89.9,3,0,Visual Defect
2023-10-26 18:09:21,P-Usine_A-000608,90.63,5,1,
2023-10-26 18:11:50,P-Usine_A-000609,90.6,1,0,Visual Defect
2023-10-26 18:13:32,P-Usine_A-000610,89.53,6,999.9,
2023-10-26 18:15:31,P-Usine_A-000611,89.85,4,1,
2023-10-26 18:15:09,P-Usine_A-000612,90.37,10,1,
2023-10-26 18:17:26,P-Usine_A-000613,89.19,2,0,Visual Defect
2023-10-26 18:15:22,P-Usine_A-000614,90.09,2,0,Visual Defect
2023-10-26 18:14:06,P-Usine_A-000615,89.69,1,0,Visual Defect
2023-10-26 18:14:33,P-Usine_A-000616,90.26,7,1,
2023-10-26 18:14:55,P-Usine_A-000617,89.41,1,0,Visual Defect
2023-10-26 18:14:55,P-Usine_A-000617,89.41,1,0,Visual Defect
2023-10-26 18:17:16,P-Usine_A-000618,90.21,4,1,
2023-10-26 18:22:09,P-Usine_A-000619,90.35,4,1,
2023-10-26 18:23:55,P-Usine_A-000620,89.97,2,0,Visual Defect
2023-10-26 18:21:53,P-Usine_A-000621,89.89,2,0,Visual Defect
2023-10-26 18:22:40,P-Usine_A-000622,89.5,8,1,
2023-10-26 18:28:23,P-Usine_A-000623,90.49,10,1,
2023-10-26 18:30:00,P-Usine_A-000624,90.02,10,1,
2023-10-26 18:27:45,P-Usine_A-000625,89.95,9,1,
2023-10-26 18:28:21,P-Usine_A-000626,89.53,3,0,Visual Defect
2023-10-26 18:33:29,P-Usine_A-000627,90.0,8,1,
2023-10-26 18:28:15,P-Usine_A-000628,90.37,3,0,Visual Defect
2023-10-26 18:28:15,P-Usine_A-000628,90.37,3,0,Visual Defect
2023-10-26 18:33:18,P-Usine_A-000629,999.9,2,0,Visual Defect
2023-10-26 18:29:53,P-Usine_A-000630,90.63,5,1,
2023-10-26 18:29:53,P-Usine_A-000630,90.63,5,1,
2023-10-26 18:36:22,P-Usine_A-000631,89.58,4,1,
2023-10-26 18:31:47,P-Usine_A-000632,90.49,9,1,
2023-10-26 18:39:04,P-Usine_A-000633,90.65,7,1,
2023-10-26 18:37:01,P-Usine_A-000634,999.9,4,1,
2023-10-26 18:33:06,P-Usine_A-000635,89.76,7,1,
2023-10-26 18:33:21,P-Usine_A-000636,89.75,1,0,Visual Defect
2023-10-26 18:41:20,P-Usine_A-000637,90.69,1,0,Visual Defect
2023-10-26 18:40:54,P-Usine_A-000638,88.91,9,1,
2023-10-26 18:41:37,P-Usine_A-000639,89.74,1,0,Visual Defect
2023-10-26 18:45:36,P-Usine_A-000640,90.96,6,1,
2023-10-26 18:48:08,P-Usine_A-000641,89.48,3,0,Visual Defect
2023-10-26 18:48:08,P-Usine_A-000641,89.48,3,0,Visual Defect
2023-10-26 18:44:33,P-Usine_A-000642,89.99,9,1,
2023-10-26 18:45:26,P-Usine_A-000643,90.62,10,1,
2023-10-26 18:45:26,P-Usine_A-000643,90.62,10,1,
2023-10-26 18:51:05,P-Usine_A-000644,90.3,5,1,
2023-10-26 18:49:40,P-Usine_A-000645,90.12,1,0,Visual Defect
2023-10-26 18:50:37,P-Usine_A-000646,89.57,5,1,
2023-10-26 18:51:11,P-Usine_A-000647,89.75,10,1,
2023-10-26 18:54:33,P-Usine_A-000648,90.38,9,1,
2023-10-26 18:51:22,P-Usine_A-000649,89.97,6,1,
2023-10-26 18:48:06,P-Usine_A-000650,90.3,5,1,
2023-10-26 18:55:56,P-Usine_A-000651,90.2,7,1,
2023-10-26 18:55:13,P-Usine_A-000652,89.78,9,1,
2023-10-26 18:50:30,P-Usine_A-000653,90.44,9,1,
2023-10-26 18:51:28,P-Usine_A-000654,90.36,9,1,
2023-10-26 18:57:46,P-Usine_A-000655,88.74,7,1,
2023-10-26 19:02:14,P-Usine_A-000656,90.77,6,1,
2023-10-26 19:00:52,P-Usine_A-000657,89.7,1,0,Visual Defect
2023-10-26 19:00:29,P-Usine_A-000658,88.91,5,1,
2023-10-26 18:57:08,P-Usine_A-000659,89.85,10,999.9,
2023-10-26 19:02:14,P-Usine_A-000660,89.82,10,1,
2023-10-26 19:00:20,P-Usine_A-000661,90.47,9,1,
2023-10-26 19:04:28,P-Usine_A-000662,89.82,10,1,
2023-10-26 19:02:57,P-Usine_A-000663,90.37,3,0,Visual Defect
2023-10-26 19:09:49,P-Usine_A-000664,90.7,10,1,
2023-10-26 19:08:40,P-Usine_A-000665,89.12,4,1,
2023-10-26 19:11:23,P-Usine_A-000666,89.09,5,1,
2023-10-26 19:13:49,P-Usine_A-000667,90.05,10,1,
2023-10-26 19:12:15,P-Usine_A-000668,90.37,7,1,
2023-10-26 19:12:58,P-Usine_A-000669,89.63,10,1,
2023-10-26 19:08:09,P-Usine_A-000670,89.75,9,1,
2023-10-26 19:10:20,P-Usine_A-000671,90.83,6,1,
2023-10-26 19:16:47,P-Usine_A-000672,90.41,4,1,
2023-10-26 19:13:00,P-Usine_A-000673,89.52,4,1,
2023-10-26 19:20:20,P-Usine_A-000674,89.22,1,0,Visual Defect
2023-10-26 19:12:47,P-Usine_A-000675,90.31,6,1,
2023-10-26 19:20:23,P-Usine_A-000676,90.02,9,1,
2023-10-26 19:22:42,P-Usine_A-000677,89.89,1,0,Visual Defect
2023-10-26 19:18:28,P-Usine_A-000678,90.19,6,1,
2023-10-26 19:19:31,P-Usine_A-000679,90.17,3,,Visual Defect
2023-10-26 19:21:39,P-Usine_A-000680,91.13,5,1,
2023-10-26 19:21:12,P-Usine_A-000681,89.89,6,1,
2023-10-26 19:26:26,P-Usine_A-000682,89.72,10,1,
2023-10-26 19:21:45,P-Usine_A-000683,90.23,9,1,
2023-10-26 19:24:05,P-Usine_A-000684,89.72,10,1,
2023-10-26 19:21:59,P-Usine_A-000685,90.52,8,1,
2023-10-26 19:27:54,P-Usine_A-000686,91.25,2,0,Visual Defect
2023-10-26 19:31:54,P-Usine_A-000687,89.73,3,0,Visual Defect
2023-10-26 19:31:08,P-Usine_A-000688,89.65,10,1,
2023-10-26 19:29:59,P-Usine_A-000689,89.32,9,1,
2023-10-26 19:34:15,P-Usine_A-000690,89.24,5,1,
2023-10-26 19:34:15,P-Usine_A-000690,89.24,5,1,
2023-10-26 19:27:48,P-Usine_A-000691,89.79,9,1,
2023-10-26 19:33:06,P-Usine_A-000692,89.63,7,1,
2023-10-26 19:35:59,P-Usine_A-000693,90.02,6,1,
2023-10-26 19:32:15,P-Usine_A-000694,89.77,9,1,
2023-10-26 19:33:00,P-Usine_A-000695,89.46,7,1,
2023-10-26 19:40:12,P-Usine_A-000696,89.02,8,1,
2023-10-26 19:39:36,P-Usine_A-000697,89.71,10,1,
2023-10-26 19:38:49,P-Usine_A-000698,90.34,5,1,
2023-10-26 19:42:57,P-Usine_A-000699,89.7,6,1,
2023-10-26 19:40:29,P-Usine_A-000700,90.35,10,1,
2023-10-26 19:43:10,P-Usine_A-000701,90.19,2,0,Visual Defect
2023-10-26 19:40:56,P-Usine_A-000702,90.14,7,1,
2023-10-26 19:45:52,P-Usine_A-000703,89.61,8,1,
2023-10-26 19:49:52,P-Usine_A-000704,999.9,2,0,Visual Defect
2023-10-26 19:51:25,P-Usine_A-000705,90.03,10,1,
2023-10-26 19:48:54,P-Usine_A-000706,90.09,4,1,
2023-10-26 19:47:55,P-Usine_A-000707,90.02,3,0,Visual Defect
2023-10-26 19:54:02,P-Usine_A-000708,89.39,8,1,
2023-10-26 19:52:20,P-Usine_A-000709,90.26,2,0,Visual Defect
2023-10-26 19:47:57,P-Usine_A-000710,90.75,4,1,
2023-10-26 19:52:01,P-Usine_A-000711,90.38,3,0,Visual Defect
2023-10-26 19:54:44,P-Usine_A-000712,90.06,1,0,Visual Defect
2023-10-26 19:52:15,P-Usine_A-000713,90.59,7,1,
2023-10-26 19:50:54,P-Usine_A-000714,90.19,5,1,
2023-10-26 19:56:52,P-Usine_A-000715,90.09,2,0,Visual Defect
2023-10-26 19:56:49,P-Usine_A-000716,90.78,8,1,
2023-10-26 20:02:03,P-Usine_A-000717,90.38,6,1,
2023-10-26 19:54:27,P-Usine_A-000718,90.45,7,1,
2023-10-26 19:55:41,P-Usine_A-000719,90.11,3,0,Visual Defect
2023-10-26 19:59:08,P-Usine_A-000720,89.01,5,1,
2023-10-26 19:58:23,P-Usine_A-000721,90.41,1,0,Visual Defect
2023-10-26 20:03:17,P-Usine_A-000722,90.27,5,1,
2023-10-26 20:00:55,P-Usine_A-000723,90.92,8,1,
2023-10-26 20:08:14,P-Usine_A-000724,90.36,9,1,
2023-10-26 20:07:02,P-Usine_A-000725,90.17,9,1,
2023-10-26 20:08:03,P-Usine_A-000726,88.94,2,0,Visual Defect
2023-10-26 20:06:11,P-Usine_A-000727,91.01,1,0,Visual Defect
2023-10-26 20:09:06,P-Usine_A-000728,89.8,1,0,Visual Defect
2023-10-26 20:07:26,P-Usine_A-000729,89.06,1,0,Visual Defect
2023-10-26 20:10:58,P-Usine_A-000730,90.97,9,1,
2023-10-26 20:13:48,P-Usine_A-000731,89.12,6,1,
2023-10-26 20:13:48,P-Usine_A-000731,89.12,6,1,
2023-10-26 20:13:56,P-Usine_A-000732,90.87,6,1,
2023-10-26 20:17:31,P-Usine_A-000733,89.65,9,1,
2023-10-26 20:17:58,P-Usine_A-000734,90.12,4,1,
2023-10-26 20:12:33,P-Usine_A-000735,90.33,10,1,
2023-10-26 20:21:49,P-Usine_A-000736,90.06,7,1,
2023-10-26 20:16:10,P-Usine_A-000737,89.43,3,999.9,Visual Defect
2023-10-26 20:21:42,P-Usine_A-000738,89.57,3,0,Visual Defect
2023-10-26 20:19:01,P-Usine_A-000739,90.08,2,0,Visual Defect
2023-10-26 20:17:27,P-Usine_A-000740,89.33,1,0,Visual Defect
2023-10-26 20:23:23,P-Usine_A-000741,90.47,4,1,
2023-10-26 20:27:13,P-Usine_A-000742,90.52,9,1,
2023-10-26 20:22:40,P-Usine_A-000743,89.73,2,0,Visual Defect
2023-10-26 20:22:03,P-Usine_A-000744,90.15,3,0,Visual Defect
2023-10-26 20:23:39,P-Usine_A-000745,89.24,7,1,
2023-10-26 20:25:58,P-Usine_A-000746,90.27,2,0,Visual Defect
2023-10-26 20:25:58,P-Usine_A-000746,90.27,2,0,Visual Defect
2023-10-26 20:28:32,P-Usine_A-000747,89.95,2,0,Visual Defect
2023-10-26 20:31:51,P-Usine_A-000748,89.26,5,1,
2023-10-26 20:27:34,P-Usine_A-000749,89.38,8,1,
2023-10-26 20:35:21,P-Usine_A-000750,90.53,8,1,
2023-10-26 20:31:57,P-Usine_A-000751,89.39,1,0,Visual Defect
2023-10-26 20:30:20,P-Usine_A-000752,89.64,8,1,
2023-10-26 20:39:11,P-Usine_A-000753,90.61,1,0,Visual Defect
2023-10-26 20:39:47,P-Usine_A-000754,89.72,7,1,
2023-10-26 20:34:01,P-Usine_A-000755,90.04,2,0,Visual Defect
2023-10-26 20:38:54,P-Usine_A-000756,89.57,8,1,
2023-10-26 20:42:30,P-Usine_A-000757,90.89,8,1,
2023-10-26 20:36:37,P-Usine_A-000758,90.44,1,0,Visual Defect
2023-10-26 20:42:55,P-Usine_A-000759,90.09,2,0,Visual Defect
2023-10-26 20:38:30,P-Usine_A-000760,90.73,5,1,
2023-10-26 20:42:47,P-Usine_A-000761,90.33,2,0,Visual Defect
2023-10-26 20:42:48,P-Usine_A-000762,88.77,6,1,
2023-10-26 20:42:48,P-Usine_A-000762,88.77,6,1,
2023-10-26 20:47:00,P-Usine_A-000763,90.03,5,1,
2023-10-26 20:47:10,P-Usine_A-000764,90.57,2,0,Visual Defect
2023-10-26 20:45:18,P-Usine_A-000765,89.82,2,0,Visual Defect
2023-10-26 20:43:21,P-Usine_A-000766,90.95,1,999.9,Visual Defect
2023-10-26 20:46:49,P-Usine_A-000767,89.82,1,0,Visual Defect
2023-10-26 20:49:55,P-Usine_A-000768,89.8,7,1,
2023-10-26 20:50:46,P-Usine_A-000769,89.68,4,1,
2023-10-26 20:50:46,P-Usine_A-000769,89.68,4,1,
2023-10-26 20:47:15,P-Usine_A-000770,89.7,7,1,
2023-10-26 20:51:29,P-Usine_A-000771,90.27,6,1,
2023-10-26 20:56:54,P-Usine_A-000772,90.52,7,1,
2023-10-26 20:50:23,P-Usine_A-000773,89.58,4,1,
2023-10-26 20:51:40,P-Usine_A-000774,90.43,1,0,Visual Defect
2023-10-26 20:57:38,P-Usine_A-000775,88.96,6,1,
2023-10-26 20:55:27,P-Usine_A-000776,91.1,8,1,
2023-10-26 20:54:57,P-Usine_A-000777,90.48,1,0,Visual Defect
2023-10-26 21:02:54,P-Usine_A-000778,90.47,5,1,
2023-10-26 21:04:56,P-Usine_A-000779,89.99,6,1,
2023-10-26 20:59:57,P-Usine_A-000780,89.31,5,1,
2023-10-26 21:01:55,P-Usine_A-000781,90.68,2,0,
2023-10-26 21:02:31,P-Usine_A-000782,90.11,4,1,
2023-10-26 21:04:36,P-Usine_A-000783,90.24,9,1,
2023-10-26 21:04:33,P-Usine_A-000784,89.84,6,1,
2023-10-26 21:10:39,P-Usine_A-000785,90.52,2,0,Visual Defect
2023-10-26 21:07:25,P-Usine_A-000786,89.78,5,1,
2023-10-26 21:10:31,P-Usine_A-000787,90.48,1,0,Visual Defect
2023-10-26 21:13:40,P-Usine_A-000788,90.39,7,1,
2023-10-26 21:14:45,P-Usine_A-000789,90.22,6,1,
2023-10-26 21:11:06,P-Usine_A-000790,89.42,3,0,Visual Defect
2023-10-26 21:12:35,P-Usine_A-000791,89.09,8,1,
2023-10-26 21:12:35,P-Usine_A-000791,89.09,8,1,
2023-10-26 21:15:56,P-Usine_A-000792,90.17,8,1,
2023-10-26 21:19:14,P-Usine_A-000793,89.6,6,1,
2023-10-26 21:14:57,P-Usine_A-000794,91.1,2,0,Visual Defect
2023-10-26 21:18:20,P-Usine_A-000795,90.08,5,1,
2023-10-26 21:18:05,P-Usine_A-000796,90.31,1,0,Visual Defect
2023-10-26 21:19:54,P-Usine_A-000797,89.9,2,0,Visual Defect
2023-10-26 21:22:15,P-Usine_A-000798,89.26,10,1,
2023-10-26 21:23:29,P-Usine_A-000799,88.81,5,1,
2023-10-26 21:18:21,P-Usine_A-000800,89.84,7,1,
2023-10-26 21:27:31,P-Usine_A-000801,90.78,3,0,Visual Defect
2023-10-26 21:21:45,P-Usine_A-000802,89.35,8,1,
2023-10-26 21:23:31,P-Usine_A-000803,90.25,8,1,
2023-10-26 21:30:26,P-Usine_A-000804,89.37,8,1,
2023-10-26 21:31:39,P-Usine_A-000805,90.26,7,1,
2023-10-26 21:30:59,P-Usine_A-000806,90.16,1,0,Visual Defect
2023-10-26 21:32:13,P-Usine_A-000807,90.63,2,0,Visual Defect
2023-10-26 21:25:19,P-Usine_A-000808,89.77,7,1,
2023-10-26 21:28:12,P-Usine_A-000809,90.2,7,1,
2023-10-26 21:35:10,P-Usine_A-000810,90.15,5,1,
2023-10-26 21:36:06,P-Usine_A-000811,90.12,9,1,
2023-10-26 21:35:06,P-Usine_A-000812,90.14,10,1,
2023-10-26 21:39:43,P-Usine_A-000813,89.85,4,1,
2023-10-26 21:31:45,P-Usine_A-000814,89.76,9,1,
2023-10-26 21:35:32,P-Usine_A-000815,90.81,10,1,
2023-10-26 21:42:23,P-Usine_A-000816,89.67,4,1,
2023-10-26 21:38:21,P-Usine_A-000817,90.02,6,1,
2023-10-26 21:42:16,P-Usine_A-000818,89.65,999.9,1,
2023-10-26 21:44:21,P-Usine_A-000819,89.3,10,1,
2023-10-26 21:44:25,P-Usine_A-000820,89.2,8,1,
2023-10-26 21:46:52,P-Usine_A-000821,90.56,9,1,
2023-10-26 21:47:11,P-Usine_A-000822,89.75,10,1,
2023-10-26 21:42:34,P-Usine_A-000823,91.39,2,0,Visual Defect
2023-10-26 21:48:43,P-Usine_A-000824,90.47,3,0,Visual Defect
2023-10-26 21:49:59,P-Usine_A-000825,90.71,2,0,Visual Defect
2023-10-26 21:44:59,P-Usine_A-000826,89.31,7,1,
2023-10-26 21:45:24,P-Usine_A-000827,88.87,9,1,
2023-10-26 21:49:22,P-Usine_A-000828,90.28,3,0,Visual Defect
2023-10-26 21:47:46,P-Usine_A-000829,90.09,7,1,
2023-10-26 21:49:53,P-Usine_A-000830,90.21,2,0,Visual Defect
2023-10-26 21:54:26,P-Usine_A-000831,90.03,7,1,
2023-10-26 21:57:33,P-Usine_A-000832,89.92,10,1,
2023-10-26 21:51:36,P-Usine_A-000833,90.03,6,1,
2023-10-26 21:53:56,P-Usine_A-000834,89.48,4,1,
2023-10-26 21:52:50,P-Usine_A-000835,90.34,5,1,
2023-10-26 21:57:02,P-Usine_A-000836,89.88,2,0,Visual Defect
2023-10-26 21:56:58,P-Usine_A-000837,89.87,3,0,Visual Defect
2023-10-26 21:56:41,P-Usine_A-000838,89.62,5,1,
2023-10-26 22:03:53,P-Usine_A-000839,90.27,2,0,Visual Defect
2023-10-26 22:03:54,P-Usine_A-000840,90.59,7,1,
2023-10-26 21:58:25,P-Usine_A-000841,90.52,5,1,
2023-10-26 22:05:09,P-Usine_A-000842,89.37,9,1,
2023-10-26 22:03:52,P-Usine_A-000843,90.5,6,1,
2023-10-26 22:10:20,P-Usine_A-000844,89.69,8,1,
2023-10-26 22:09:30,P-Usine_A-000845,90.03,3,0,Visual Defect
2023-10-26 22:10:46,P-Usine_A-000846,90.23,10,1,
2023-10-26 22:10:10,P-Usine_A-000847,90.31,8,1,
2023-10-26 22:14:26,P-Usine_A-000848,89.59,8,1,
2023-10-26 22:15:03,P-Usine_A-000849,90.46,4,1,
2023-10-26 22:12:21,P-Usine_A-000850,89.99,4,1,
2023-10-26 22:15:59,P-Usine_A-000851,90.33,10,1,
2023-10-26 22:14:49,P-Usine_A-000852,89.64,8,1,
2023-10-26 22:10:41,P-Usine_A-000853,90.13,9,1,
2023-10-26 22:15:15,P-Usine_A-000854,90.22,3,0,Visual Defect
2023-10-26 22:13:54,P-Usine_A-000855,89.12,8,1,
2023-10-26 22:19:21,P-Usine_A-000856,90.0,3,0,Visual Defect
2023-10-26 22:14:41,P-Usine_A-000857,90.22,9,1,
2023-10-26 22:18:05,P-Usine_A-000858,90.1,4,1,
2023-10-26 22:21:12,P-Usine_A-000859,90.66,4,1,
2023-10-26 22:23:28,P-Usine_A-000860,89.36,10,1,
2023-10-26 22:19:51,P-Usine_A-000861,89.4,6,1,
2023-10-26 22:25:41,,90.15,2,0,Visual Defect
2023-10-26 22:26:17,P-Usine_A-000863,89.48,7,1,
2023-10-26 22:21:45,P-Usine_A-000864,90.24,9,1,
2023-10-26 22:24:55,P-Usine_A-000865,90.95,3,0,Visual Defect
2023-10-26 22:25:03,P-Usine_A-000866,90.41,8,1,
2023-10-26 22:24:47,P-Usine_A-000867,90.65,5,1,
2023-10-26 22:35:08,P-Usine_A-000868,89.54,2,0,Visual Defect
2023-10-26 22:35:12,P-Usine_A-000869,90.08,3,0,Visual Defect
2023-10-26 22:28:33,P-Usine_A-000870,90.02,2,0,Visual Defect
2023-10-26 22:34:45,P-Usine_A-000871,90.06,10,1,
2023-10-26 22:30:26,P-Usine_A-000872,90.08,3,0,Visual Defect
2023-10-26 22:31:23,P-Usine_A-000873,89.59,4,1,
2023-10-26 22:40:44,P-Usine_A-000874,90.04,4,1,
2023-10-26 22:35:47,P-Usine_A-000875,89.27,2,0,Visual Defect
2023-10-26 22:34:57,P-Usine_A-000876,89.97,4,1,
2023-10-26 22:43:49,P-Usine_A-000877,90.75,1,0,Visual Defect
2023-10-26 22:43:43,P-Usine_A-000878,90.07,10,1,
2023-10-26 22:43:43,P-Usine_A-000878,90.07,10,1,
2023-10-26 22:42:39,P-Usine_A-000879,89.45,4,1,
2023-10-26 22:43:34,P-Usine_A-000880,90.44,1,0,Visual Defect
2023-10-26 22:40:28,P-Usine_A-000881,90.03,7,1,
2023-10-26 22:43:17,P-Usine_A-000882,89.83,1,0,Visual Defect
2023-10-26 22:44:39,P-Usine_A-000883,88.75,10,1,
2023-10-26 22:47:10,P-Usine_A-000884,90.52,7,1,
2023-10-26 22:44:09,P-Usine_A-000885,90.72,4,1,
2023-10-26 22:46:53,P-Usine_A-000886,90.15,7,1,
2023-10-26 22:51:08,P-Usine_A-000887,90.33,2,0,Visual Defect
2023-10-26 22:51:49,P-Usine_A-000888,91.09,10,1,
2023-10-26 22:47:16,P-Usine_A-000889,89.68,2,0,Visual Defect
2023-10-26 22:49:17,P-Usine_A-000890,89.52,3,0,Visual Defect
2023-10-26 22:51:21,P-Usine_A-000891,90.17,4,1,
2023-10-26 22:55:02,P-Usine_A-000892,89.95,9,1,
2023-10-26 22:59:16,P-Usine_A-000893,90.32,9,1,
2023-10-26 22:59:48,P-Usine_A-000894,90.3,8,1,
2023-10-26 22:53:49,P-Usine_A-000895,89.22,2,0,999.9
2023-10-26 22:57:46,P-Usine_A-000896,90.33,10,1,
2023-10-26 22:55:21,P-Usine_A-000897,90.33,10,1,
2023-10-26 22:56:24,P-Usine_A-000898,90.33,1,0,Visual Defect
2023-10-26 23:05:39,P-Usine_A-000899,89.21,8,1,
2023-10-26 22:59:51,P-Usine_A-000900,89.47,8,1,
2023-10-26 22:59:53,P-Usine_A-000901,91.17,5,1,
2023-10-26 23:08:49,P-Usine_A-000902,90.6,1,0,Visual Defect
2023-10-26 23:03:46,P-Usine_A-000903,90.08,6,1,
2023-10-26 23:08:15,P-Usine_A-000904,89.04,3,0,Visual Defect
2023-10-26 23:07:04,P-Usine_A-000905,89.63,8,1,
2023-10-26 23:04:31,P-Usine_A-000906,89.89,1,0,Visual Defect
2023-10-26 23:04:27,P-Usine_A-000907,89.9,1,0,Visual Defect
2023-10-26 23:05:58,P-Usine_A-000908,90.01,4,1,
2023-10-26 23:09:49,P-Usine_A-000909,90.13,10,1,
2023-10-26 23:12:28,P-Usine_A-000910,90.64,7,1,
2023-10-26 23:13:21,P-Usine_A-000911,89.89,9,1,
2023-10-26 23:09:16,P-Usine_A-000912,90.09,6,1,
2023-10-26 23:18:20,P-Usine_A-000913,89.47,5,1,
2023-10-26 23:16:14,P-Usine_A-000914,90.14,7,1,
2023-10-26 23:17:37,P-Usine_A-000915,89.91,6,1,
2023-10-26 23:21:25,P-Usine_A-000916,89.46,5,1,
2023-10-26 23:17:57,P-Usine_A-000917,89.91,4,1,
2023-10-26 23:19:21,P-Usine_A-000918,90.01,10,1,
2023-10-26 23:18:22,P-Usine_A-000919,89.94,1,0,Visual Defect
2023-10-26 23:17:24,P-Usine_A-000920,89.95,1,0,Visual Defect
2023-10-26 23:26:20,P-Usine_A-000921,90.37,2,0,Visual Defect
2023-10-26 23:20:49,P-Usine_A-000922,90.3,10,1,
2023-10-26 23:29:09,P-Usine_A-000923,89.99,8,1,
2023-10-26 23:28:43,P-Usine_A-000924,88.95,5,1,
2023-10-26 23:28:19,P-Usine_A-000925,89.74,999.9,1,
2023-10-26 23:23:40,P-Usine_A-000926,90.34,10,1,
2023-10-26 23:30:24,P-Usine_A-000927,89.8,3,0,Visual Defect
2023-10-26 23:33:22,P-Usine_A-000928,89.41,10,1,
2023-10-26 23:31:21,P-Usine_A-000929,89.07,5,1,
2023-10-26 23:32:57,P-Usine_A-000930,89.72,1,0,Visual Defect
2023-10-26 23:37:31,P-Usine_A-000931,89.64,7,1,
2023-10-26 23:36:46,P-Usine_A-000932,89.64,2,0,Visual Defect
2023-10-26 23:34:18,P-Usine_A-000933,90.31,2,0,Visual Defect
2023-10-26 23:35:29,P-Usine_A-000934,90.34,5,1,
2023-10-26 23:34:07,P-Usine_A-000935,89.56,4,1,
2023-10-26 23:40:27,P-Usine_A-000936,90.25,1,0,Visual Defect
2023-10-26 23:36:37,P-Usine_A-000937,90.4,10,1,
2023-10-26 23:44:45,P-Usine_A-000938,90.32,5,1,
2023-10-26 23:43:15,P-Usine_A-000939,90.5,4,1,
2023-10-26 23:43:58,P-Usine_A-000940,89.82,10,1,
2023-10-26 23:48:46,P-Usine_A-000941,89.82,4,1,
2023-10-26 23:42:22,P-Usine_A-000942,89.48,10,1,
2023-10-26 23:42:22,P-Usine_A-000942,89.48,10,1,
2023-10-26 23:48:00,P-Usine_A-000943,89.61,9,1,
2023-10-26 23:45:42,P-Usine_A-000944,89.86,,1,
2023-10-26 23:45:51,P-Usine_A-000945,90.6,4,1,
2023-10-26 23:45:47,P-Usine_A-000946,89.4,4,1,
2023-10-26 23:44:57,P-Usine_A-000947,90.15,6,1,
2023-10-26 23:53:02,P-Usine_A-000948,89.33,3,0,Visual Defect
2023-10-26 23:48:32,P-Usine_A-000949,89.84,5,1,
2023-10-26 23:54:51,P-Usine_A-000950,89.8,5,1,
2023-10-26 23:53:29,P-Usine_A-000951,90.07,9,1,
2023-10-26 23:59:45,P-Usine_A-000952,90.72,2,0,Visual Defect
2023-10-26 23:59:46,P-Usine_A-000953,89.94,8,1,
2023-10-26 23:55:41,P-Usine_A-000954,89.72,10,1,
2023-10-26 23:55:51,P-Usine_A-000955,90.42,8,1,
2023-10-26 23:59:34,P-Usine_A-000956,90.66,4,1,
2023-10-26 23:59:24,P-Usine_A-000957,88.85,7,1,
2023-10-26 23:57:04,P-Usine_A-000958,89.17,7,1,
2023-10-27 00:00:34,P-Usine_A-000959,89.33,4,,
2023-10-26 23:58:58,P-Usine_A-000960,90.33,8,1,
2023-10-27 00:03:42,P-Usine_A-000961,89.38,3,0,Visual Defect
2023-10-27 00:02:51,P-Usine_A-000962,90.43,3,0,Visual Defect
2023-10-27 00:01:33,P-Usine_A-000963,90.68,10,1,
2023-10-27 00:03:17,P-Usine_A-000964,90.22,2,0,Visual Defect
2023-10-27 00:05:51,P-Usine_A-000965,89.92,8,1,
2023-10-27 00:04:30,P-Usine_A-000966,90.32,2,0,Visual Defect
2023-10-27 00:07:10,P-Usine_A-000967,90.81,8,1,
2023-10-27 00:14:30,P-Usine_A-000968,89.96,1,0,Visual Defect
2023-10-27 00:15:21,P-Usine_A-000969,89.77,3,999.9,Visual Defect
2023-10-27 00:16:24,P-Usine_A-000970,89.39,3,0,Visual Defect
2023-10-27 00:09:28,P-Usine_A-000971,90.27,1,0,Visual Defect
2023-10-27 00:17:03,P-Usine_A-000972,89.45,9,1,
2023-10-27 00:15:11,P-Usine_A-000973,90.39,1,0,Visual Defect
2023-10-27 00:12:16,P-Usine_A-000974,90.61,6,1,
2023-10-27 00:13:15,P-Usine_A-000975,90.99,6,1,
2023-10-27 00:18:00,P-Usine_A-000976,,8,1,
2023-10-27 00:16:08,P-Usine_A-000977,90.29,7,1,
2023-10-27 00:21:25,P-Usine_A-000978,88.82,9,1,
2023-10-27 00:18:45,P-Usine_A-000979,89.98,9,1,
2023-10-27 00:25:39,P-Usine_A-000980,90.65,2,0,Visual Defect
2023-10-27 00:25:07,P-Usine_A-000981,89.83,7,1,
2023-10-27 00:20:19,P-Usine_A-000982,90.6,6,1,
2023-10-27 00:27:02,P-Usine_A-000983,89.9,3,0,Visual Defect
2023-10-27 00:28:42,P-Usine_A-000984,89.41,9,1,
2023-10-27 00:31:12,P-Usine_A-000985,89.74,7,1,
2023-10-27 00:24:56,P-Usine_A-000986,89.56,5,1,
2023-10-27 00:27:04,P-Usine_A-000987,90.88,9,1,
2023-10-27 00:27:04,P-Usine_A-000987,90.88,9,1,
2023-10-27 00:28:00,P-Usine_A-000988,89.97,9,1,
2023-10-27 00:34:24,P-Usine_A-000989,89.65,4,1,
2023-10-27 00:29:46,P-Usine_A-000990,90.27,2,0,Visual Defect
2023-10-27 00:34:58,P-Usine_A-000991,90.37,7,1,
2023-10-27 00:33:50,P-Usine_A-000992,90.6,2,0,Visual Defect
2023-10-27 00:35:45,P-Usine_A-000993,89.87,5,1,
2023-10-27 00:40:33,P-Usine_A-000994,88.54,7,1,
2023-10-27 00:41:13,P-Usine_A-000995,89.77,1,0,Visual Defect
2023-10-27 00:42:11,P-Usine_A-000996,89.93,1,0,Visual Defect
2023-10-27 00:40:56,P-Usine_A-000997,89.95,10,1,
2023-10-27 00:44:30,P-Usine_A-000998,89.7,5,1,
2023-10-27 00:41:57,P-Usine_A-000999,89.84,10,1,
2023-10-27 00:43:31,P-Usine_A-001000,90.28,9,1,
