timestamp,part_id,temps_cycle_sec,pression_outil_bar,vitesse_rotation_outil_rpm,taux_reprise_manuelle,defauts_surface_detectes
2023-10-26 08:32:19,P-Usine_A-000001,27.3,4.3,1544,NON,0
2023-10-26 08:35:47,P-Usine_A-000002,31.4,5.5,1560,NON,0
2023-10-26 08:36:25,P-Usine_A-000003,27.6,4.6,1513,OUI,1
2023-10-26 08:37:15,P-Usine_A-000004,34.7,5.6,1556,NON,0
2023-10-26 08:40:38,P-Usine_A-000005,32.1,4.6,1510,NON,0
2023-10-26 08:41:40,P-Usine_A-000006,29.7,5.9,1522,NON,
2023-10-26 08:46:07,P-Usine_A-000007,34.6,5.9,1556,NON,0
2023-10-26 08:42:05,P-Usine_A-000008,32.3,4.8,1525,NON,0
2023-10-26 08:48:54,P-Usine_A-000009,31.7,5.7,1581,NON,0
2023-10-26 08:50:22,P-Usine_A-000010,31.9,4.1,1554,NON,0
2023-10-26 08:48:10,P-Usine_A-000011,34.3,4.4,1550,NON,0
2023-10-26 08:46:54,P-Usine_A-000012,27.4,5.0,1536,NON,0
2023-10-26 08:48:46,P-Usine_A-000013,32.8,6.0,1582,NON,0
2023-10-26 08:44:38,P-Usine_A-000014,32.4,5.7,1551,NON,0
2023-10-26 08:48:44,P-Usine_A-000015,25.7,5.3,1560,OUI,2
2023-10-26 08:46:59,P-Usine_A-000016,29.6,4.7,1503,OUI,0
2023-10-26 08:53:33,P-Usine_A-000017,32.4,4.4,1593,NON,0
2023-10-26 08:51:19,P-Usine_A-000018,31.9,5.0,1507,NON,0
2023-10-26 08:54:22,P-Usine_A-000019,33.5,4.8,1506,NON,0
2023-10-26 08:59:53,P-Usine_A-000020,34.9,5.1,1532,NON,0
2023-10-26 08:54:20,P-Usine_A-000021,29.9,5.9,1543,NON,0
2023-10-26 08:53:10,P-Usine_A-000022,33.8,5.5,1506,NON,0
2023-10-26 08:59:00,P-Usine_A-000023,28.4,4.8,1587,NON,2
2023-10-26 08:58:01,P-Usine_A-000024,28.2,4.3,1548,NON,0
2023-10-26 08:59:55,P-Usine_A-000025,31.7,4.5,1588,NON,3
2023-10-26 08:59:24,P-Usine_A-000026,28.2,4.7,1549,NON,0
2023-10-26 09:06:50,P-Usine_A-000027,27.2,5.3,1545,NON,0
2023-10-26 09:06:50,P-Usine_A-000027,27.2,5.3,1545,NON,0
2023-10-26 09:02:06,P-Usine_A-000028,31.8,5.8,1553,NON,0
2023-10-26 09:05:17,P-Usine_A-000029,30.6,4.7,1518,NON,0
2023-10-26 09:01:50,P-Usine_A-000030,29.1,5.3,1500,NON,0
2023-10-26 09:05:23,P-Usine_A-000031,34.0,5.9,1563,NON,0
2023-10-26 09:10:50,P-Usine_A-000032,26.6,4.7,1551,NON,0
2023-10-26 09:05:12,P-Usine_A-000033,32.5,5.8,1549,NON,0
2023-10-26 09:07:30,P-Usine_A-000034,25.6,5.0,1596,NON,0
2023-10-26 09:12:45,P-Usine_A-000035,35.0,4.6,1513,NON,0
2023-10-26 09:08:13,P-Usine_A-000036,31.9,4.1,1528,NON,0
2023-10-26 09:06:58,P-Usine_A-000037,27.6,5.1,1513,NON,0
2023-10-26 09:08:17,P-Usine_A-000038,27.4,4.9,1575,NON,0
2023-10-26 09:16:39,P-Usine_A-000039,32.8,5.8,1534,NON,2
2023-10-26 09:12:05,P-Usine_A-000040,25.6,5.9,1564,NON,0
2023-10-26 09:19:12,P-Usine_A-000041,30.9,4.0,1596,NON,0
2023-10-26 09:20:35,P-Usine_A-000042,27.2,4.5,1540,NON,0
2023-10-26 09:15:13,P-Usine_A-000043,27.2,5.7,1544,NON,0
2023-10-26 09:17:20,P-Usine_A-000044,29.8,4.5,1509,NON,0
2023-10-26 09:15:39,P-Usine_A-000045,,4.4,1507,NON,0
2023-10-26 09:17:07,P-Usine_A-000046,32.1,5.9,1512,NON,0
2023-10-26 09:21:10,P-Usine_A-000047,25.5,5.1,1582,NON,999.9
2023-10-26 09:24:57,P-Usine_A-000048,25.1,6.0,1577,NON,0
2023-10-26 09:26:20,P-Usine_A-000049,32.1,4.7,1502,NON,0
2023-10-26 09:21:34,P-Usine_A-000050,29.1,4.6,1586,NON,0
2023-10-26 09:22:44,P-Usine_A-000051,31.4,4.3,1520,NON,0
2023-10-26 09:30:46,P-Usine_A-000052,26.1,4.8,1571,NON,0
2023-10-26 09:27:15,P-Usine_A-000053,33.9,5.5,1573,NON,0
2023-10-26 09:30:07,P-Usine_A-000054,30.6,5.8,1585,NON,0
2023-10-26 09:30:22,P-Usine_A-000055,27.5,4.5,1586,NON,0
2023-10-26 09:31:29,P-Usine_A-000056,31.5,5.9,1506,NON,0
2023-10-26 09:28:09,P-Usine_A-000057,26.8,4.0,1590,OUI,0
2023-10-26 09:28:10,P-Usine_A-000058,28.0,4.8,1597,NON,0
2023-10-26 09:33:44,P-Usine_A-000059,27.3,4.8,1558,NON,0
,P-Usine_A-000060,33.7,5.8,1574,OUI,0
2023-10-26 09:31:33,P-Usine_A-000061,31.8,5.3,1502,NON,0
2023-10-26 09:31:33,P-Usine_A-000061,31.8,5.3,1502,NON,0
2023-10-26 09:38:46,P-Usine_A-000062,32.9,6.0,1573,NON,0
2023-10-26 09:40:42,P-Usine_A-000063,28.5,4.2,1561,NON,0
2023-10-26 09:39:30,P-Usine_A-000064,27.8,5.0,1546,NON,0
2023-10-26 09:38:44,P-Usine_A-000065,29.9,5.5,1526,NON,0
2023-10-26 09:39:52,P-Usine_A-000066,26.7,4.4,1525,NON,0
2023-10-26 09:39:52,P-Usine_A-000066,26.7,4.4,1525,NON,0
2023-10-26 09:44:20,P-Usine_A-000067,25.6,5.0,1504,NON,0
2023-10-26 09:40:46,P-Usine_A-000068,25.9,4.3,1587,OUI,0
2023-10-26 09:40:23,P-Usine_A-000069,31.6,5.3,1554,OUI,0
2023-10-26 09:39:57,P-Usine_A-000070,32.2,5.6,1530,NON,0
2023-10-26 09:45:33,P-Usine_A-000071,30.2,5.0,1510,NON,0
2023-10-26 09:50:48,P-Usine_A-000072,27.4,4.7,1526,NON,0
2023-10-26 09:46:26,P-Usine_A-000073,29.9,5.5,1581,NON,0
2023-10-26 09:50:55,P-Usine_A-000074,30.7,4.2,1520,NON,0
2023-10-26 09:45:29,P-Usine_A-000075,27.9,5.2,1573,NON,0
2023-10-26 09:47:18,P-Usine_A-000076,34.4,4.3,1589,NON,0
2023-10-26 09:48:25,P-Usine_A-000077,25.5,4.3,1517,NON,0
2023-10-26 09:57:33,P-Usine_A-000078,34.7,5.2,1574,NON,0
2023-10-26 09:49:19,P-Usine_A-000079,29.4,5.0,1501,OUI,1
2023-10-26 09:51:07,P-Usine_A-000080,32.5,5.5,1541,OUI,0
2023-10-26 09:56:36,P-Usine_A-000081,33.9,5.4,1529,NON,0
2023-10-26 10:00:03,P-Usine_A-000082,30.3,4.8,1588,NON,0
2023-10-26 09:58:05,P-Usine_A-000083,33.3,5.3,1526,NON,0
2023-10-26 09:57:41,P-Usine_A-000084,28.0,5.0,1597,NON,0
2023-10-26 10:02:39,P-Usine_A-000085,26.9,4.8,1588,NON,0
2023-10-26 10:01:29,P-Usine_A-000086,32.5,5.6,1515,NON,0
2023-10-26 09:58:10,P-Usine_A-000087,29.0,4.1,1583,NON,0
2023-10-26 10:06:59,P-Usine_A-000088,26.3,,1550,OUI,0
2023-10-26 10:03:29,P-Usine_A-000089,32.6,4.0,1598,NON,0
2023-10-26 10:05:35,P-Usine_A-000090,26.4,4.2,1568,NON,0
2023-10-26 10:06:42,P-Usine_A-000091,32.9,4.2,1520,NON,0
2023-10-26 10:07:02,P-Usine_A-000092,34.2,4.6,1505,NON,0
2023-10-26 10:03:40,P-Usine_A-000093,34.3,5.7,1516,NON,1
2023-10-26 10:08:52,P-Usine_A-000094,29.7,5.5,1527,NON,0
2023-10-26 10:07:48,P-Usine_A-000095,29.5,4.5,1523,NON,0
2023-10-26 10:08:09,P-Usine_A-000096,27.2,5.3,1535,NON,0
2023-10-26 10:12:05,P-Usine_A-000097,32.6,5.1,1562,NON,0
2023-10-26 10:17:33,P-Usine_A-000098,26.8,5.1,1594,OUI,0
2023-10-26 10:13:34,P-Usine_A-000099,29.2,4.7,1552,NON,0
2023-10-26 10:13:18,P-Usine_A-000100,34.4,5.2,1547,NON,0
2023-10-26 10:20:31,P-Usine_A-000101,999.9,4.8,1529,OUI,0
2023-10-26 10:18:31,P-Usine_A-000102,28.7,5.8,1572,NON,0
2023-10-26 10:18:30,P-Usine_A-000103,34.3,6.0,999.9,NON,2
2023-10-26 10:16:06,P-Usine_A-000104,34.2,5.9,1549,NON,0
2023-10-26 10:19:44,P-Usine_A-000105,25.6,5.2,1512,NON,0
2023-10-26 10:20:22,P-Usine_A-000106,25.2,4.9,1581,NON,0
2023-10-26 10:19:03,P-Usine_A-000107,27.8,4.7,1593,NON,0
2023-10-26 10:19:19,P-Usine_A-000108,34.3,4.7,1503,NON,0
2023-10-26 10:28:58,P-Usine_A-000109,33.6,4.6,1505,NON,0
2023-10-26 10:28:10,P-Usine_A-000110,28.4,4.3,1587,NON,0
2023-10-26 10:24:36,P-Usine_A-000111,34.4,5.4,1560,NON,0
2023-10-26 10:29:10,P-Usine_A-000112,27.7,4.1,1586,NON,1
2023-10-26 10:23:34,P-Usine_A-000113,26.3,4.3,1504,NON,0
2023-10-26 10:30:39,P-Usine_A-000114,30.7,5.4,1557,NON,0
2023-10-26 10:25:34,P-Usine_A-000115,34.7,4.1,1544,NON,0
2023-10-26 10:27:02,P-Usine_A-000116,31.9,5.6,1599,NON,0
2023-10-26 10:36:12,P-Usine_A-000117,35.0,5.1,1561,NON,0
2023-10-26 10:30:32,P-Usine_A-000118,31.6,4.1,1500,NON,0
2023-10-26 10:30:50,P-Usine_A-000119,29.4,5.5,1574,NON,0
2023-10-26 10:33:28,P-Usine_A-000120,32.5,5.6,1503,OUI,0
2023-10-26 10:35:53,P-Usine_A-000121,26.6,5.4,1572,NON,0
2023-10-26 10:41:56,P-Usine_A-000122,28.3,4.9,1570,NON,0
2023-10-26 10:36:21,P-Usine_A-000123,27.2,4.1,1558,NON,0
2023-10-26 10:41:44,P-Usine_A-000124,31.2,4.6,1549,OUI,0
2023-10-26 10:42:07,P-Usine_A-000125,29.5,4.3,1573,NON,0
2023-10-26 10:41:15,P-Usine_A-000126,28.4,4.7,1595,NON,0
2023-10-26 10:39:42,P-Usine_A-000127,27.3,4.2,1542,NON,0
2023-10-26 10:47:44,P-Usine_A-000128,26.1,6.0,1520,NON,0
2023-10-26 10:40:29,P-Usine_A-000129,26.6,5.4,1591,NON,0
2023-10-26 10:44:51,P-Usine_A-000130,30.6,5.3,1581,NON,0
2023-10-26 10:48:18,P-Usine_A-000131,30.0,5.0,1565,NON,0
2023-10-26 10:48:18,P-Usine_A-000131,30.0,5.0,1565,NON,0
2023-10-26 10:47:04,P-Usine_A-000132,32.6,5.6,1514,NON,0
2023-10-26 10:49:16,P-Usine_A-000133,33.4,6.0,1574,NON,0
2023-10-26 10:46:19,P-Usine_A-000134,28.6,4.4,1545,NON,0
2023-10-26 10:49:04,P-Usine_A-000135,28.3,5.8,1568,NON,0
2023-10-26 10:53:14,P-Usine_A-000136,30.7,4.4,1567,NON,0
2023-10-26 10:54:40,P-Usine_A-000137,26.4,5.2,1523,NON,0
2023-10-26 10:55:58,P-Usine_A-000138,33.3,4.2,1586,OUI,0
2023-10-26 10:49:18,P-Usine_A-000139,30.4,4.2,,OUI,2
2023-10-26 10:57:15,P-Usine_A-000140,26.2,5.3,1574,NON,0
2023-10-26 10:55:07,P-Usine_A-000141,25.5,5.6,1534,NON,0
2023-10-26 10:59:15,P-Usine_A-000142,31.6,5.8,1552,NON,0
2023-10-26 10:56:14,P-Usine_A-000143,33.4,4.4,1500,NON,0
2023-10-26 10:56:14,P-Usine_A-000143,33.4,4.4,1500,NON,0
2023-10-26 11:00:30,P-Usine_A-000144,999.9,4.3,1556,NON,0
2023-10-26 10:57:43,P-Usine_A-000145,31.8,4.0,1564,NON,0
2023-10-26 10:59:25,P-Usine_A-000146,32.0,5.6,1540,NON,0
2023-10-26 11:07:33,P-Usine_A-000147,31.2,4.7,1561,OUI,0
2023-10-26 11:03:39,P-Usine_A-000148,,4.5,1564,NON,0
2023-10-26 11:01:26,P-Usine_A-000149,31.7,4.9,1512,NON,0
2023-10-26 11:07:44,P-Usine_A-000150,27.0,5.2,1526,NON,0
2023-10-26 11:04:30,P-Usine_A-000151,30.6,4.5,1555,NON,0
2023-10-26 11:09:29,P-Usine_A-000152,28.9,5.2,1545,NON,2
2023-10-26 11:10:33,P-Usine_A-000153,25.2,4.6,1518,NON,0
2023-10-26 11:13:57,P-Usine_A-000154,28.3,4.2,1590,NON,0
2023-10-26 11:13:57,P-Usine_A-000154,28.3,4.2,1590,NON,0
2023-10-26 11:07:19,P-Usine_A-000155,32.3,5.6,1515,OUI,0
2023-10-26 11:06:27,P-Usine_A-000156,26.1,4.1,1503,NON,1
2023-10-26 11:07:29,P-Usine_A-000157,27.7,4.2,1520,NON,0
2023-10-26 11:13:45,P-Usine_A-000158,28.6,4.9,1589,NON,0
2023-10-26 11:17:12,P-Usine_A-000159,26.0,5.3,1585,NON,0
2023-10-26 11:18:54,P-Usine_A-000160,31.0,5.5,1591,OUI,0
2023-10-26 11:12:10,P-Usine_A-000161,34.3,5.1,1566,NON,0
2023-10-26 11:16:42,P-Usine_A-000162,30.0,5.3,1533,NON,0
2023-10-26 11:16:01,P-Usine_A-000163,28.3,5.0,1597,NON,2
2023-10-26 11:16:01,P-Usine_A-000163,28.3,5.0,1597,NON,2
2023-10-26 11:22:27,P-Usine_A-000164,26.7,6.0,1599,NON,0
2023-10-26 11:20:37,P-Usine_A-000165,33.0,5.4,1595,NON,0
2023-10-26 11:21:51,P-Usine_A-000166,32.6,5.8,1533,NON,0
2023-10-26 11:26:22,P-Usine_A-000167,26.9,5.0,1524,NON,0
2023-10-26 11:27:06,P-Usine_A-000168,33.1,4.4,1584,NON,0
2023-10-26 11:20:04,P-Usine_A-000169,31.8,5.9,1574,NON,0
2023-10-26 11:20:04,P-Usine_A-000169,31.8,5.9,1574,NON,0
2023-10-26 11:22:38,P-Usine_A-000170,32.1,4.7,1532,NON,0
2023-10-26 11:27:42,P-Usine_A-000171,34.4,4.4,1511,NON,0
2023-10-26 11:25:36,P-Usine_A-000172,28.3,4.3,1577,NON,0
2023-10-26 11:28:57,P-Usine_A-000173,29.4,4.9,1537,NON,0
2023-10-26 11:26:51,P-Usine_A-000174,33.9,5.5,1550,OUI,0
2023-10-26 11:24:59,P-Usine_A-000175,30.4,5.0,1509,NON,0
2023-10-26 11:31:51,P-Usine_A-000176,28.7,4.7,1543,NON,0
2023-10-26 11:29:20,P-Usine_A-000177,28.8,4.5,1569,NON,0
2023-10-26 11:33:05,P-Usine_A-000178,25.2,4.0,1565,NON,0
2023-10-26 11:32:07,P-Usine_A-000179,31.6,5.4,1580,OUI,1
2023-10-26 11:37:31,P-Usine_A-000180,27.4,5.3,1549,NON,0
2023-10-26 11:35:30,P-Usine_A-000181,28.7,5.8,1526,NON,1
2023-10-26 11:32:11,P-Usine_A-000182,33.7,4.0,1539,NON,0
2023-10-26 11:39:50,P-Usine_A-000183,33.3,4.2,1579,NON,999.9
2023-10-26 11:39:09,P-Usine_A-000184,32.4,5.3,1549,OUI,0
2023-10-26 11:42:18,P-Usine_A-000185,27.7,5.3,1573,NON,0
2023-10-26 11:41:41,P-Usine_A-000186,29.5,4.2,1513,NON,1
2023-10-26 11:45:04,P-Usine_A-000187,30.1,5.3,1564,NON,0
2023-10-26 11:40:54,P-Usine_A-000188,28.7,5.2,1590,NON,0
2023-10-26 11:47:33,P-Usine_A-000189,34.2,4.8,1538,NON,0
2023-10-26 11:47:33,P-Usine_A-000189,34.2,4.8,1538,NON,0
2023-10-26 11:42:24,P-Usine_A-000190,34.1,4.3,1580,OUI,0
2023-10-26 11:41:40,P-Usine_A-000191,32.3,5.7,1532,NON,0
2023-10-26 11:47:58,P-Usine_A-000192,25.7,5.5,1537,NON,0
2023-10-26 11:43:03,P-Usine_A-000193,,5.8,1569,OUI,0
2023-10-26 11:53:15,P-Usine_A-000194,26.1,4.2,1599,NON,0
2023-10-26 11:52:38,P-Usine_A-000195,31.5,4.2,1596,OUI,0
2023-10-26 11:46:20,P-Usine_A-000196,32.6,4.8,1522,NON,0
2023-10-26 11:55:29,P-Usine_A-000197,29.4,5.9,1535,NON,0
2023-10-26 11:52:19,P-Usine_A-000198,35.0,4.1,1514,OUI,0
2023-10-26 11:53:20,P-Usine_A-000199,31.7,5.3,1564,NON,3
2023-10-26 11:57:23,P-Usine_A-000200,31.2,5.5,,NON,0
2023-10-26 11:57:39,P-Usine_A-000201,33.7,4.5,1580,NON,0
2023-10-26 11:52:43,P-Usine_A-000202,25.0,4.6,1535,NON,0
2023-10-26 11:55:12,P-Usine_A-000203,32.9,4.5,1547,NON,0
2023-10-26 11:56:32,P-Usine_A-000204,27.2,5.7,1531,NON,0
2023-10-26 11:57:49,P-Usine_A-000205,,4.8,1542,NON,0
2023-10-26 12:01:51,P-Usine_A-000206,25.5,4.8,1506,OUI,0
2023-10-26 11:59:36,P-Usine_A-000207,29.9,5.5,1560,NON,0
2023-10-26 12:07:28,P-Usine_A-000208,999.9,4.5,1534,NON,0
2023-10-26 12:06:14,P-Usine_A-000209,31.5,4.3,1504,NON,0
2023-10-26 12:05:20,P-Usine_A-000210,28.8,5.2,1545,NON,0
2023-10-26 12:07:31,P-Usine_A-000211,25.5,4.8,1518,NON,2
2023-10-26 12:10:55,P-Usine_A-000212,29.1,4.4,1545,NON,0
2023-10-26 12:09:44,P-Usine_A-000213,32.6,5.0,1573,NON,1
,P-Usine_A-000214,27.6,4.4,1520,NON,0
2023-10-26 12:07:40,P-Usine_A-000215,,4.1,1546,NON,3
2023-10-26 12:09:55,P-Usine_A-000216,26.9,4.1,1502,NON,0
2023-10-26 12:06:57,P-Usine_A-000217,32.3,4.1,1551,NON,0
2023-10-26 12:08:21,P-Usine_A-000218,25.5,5.6,1530,NON,0
2023-10-26 12:09:44,P-Usine_A-000219,34.5,5.6,1517,NON,0
2023-10-26 12:17:38,P-Usine_A-000220,30.0,5.4,1539,NON,0
2023-10-26 12:12:29,P-Usine_A-000221,31.4,5.1,1562,NON,0
2023-10-26 12:17:02,P-Usine_A-000222,28.6,4.7,1549,NON,0
2023-10-26 12:20:27,P-Usine_A-000223,32.7,4.1,1536,NON,0
2023-10-26 12:19:31,P-Usine_A-000224,34.7,5.4,1582,OUI,0
2023-10-26 12:23:31,P-Usine_A-000225,28.1,4.9,1559,NON,0
2023-10-26 12:19:51,P-Usine_A-000226,31.3,4.6,1500,OUI,0
2023-10-26 12:17:51,P-Usine_A-000227,34.8,4.3,1541,NON,0
2023-10-26 12:20:09,P-Usine_A-000228,34.0,5.8,1566,NON,0
2023-10-26 12:20:08,P-Usine_A-000229,32.7,4.8,1516,NON,3
2023-10-26 12:24:04,P-Usine_A-000230,30.5,5.5,1508,NON,0
2023-10-26 12:27:35,P-Usine_A-000231,28.5,4.8,1587,NON,0
2023-10-26 12:27:21,P-Usine_A-000232,27.9,5.3,1569,NON,0
2023-10-26 12:31:20,P-Usine_A-000233,32.3,4.5,1553,NON,0
2023-10-26 12:29:34,P-Usine_A-000234,31.6,5.5,1550,NON,0
2023-10-26 12:29:34,P-Usine_A-000234,31.6,5.5,1550,NON,0
2023-10-26 12:28:37,P-Usine_A-000235,29.8,4.6,1519,NON,0
2023-10-26 12:29:44,P-Usine_A-000236,29.5,5.8,1558,NON,0
2023-10-26 12:29:50,P-Usine_A-000237,29.9,5.5,1575,NON,0
2023-10-26 12:27:30,P-Usine_A-000238,34.3,5.3,1550,NON,0
2023-10-26 12:34:22,P-Usine_A-000239,25.2,5.5,1545,NON,0
2023-10-26 12:37:06,P-Usine_A-000240,32.6,4.5,1581,NON,0
2023-10-26 12:37:39,P-Usine_A-000241,34.1,4.9,1589,NON,0
2023-10-26 12:39:24,P-Usine_A-000242,33.3,4.7,1545,NON,0
2023-10-26 12:38:44,P-Usine_A-000243,33.1,5.0,1596,,0
2023-10-26 12:37:22,P-Usine_A-000244,34.7,5.5,1564,OUI,0
2023-10-26 12:36:15,P-Usine_A-000245,33.5,5.7,1559,NON,0
2023-10-26 12:37:02,P-Usine_A-000246,32.3,5.5,1511,OUI,2
2023-10-26 12:42:30,P-Usine_A-000247,30.9,6.0,1524,NON,0
2023-10-26 12:38:41,P-Usine_A-000248,33.2,5.6,1548,NON,0
2023-10-26 12:46:12,P-Usine_A-000249,27.6,5.9,1519,NON,0
2023-10-26 12:42:02,P-Usine_A-000250,28.2,5.4,1506,NON,0
2023-10-26 12:46:18,P-Usine_A-000251,29.6,5.4,1587,NON,0
2023-10-26 12:50:58,P-Usine_A-000252,30.6,4.7,1554,NON,0
2023-10-26 12:50:58,P-Usine_A-000252,30.6,4.7,1554,NON,0
2023-10-26 12:48:05,P-Usine_A-000253,26.6,5.3,1540,NON,0
2023-10-26 12:51:26,P-Usine_A-000254,28.2,4.3,1548,NON,0
2023-10-26 12:49:43,P-Usine_A-000255,27.0,5.5,1509,NON,0
2023-10-26 12:53:09,P-Usine_A-000256,27.6,5.0,1581,NON,1
2023-10-26 12:51:40,P-Usine_A-000257,34.8,5.1,1539,NON,0
2023-10-26 12:48:42,P-Usine_A-000258,25.7,5.3,1544,NON,0
2023-10-26 12:54:45,P-Usine_A-000259,25.8,4.5,1567,NON,0
2023-10-26 12:54:20,P-Usine_A-000260,28.4,5.2,1587,NON,0
2023-10-26 12:57:11,P-Usine_A-000261,26.9,4.4,1598,NON,0
2023-10-26 12:57:58,P-Usine_A-000262,26.2,5.2,1581,NON,0
2023-10-26 13:00:30,P-Usine_A-000263,33.9,4.5,1520,NON,0
2023-10-26 12:58:25,P-Usine_A-000264,28.8,4.6,1542,NON,0
2023-10-26 13:02:44,P-Usine_A-000265,25.2,4.3,1570,NON,0
2023-10-26 12:55:25,P-Usine_A-000266,30.2,4.9,1543,NON,0
2023-10-26 12:55:25,P-Usine_A-000266,30.2,4.9,1543,NON,0
2023-10-26 12:56:36,P-Usine_A-000267,35.0,5.4,1506,NON,1
2023-10-26 13:02:35,P-Usine_A-000268,27.3,4.1,1593,NON,0
2023-10-26 13:06:48,P-Usine_A-000269,25.2,5.6,1533,NON,0
2023-10-26 13:08:03,P-Usine_A-000270,28.5,4.1,1521,OUI,0
2023-10-26 13:03:08,P-Usine_A-000271,26.2,4.5,1573,OUI,0
2023-10-26 13:03:54,P-Usine_A-000272,30.6,4.9,1557,NON,3
2023-10-26 13:02:39,P-Usine_A-000273,33.3,5.3,1519,NON,0
2023-10-26 13:11:17,P-Usine_A-000274,34.3,5.2,1510,NON,0
2023-10-26 13:05:34,P-Usine_A-000275,28.1,5.0,1596,NON,0
2023-10-26 13:10:26,P-Usine_A-000276,25.3,4.0,1501,NON,0
2023-10-26 13:12:14,P-Usine_A-000277,26.1,4.6,1556,NON,0
2023-10-26 13:08:53,P-Usine_A-000278,25.9,4.4,1569,OUI,0
2023-10-26 13:13:44,P-Usine_A-000279,30.7,5.8,1516,NON,0
2023-10-26 13:13:44,P-Usine_A-000279,30.7,5.8,1516,NON,0
2023-10-26 13:18:32,P-Usine_A-000280,28.3,6.0,1577,NON,0
2023-10-26 13:13:07,P-Usine_A-000281,28.4,4.5,1583,NON,0
2023-10-26 13:20:15,P-Usine_A-000282,34.3,5.8,1578,NON,0
2023-10-26 13:22:21,P-Usine_A-000283,31.5,4.9,1541,NON,0
2023-10-26 13:16:36,P-Usine_A-000284,27.4,4.2,1542,NON,0
2023-10-26 13:15:57,P-Usine_A-000285,25.7,4.4,1528,999.9,0
2023-10-26 13:22:07,P-Usine_A-000286,33.7,5.4,1536,NON,1
2023-10-26 13:24:42,P-Usine_A-000287,34.5,4.7,1529,NON,0
2023-10-26 13:20:54,P-Usine_A-000288,29.7,5.7,1518,NON,0
2023-10-26 13:28:26,P-Usine_A-000289,28.8,4.8,1510,OUI,0
2023-10-26 13:21:58,P-Usine_A-000290,33.5,5.6,1576,NON,0
2023-10-26 13:25:48,P-Usine_A-000291,30.8,5.3,1538,NON,0
2023-10-26 13:22:52,P-Usine_A-000292,26.5,4.9,1532,NON,0
2023-10-26 13:24:40,P-Usine_A-000293,27.4,4.4,1547,NON,1
2023-10-26 13:26:17,P-Usine_A-000294,26.1,4.2,1553,NON,0
2023-10-26 13:30:41,P-Usine_A-000295,34.8,4.8,1588,NON,0
2023-10-26 13:34:51,P-Usine_A-000296,30.7,4.9,1501,NON,0
2023-10-26 13:35:43,P-Usine_A-000297,34.6,4.8,1534,NON,0
2023-10-26 13:32:28,P-Usine_A-000298,32.6,4.5,1598,NON,0
2023-10-26 13:29:22,P-Usine_A-000299,33.6,5.6,1520,NON,0
2023-10-26 13:37:27,P-Usine_A-000300,34.7,4.1,1567,NON,0
2023-10-26 13:37:27,P-Usine_A-000300,34.7,4.1,1567,NON,0
2023-10-26 13:32:18,P-Usine_A-000301,33.3,4.0,1597,NON,0
2023-10-26 13:32:07,P-Usine_A-000302,29.4,4.3,1554,OUI,0
2023-10-26 13:39:00,P-Usine_A-000303,28.2,5.4,1552,NON,0
2023-10-26 13:39:10,P-Usine_A-000304,27.7,5.9,1534,NON,0
2023-10-26 13:40:40,P-Usine_A-000305,33.5,5.3,1598,OUI,2
2023-10-26 13:41:56,P-Usine_A-000306,29.5,6.0,1532,NON,0
2023-10-26 13:45:11,P-Usine_A-000307,33.2,5.8,1549,NON,0
2023-10-26 13:39:59,P-Usine_A-000308,25.4,5.9,1512,NON,0
2023-10-26 13:44:53,P-Usine_A-000309,31.9,4.6,1542,NON,0
2023-10-26 13:47:27,P-Usine_A-000310,27.4,6.0,1527,NON,0
2023-10-26 13:42:28,P-Usine_A-000311,31.3,6.0,1510,NON,0
2023-10-26 13:45:36,P-Usine_A-000312,26.4,5.7,1594,NON,0
2023-10-26 13:51:58,P-Usine_A-000313,30.7,4.9,1563,NON,0
2023-10-26 13:53:17,P-Usine_A-000314,27.9,5.8,1533,NON,3
2023-10-26 13:47:04,P-Usine_A-000315,30.4,5.8,1553,NON,3
2023-10-26 13:47:19,P-Usine_A-000316,26.4,5.4,1575,NON,0
2023-10-26 13:56:00,P-Usine_A-000317,34.7,5.2,1507,NON,0
2023-10-26 13:53:28,P-Usine_A-000318,34.6,4.3,1512,NON,0
2023-10-26 13:49:47,P-Usine_A-000319,31.3,5.4,1516,NON,0
2023-10-26 13:51:46,P-Usine_A-000320,33.9,4.3,1597,OUI,0
2023-10-26 14:00:17,P-Usine_A-000321,30.7,4.1,1560,NON,0
2023-10-26 14:00:14,P-Usine_A-000322,27.7,5.2,1580,NON,2
2023-10-26 13:53:45,P-Usine_A-000323,25.2,4.9,1521,NON,0
2023-10-26 13:56:33,P-Usine_A-000324,29.0,4.8,1582,NON,0
2023-10-26 14:01:17,P-Usine_A-000325,30.5,5.9,1555,NON,0
2023-10-26 13:59:44,P-Usine_A-000326,29.2,5.0,1515,NON,1
2023-10-26 14:05:30,P-Usine_A-000327,34.6,5.5,1579,NON,0
2023-10-26 14:00:40,P-Usine_A-000328,999.9,5.9,1533,NON,0
2023-10-26 14:00:47,P-Usine_A-000329,34.5,4.5,1527,NON,0
2023-10-26 14:03:28,P-Usine_A-000330,27.2,5.6,1588,OUI,0
2023-10-26 14:10:23,P-Usine_A-000331,32.3,5.2,1574,NON,0
2023-10-26 14:02:50,P-Usine_A-000332,25.9,4.6,1503,NON,0
2023-10-26 14:04:44,P-Usine_A-000333,30.4,4.3,1553,OUI,0
2023-10-26 14:05:43,P-Usine_A-000334,30.8,4.7,1592,NON,0
2023-10-26 14:10:33,P-Usine_A-000335,32.1,4.2,1584,NON,0
2023-10-26 14:14:16,P-Usine_A-000336,26.6,4.6,1569,NON,0
2023-10-26 14:14:50,P-Usine_A-000337,25.4,4.7,1557,NON,0
2023-10-26 14:17:37,P-Usine_A-000338,25.4,5.8,1510,NON,0
2023-10-26 14:11:01,P-Usine_A-000339,33.7,5.0,1510,NON,3
2023-10-26 14:15:16,P-Usine_A-000340,25.8,4.5,1541,OUI,0
2023-10-26 14:16:31,P-Usine_A-000341,33.0,4.7,1594,NON,0
2023-10-26 14:17:22,P-Usine_A-000342,33.5,4.8,1559,NON,0
2023-10-26 14:13:30,P-Usine_A-000343,27.4,4.9,,NON,0
2023-10-26 14:17:53,P-Usine_A-000344,28.8,5.9,1541,NON,0
2023-10-26 14:18:34,P-Usine_A-000345,32.9,4.2,1517,NON,0
2023-10-26 14:22:25,P-Usine_A-000346,30.1,4.8,1591,NON,0
2023-10-26 14:22:25,P-Usine_A-000346,30.1,4.8,1591,NON,0
2023-10-26 14:18:51,P-Usine_A-000347,31.9,5.2,1523,NON,0
2023-10-26 14:22:49,P-Usine_A-000348,25.4,5.4,1560,NON,0
2023-10-26 14:21:57,P-Usine_A-000349,29.1,,1555,NON,0
2023-10-26 14:26:05,P-Usine_A-000350,26.1,5.7,1567,NON,0
2023-10-26 14:25:56,P-Usine_A-000351,31.2,5.0,1579,NON,0
2023-10-26 14:25:40,P-Usine_A-000352,25.4,5.0,1562,NON,0
2023-10-26 14:31:39,P-Usine_A-000353,31.1,5.8,1559,NON,0
2023-10-26 14:30:24,P-Usine_A-000354,29.2,4.3,1517,NON,0
2023-10-26 14:24:53,P-Usine_A-000355,27.4,5.2,1510,NON,0
2023-10-26 14:28:41,P-Usine_A-000356,25.6,5.5,1578,NON,0
2023-10-26 14:35:35,P-Usine_A-000357,30.8,4.1,1501,OUI,0
2023-10-26 14:33:30,P-Usine_A-000358,30.6,4.6,1560,NON,0
2023-10-26 14:33:30,P-Usine_A-000358,30.6,4.6,1560,NON,0
2023-10-26 14:34:09,P-Usine_A-000359,28.6,4.2,1592,NON,0
2023-10-26 14:37:57,P-Usine_A-000360,29.7,4.3,1558,NON,0
2023-10-26 14:40:55,P-Usine_A-000361,26.4,5.6,1539,NON,0
2023-10-26 14:39:23,P-Usine_A-000362,28.8,4.5,1533,NON,3
2023-10-26 14:37:10,P-Usine_A-000363,26.4,4.8,1505,NON,0
2023-10-26 14:35:44,P-Usine_A-000364,25.4,4.5,1555,NON,0
2023-10-26 14:43:33,P-Usine_A-000365,26.6,4.9,1525,NON,0
2023-10-26 14:40:39,P-Usine_A-000366,25.3,5.2,1518,NON,0
2023-10-26 14:43:21,P-Usine_A-000367,34.3,5.8,1546,NON,0
2023-10-26 14:45:13,P-Usine_A-000368,34.3,5.9,1529,NON,0
2023-10-26 14:41:41,P-Usine_A-000369,28.1,4.3,1505,NON,0
2023-10-26 14:46:30,P-Usine_A-000370,31.6,4.6,1540,NON,0
2023-10-26 14:44:14,P-Usine_A-000371,34.1,5.1,1535,OUI,0
2023-10-26 14:46:21,P-Usine_A-000372,28.0,4.2,1554,NON,0
2023-10-26 14:42:34,P-Usine_A-000373,25.3,4.3,1588,NON,0
2023-10-26 14:45:44,P-Usine_A-000374,33.3,4.6,1506,NON,0
2023-10-26 14:50:05,P-Usine_A-000375,27.8,5.8,1504,NON,0
2023-10-26 14:49:58,P-Usine_A-000376,29.9,4.6,1504,NON,0
2023-10-26 14:50:57,P-Usine_A-000377,34.6,4.9,1542,NON,2
2023-10-26 14:54:01,P-Usine_A-000378,28.9,4.6,1511,NON,0
2023-10-26 14:54:07,P-Usine_A-000379,25.4,5.7,1524,NON,0
2023-10-26 14:50:43,P-Usine_A-000380,33.0,4.7,1593,NON,0
2023-10-26 14:59:41,P-Usine_A-000381,26.0,4.2,1599,OUI,0
2023-10-26 14:55:34,P-Usine_A-000382,30.5,4.9,1576,NON,0
2023-10-26 14:56:50,P-Usine_A-000383,34.8,5.3,1588,NON,0
2023-10-26 15:03:08,P-Usine_A-000384,31.4,5.1,1537,NON,0
2023-10-26 15:03:29,P-Usine_A-000385,33.9,5.6,1515,NON,0
2023-10-26 14:56:08,P-Usine_A-000386,34.2,4.4,1503,NON,0
2023-10-26 14:58:57,P-Usine_A-000387,29.5,5.9,1597,NON,1
2023-10-26 14:59:04,P-Usine_A-000388,31.3,4.3,1568,NON,0
2023-10-26 15:05:46,P-Usine_A-000389,32.3,5.2,1582,NON,0
2023-10-26 15:05:46,P-Usine_A-000389,32.3,5.2,1582,NON,0
2023-10-26 15:06:19,P-Usine_A-000390,30.2,5.0,1550,NON,0
2023-10-26 15:08:48,P-Usine_A-000391,33.8,4.9,1504,NON,0
2023-10-26 15:06:06,P-Usine_A-000392,27.6,4.1,1571,NON,0
2023-10-26 15:08:55,P-Usine_A-000393,31.5,5.6,1579,NON,0
2023-10-26 15:04:26,P-Usine_A-000394,,4.7,1503,NON,0
2023-10-26 15:04:50,P-Usine_A-000395,28.0,4.4,1588,NON,0
2023-10-26 15:13:22,P-Usine_A-000396,34.1,5.3,1555,NON,0
2023-10-26 15:12:03,P-Usine_A-000397,29.8,5.2,1504,NON,0
2023-10-26 15:15:07,P-Usine_A-000398,25.5,5.2,1578,NON,1
2023-10-26 15:15:06,P-Usine_A-000399,34.0,4.5,1596,NON,0
2023-10-26 15:19:04,P-Usine_A-000400,32.3,4.5,1565,NON,0
2023-10-26 15:15:24,P-Usine_A-000401,26.2,4.4,1557,NON,0
2023-10-26 15:12:14,P-Usine_A-000402,26.1,4.1,1514,NON,0
2023-10-26 15:14:22,P-Usine_A-000403,33.3,5.0,1509,NON,0
2023-10-26 15:23:10,P-Usine_A-000404,25.3,999.9,1581,NON,0
2023-10-26 15:16:28,P-Usine_A-000405,32.5,5.2,1552,OUI,0
2023-10-26 15:16:30,P-Usine_A-000406,26.0,5.9,1596,NON,0
2023-10-26 15:25:49,P-Usine_A-000407,25.7,5.2,1571,OUI,0
2023-10-26 15:26:32,P-Usine_A-000408,28.2,4.0,1578,NON,0
2023-10-26 15:26:03,P-Usine_A-000409,31.5,6.0,1526,NON,0
2023-10-26 15:24:45,P-Usine_A-000410,33.8,5.5,1562,NON,0
2023-10-26 15:25:51,P-Usine_A-000411,28.3,4.6,1563,NON,1
2023-10-26 15:26:25,P-Usine_A-000412,32.4,4.4,1540,OUI,0
2023-10-26 15:29:58,P-Usine_A-000413,34.4,5.1,1591,OUI,0
2023-10-26 15:28:48,P-Usine_A-000414,31.3,4.0,1541,OUI,0
2023-10-26 15:28:33,P-Usine_A-000415,34.5,5.5,1548,NON,0
2023-10-26 15:33:04,P-Usine_A-000416,29.6,5.0,1543,NON,0
2023-10-26 15:31:52,P-Usine_A-000417,26.5,4.7,1520,NON,0
2023-10-26 15:30:17,P-Usine_A-000418,27.5,5.6,1508,NON,0
2023-10-26 15:33:45,P-Usine_A-000419,35.0,999.9,1509,NON,0
2023-10-26 15:38:34,P-Usine_A-000420,30.8,5.3,1568,NON,0
2023-10-26 15:38:56,P-Usine_A-000421,28.7,5.0,1537,OUI,0
2023-10-26 15:33:33,P-Usine_A-000422,27.8,5.2,1514,NON,2
2023-10-26 15:37:24,P-Usine_A-000423,25.6,4.9,1537,NON,0
2023-10-26 15:34:50,P-Usine_A-000424,27.4,4.3,1595,NON,0
2023-10-26 15:43:59,P-Usine_A-000425,26.8,4.2,1555,NON,1
2023-10-26 15:41:35,P-Usine_A-000426,25.0,4.7,1538,NON,0
2023-10-26 15:36:00,P-Usine_A-000427,34.8,4.0,1554,NON,0
2023-10-26 15:43:17,P-Usine_A-000428,32.0,5.3,1545,NON,0
2023-10-26 15:43:20,P-Usine_A-000429,25.2,5.1,1559,NON,0
2023-10-26 15:39:29,P-Usine_A-000430,33.3,5.3,1522,NON,0
2023-10-26 15:39:50,P-Usine_A-000431,27.2,4.4,1561,NON,0
2023-10-26 15:49:45,P-Usine_A-000432,25.8,5.1,1561,NON,0
2023-10-26 15:48:51,P-Usine_A-000433,26.8,5.6,1520,NON,0
2023-10-26 15:47:40,P-Usine_A-000434,29.7,4.8,1596,OUI,0
2023-10-26 15:49:23,P-Usine_A-000435,32.5,5.4,1573,OUI,0
2023-10-26 15:53:29,P-Usine_A-000436,30.7,5.6,1508,,0
2023-10-26 15:51:03,P-Usine_A-000437,27.6,4.6,1576,OUI,0
2023-10-26 15:50:30,P-Usine_A-000438,28.3,4.7,1584,NON,0
2023-10-26 15:56:59,P-Usine_A-000439,33.5,4.3,1538,NON,0
2023-10-26 15:50:25,P-Usine_A-000440,28.8,4.6,1502,NON,0
2023-10-26 15:58:26,P-Usine_A-000441,30.4,4.2,1526,NON,0
2023-10-26 15:56:13,P-Usine_A-000442,30.8,4.8,1552,NON,0
2023-10-26 15:58:03,P-Usine_A-000443,30.8,4.7,1528,NON,2
2023-10-26 16:00:27,P-Usine_A-000444,26.8,4.0,1526,NON,0
2023-10-26 16:03:08,P-Usine_A-000445,28.8,4.6,1537,NON,0
2023-10-26 16:01:02,P-Usine_A-000446,29.8,4.7,1594,NON,0
2023-10-26 16:01:59,P-Usine_A-000447,25.9,5.8,1594,NON,0
2023-10-26 16:03:19,P-Usine_A-000448,31.8,5.0,1505,NON,0
2023-10-26 15:58:11,P-Usine_A-000449,31.9,4.5,1550,NON,0
2023-10-26 16:00:59,P-Usine_A-000450,27.5,5.8,1543,NON,0
2023-10-26 16:01:29,P-Usine_A-000451,34.5,4.9,1514,NON,2
2023-10-26 16:10:33,P-Usine_A-000452,27.5,4.2,1545,NON,0
2023-10-26 16:03:01,P-Usine_A-000453,31.2,4.3,1572,OUI,0
2023-10-26 16:04:05,P-Usine_A-000454,26.5,5.5,1514,NON,0
2023-10-26 16:09:47,P-Usine_A-000455,32.3,4.7,1545,NON,3
2023-10-26 16:08:33,P-Usine_A-000456,29.5,4.2,1557,NON,0
2023-10-26 16:13:30,P-Usine_A-000457,25.8,5.3,1585,NON,0
2023-10-26 16:16:20,P-Usine_A-000458,34.9,4.3,1514,NON,3
2023-10-26 16:16:33,P-Usine_A-000459,31.8,4.8,1552,NON,1
2023-10-26 16:14:08,P-Usine_A-000460,30.4,5.7,1527,NON,0
2023-10-26 16:18:52,P-Usine_A-000461,34.6,4.9,1550,NON,0
2023-10-26 16:20:43,P-Usine_A-000462,34.3,5.3,1583,NON,0
2023-10-26 16:19:29,P-Usine_A-000463,30.5,5.2,1525,NON,0
2023-10-26 16:21:34,P-Usine_A-000464,28.4,4.4,1524,NON,0
2023-10-26 16:20:04,P-Usine_A-000465,26.3,5.2,1505,NON,0
2023-10-26 16:23:34,P-Usine_A-000466,27.6,5.7,1583,NON,2
2023-10-26 16:25:45,P-Usine_A-000467,27.3,5.6,1521,999.9,0
2023-10-26 16:19:47,P-Usine_A-000468,25.7,5.4,1570,NON,0
2023-10-26 16:22:25,P-Usine_A-000469,28.9,4.2,1576,NON,0
2023-10-26 16:28:55,P-Usine_A-000470,31.0,4.6,1560,OUI,0
2023-10-26 16:22:39,P-Usine_A-000471,32.7,4.9,1507,NON,0
2023-10-26 16:28:30,P-Usine_A-000472,33.8,5.4,1530,NON,1
2023-10-26 16:26:12,P-Usine_A-000473,29.6,5.8,1564,NON,
2023-10-26 16:29:52,P-Usine_A-000474,30.8,5.7,1515,OUI,0
2023-10-26 16:30:35,P-Usine_A-000475,32.5,4.1,1512,NON,0
2023-10-26 16:27:42,P-Usine_A-000476,31.4,5.5,1554,NON,0
2023-10-26 16:33:53,P-Usine_A-000477,27.3,4.6,1532,NON,0
2023-10-26 16:31:21,P-Usine_A-000478,25.8,5.7,1503,NON,0
2023-10-26 16:34:37,P-Usine_A-000479,28.7,4.7,1593,OUI,0
2023-10-26 16:30:01,P-Usine_A-000480,28.0,5.4,1530,NON,0
2023-10-26 16:31:19,P-Usine_A-000481,31.9,4.3,1570,NON,0
2023-10-26 16:32:44,P-Usine_A-000482,31.5,5.2,1596,OUI,0
2023-10-26 16:40:29,P-Usine_A-000483,31.6,4.2,1513,NON,0
2023-10-26 16:40:29,P-Usine_A-000483,31.6,4.2,1513,NON,0
2023-10-26 16:34:03,P-Usine_A-000484,31.0,4.1,1596,NON,0
2023-10-26 16:35:28,P-Usine_A-000485,29.2,4.0,1504,NON,0
2023-10-26 16:44:27,P-Usine_A-000486,28.9,5.2,1538,NON,0
2023-10-26 16:39:42,P-Usine_A-000487,31.0,4.6,1518,NON,0
2023-10-26 16:40:59,P-Usine_A-000488,30.0,4.4,1506,NON,0
2023-10-26 16:47:09,P-Usine_A-000489,27.1,5.0,1579,NON,0
2023-10-26 16:46:20,P-Usine_A-000490,30.9,4.9,1575,NON,0
2023-10-26 16:40:53,P-Usine_A-000491,30.1,4.7,1529,NON,0
2023-10-26 16:42:17,P-Usine_A-000492,33.3,4.4,1522,NON,0
2023-10-26 16:52:00,P-Usine_A-000493,25.8,5.4,1574,NON,0
2023-10-26 16:48:34,P-Usine_A-000494,34.0,6.0,1525,NON,0
2023-10-26 16:53:11,P-Usine_A-000495,29.0,4.3,1576,NON,0
2023-10-26 16:49:14,P-Usine_A-000496,25.3,4.8,1586,OUI,0
2023-10-26 16:47:42,P-Usine_A-000497,26.9,5.8,1500,NON,0
2023-10-26 16:53:08,P-Usine_A-000498,29.8,5.5,1507,NON,0
2023-10-26 16:56:14,P-Usine_A-000499,29.1,5.5,1552,OUI,999.9
2023-10-26 16:50:28,P-Usine_A-000500,32.3,4.9,1566,NON,0
2023-10-26 16:53:43,P-Usine_A-000501,27.7,4.8,1512,NON,0
2023-10-26 16:53:43,P-Usine_A-000501,27.7,4.8,1512,NON,0
2023-10-26 16:51:53,P-Usine_A-000502,29.5,5.1,1520,NON,0
2023-10-26 16:59:37,P-Usine_A-000503,32.5,5.0,1520,NON,0
,P-Usine_A-000504,28.0,5.0,1524,NON,0
2023-10-26 16:58:55,P-Usine_A-000505,27.5,4.4,1571,OUI,2
2023-10-26 16:56:45,P-Usine_A-000506,29.4,5.5,1519,NON,0
2023-10-26 16:59:45,P-Usine_A-000507,28.7,4.8,1588,NON,0
2023-10-26 17:07:50,P-Usine_A-000508,34.6,5.7,1592,NON,0
2023-10-26 17:01:25,P-Usine_A-000509,25.4,5.6,1544,NON,0
2023-10-26 17:05:37,P-Usine_A-000510,31.0,4.1,1513,NON,0
2023-10-26 17:09:08,P-Usine_A-000511,26.8,5.0,1542,NON,0
2023-10-26 17:07:17,P-Usine_A-000512,30.9,5.4,1530,NON,0
2023-10-26 17:05:16,P-Usine_A-000513,30.3,4.3,1536,NON,0
2023-10-26 17:09:54,P-Usine_A-000514,28.5,5.5,1528,NON,0
2023-10-26 17:05:12,P-Usine_A-000515,26.8,4.2,1564,NON,0
2023-10-26 17:08:21,P-Usine_A-000516,31.8,4.0,1546,NON,0
2023-10-26 17:12:04,P-Usine_A-000517,32.5,5.9,1574,NON,0
2023-10-26 17:10:57,P-Usine_A-000518,28.2,5.0,1567,NON,0
2023-10-26 17:14:23,P-Usine_A-000519,29.7,4.1,1506,NON,0
2023-10-26 17:19:34,P-Usine_A-000520,27.8,5.2,1578,NON,0
2023-10-26 17:17:22,P-Usine_A-000521,25.3,4.4,1577,NON,0
2023-10-26 17:14:16,P-Usine_A-000522,32.4,4.4,1571,NON,0
2023-10-26 17:18:41,P-Usine_A-000523,31.1,5.6,1550,NON,0
2023-10-26 17:18:21,P-Usine_A-000524,,5.0,1518,NON,0
2023-10-26 17:21:32,P-Usine_A-000525,27.6,4.8,1532,NON,0
2023-10-26 17:16:04,P-Usine_A-000526,29.5,5.5,1550,OUI,0
2023-10-26 17:20:36,P-Usine_A-000527,30.3,5.5,1581,NON,0
2023-10-26 17:20:36,P-Usine_A-000527,30.3,5.5,1581,NON,0
2023-10-26 17:25:31,P-Usine_A-000528,26.3,6.0,1571,NON,0
2023-10-26 17:23:30,P-Usine_A-000529,28.9,4.8,1516,NON,0
2023-10-26 17:23:52,P-Usine_A-000530,25.6,5.2,1515,NON,0
2023-10-26 17:28:45,P-Usine_A-000531,34.1,5.6,1580,NON,0
2023-10-26 17:26:05,P-Usine_A-000532,34.5,4.5,1575,NON,0
2023-10-26 17:26:57,P-Usine_A-000533,32.7,5.6,1508,NON,0
2023-10-26 17:27:45,P-Usine_A-000534,30.9,4.7,1589,NON,0
2023-10-26 17:26:08,P-Usine_A-000535,30.8,5.5,1539,NON,0
2023-10-26 17:31:48,P-Usine_A-000536,29.4,4.7,1592,NON,1
2023-10-26 17:35:03,P-Usine_A-000537,32.8,4.1,1515,NON,0
2023-10-26 17:30:32,P-Usine_A-000538,26.0,4.5,1526,NON,0
2023-10-26 17:37:57,P-Usine_A-000539,27.4,4.4,1556,NON,0
2023-10-26 17:32:34,P-Usine_A-000540,25.7,5.0,1555,NON,0
2023-10-26 17:37:29,P-Usine_A-000541,31.0,4.5,1559,NON,0
2023-10-26 17:31:59,P-Usine_A-000542,25.3,5.5,1579,NON,0
2023-10-26 17:39:33,P-Usine_A-000543,29.5,4.7,1501,NON,0
2023-10-26 17:43:00,P-Usine_A-000544,31.8,5.9,1596,NON,3
2023-10-26 17:37:54,P-Usine_A-000545,29.1,5.4,1513,NON,0
2023-10-26 17:42:40,P-Usine_A-000546,30.7,5.6,1531,NON,0
2023-10-26 17:36:25,P-Usine_A-000547,33.4,4.9,1587,NON,0
2023-10-26 17:43:13,P-Usine_A-000548,31.1,5.9,1502,NON,1
2023-10-26 17:47:18,P-Usine_A-000549,29.2,5.2,1515,NON,0
2023-10-26 17:46:58,P-Usine_A-000550,29.3,5.1,1538,NON,0
2023-10-26 17:49:17,P-Usine_A-000551,29.5,4.4,1524,NON,0
2023-10-26 17:47:48,P-Usine_A-000552,31.7,5.9,1541,NON,0
2023-10-26 17:47:57,P-Usine_A-000553,26.2,4.9,1571,NON,0
2023-10-26 17:49:44,P-Usine_A-000554,27.6,999.9,1593,NON,0
2023-10-26 17:51:18,P-Usine_A-000555,999.9,5.7,1542,NON,0
2023-10-26 17:45:07,P-Usine_A-000556,32.4,5.0,1584,NON,0
2023-10-26 17:47:12,P-Usine_A-000557,30.7,4.4,1540,NON,0
2023-10-26 17:54:16,P-Usine_A-000558,32.1,4.5,1592,NON,0
2023-10-26 17:56:40,P-Usine_A-000559,28.0,4.5,1577,NON,0
2023-10-26 17:50:59,P-Usine_A-000560,32.5,5.8,1534,NON,0
2023-10-26 17:56:18,P-Usine_A-000561,26.2,4.7,1535,NON,0
2023-10-26 18:00:09,P-Usine_A-000562,25.8,4.4,1502,NON,0
2023-10-26 18:00:09,P-Usine_A-000562,25.8,4.4,1502,NON,0
2023-10-26 18:00:54,P-Usine_A-000563,27.5,5.5,1541,NON,0
2023-10-26 17:57:11,P-Usine_A-000564,30.6,5.3,1540,NON,0
2023-10-26 17:57:39,P-Usine_A-000565,32.3,4.4,1512,NON,1
2023-10-26 18:01:55,P-Usine_A-000566,28.5,4.8,1561,NON,0
2023-10-26 18:01:31,P-Usine_A-000567,27.5,4.5,1580,NON,0
2023-10-26 18:06:35,P-Usine_A-000568,33.9,4.6,1556,NON,2
2023-10-26 17:59:55,P-Usine_A-000569,27.3,5.4,1564,NON,0
2023-10-26 18:06:25,P-Usine_A-000570,33.0,4.4,1519,NON,0
2023-10-26 18:05:19,P-Usine_A-000571,25.6,4.1,1585,NON,0
2023-10-26 18:10:11,P-Usine_A-000572,31.6,5.5,1582,NON,1
2023-10-26 18:06:02,P-Usine_A-000573,26.4,5.8,1583,NON,0
2023-10-26 18:11:57,P-Usine_A-000574,25.6,4.9,1584,NON,0
2023-10-26 18:09:33,P-Usine_A-000575,26.1,4.1,1523,NON,0
2023-10-26 18:15:25,P-Usine_A-000576,25.6,5.0,1558,OUI,0
2023-10-26 18:12:20,P-Usine_A-000577,25.1,4.9,1527,NON,0
2023-10-26 18:09:16,P-Usine_A-000578,28.7,5.8,1545,NON,0
2023-10-26 18:14:17,P-Usine_A-000579,32.4,5.1,1528,NON,0
2023-10-26 18:10:09,P-Usine_A-000580,30.7,5.9,1527,NON,0
2023-10-26 18:10:39,P-Usine_A-000581,32.2,5.0,1500,NON,0
2023-10-26 18:20:00,P-Usine_A-000582,29.1,4.6,1570,NON,0
2023-10-26 18:20:26,P-Usine_A-000583,32.6,4.9,1560,NON,0
2023-10-26 18:20:26,P-Usine_A-000583,32.6,4.9,1560,NON,0
2023-10-26 18:21:20,P-Usine_A-000584,30.4,5.3,1516,NON,0
2023-10-26 18:15:10,P-Usine_A-000585,32.8,5.0,1591,NON,0
2023-10-26 18:22:59,P-Usine_A-000586,25.4,5.0,1589,NON,0
2023-10-26 18:16:49,P-Usine_A-000587,30.1,5.7,1504,NON,0
2023-10-26 18:20:09,P-Usine_A-000588,27.5,4.9,1500,NON,0
2023-10-26 18:18:49,P-Usine_A-000589,29.5,5.7,1571,NON,0
2023-10-26 18:19:46,P-Usine_A-000590,27.7,4.5,1534,NON,0
2023-10-26 18:25:05,P-Usine_A-000591,25.4,4.1,1598,NON,1
2023-10-26 18:24:53,P-Usine_A-000592,28.7,5.8,1559,NON,0
2023-10-26 18:24:53,P-Usine_A-000592,28.7,5.8,1559,NON,0
2023-10-26 18:23:35,P-Usine_A-000593,33.9,4.7,1562,NON,0
2023-10-26 18:29:30,P-Usine_A-000594,33.2,4.7,1561,NON,0
2023-10-26 18:29:24,P-Usine_A-000595,26.0,5.4,1583,OUI,0
2023-10-26 18:25:37,P-Usine_A-000596,32.4,4.7,1567,NON,0
2023-10-26 18:28:13,P-Usine_A-000597,27.9,5.1,1511,NON,0
2023-10-26 18:28:13,P-Usine_A-000597,27.9,5.1,1511,NON,0
2023-10-26 18:31:11,P-Usine_A-000598,28.5,4.9,1535,NON,0
2023-10-26 18:30:05,P-Usine_A-000599,27.3,5.8,1523,NON,0
2023-10-26 18:37:08,P-Usine_A-000600,27.2,4.3,1534,NON,0
2023-10-26 18:40:31,P-Usine_A-000601,27.2,4.8,1532,NON,1
2023-10-26 18:35:33,P-Usine_A-000602,34.7,5.1,1531,NON,0
2023-10-26 18:35:34,P-Usine_A-000603,32.9,5.7,1586,NON,0
2023-10-26 18:42:20,P-Usine_A-000604,25.4,5.8,1542,NON,0
2023-10-26 18:39:36,P-Usine_A-000605,31.5,5.7,1543,NON,0
2023-10-26 18:37:42,P-Usine_A-000606,32.8,5.3,1537,NON,0
2023-10-26 18:46:04,P-Usine_A-000607,27.7,4.3,1549,NON,0
2023-10-26 18:46:04,P-Usine_A-000607,27.7,4.3,1549,NON,0
2023-10-26 18:45:16,P-Usine_A-000608,25.3,4.1,1538,NON,0
2023-10-26 18:43:41,P-Usine_A-000609,34.7,4.4,1560,NON,0
2023-10-26 18:43:54,P-Usine_A-000610,31.6,4.3,1506,NON,0
2023-10-26 18:43:54,P-Usine_A-000610,31.6,4.3,1506,NON,0
2023-10-26 18:47:27,P-Usine_A-000611,26.2,4.7,1517,NON,0
2023-10-26 18:50:16,P-Usine_A-000612,28.4,4.3,1547,NON,0
2023-10-26 18:45:34,P-Usine_A-000613,26.7,5.9,1518,NON,0
2023-10-26 18:46:56,P-Usine_A-000614,28.2,4.4,1577,NON,0
2023-10-26 18:51:04,P-Usine_A-000615,25.9,5.6,1560,NON,0
2023-10-26 18:49:33,P-Usine_A-000616,29.9,4.8,1549,NON,0
2023-10-26 18:49:56,P-Usine_A-000617,33.3,5.3,1516,NON,0
2023-10-26 18:54:29,P-Usine_A-000618,33.7,4.4,1583,OUI,0
2023-10-26 18:51:28,P-Usine_A-000619,34.6,5.4,1547,OUI,0
2023-10-26 18:50:46,P-Usine_A-000620,25.5,5.6,1546,NON,0
2023-10-26 18:59:52,P-Usine_A-000621,33.0,5.6,1516,NON,0
2023-10-26 18:55:09,P-Usine_A-000622,34.2,4.2,1546,NON,0
2023-10-26 19:02:21,P-Usine_A-000623,26.0,5.0,1508,NON,0
2023-10-26 18:53:46,P-Usine_A-000624,29.4,5.4,1520,NON,0
2023-10-26 19:01:34,P-Usine_A-000625,31.2,5.7,1506,NON,0
2023-10-26 19:01:49,P-Usine_A-000626,30.0,4.6,1539,NON,0
2023-10-26 18:58:55,P-Usine_A-000627,32.5,4.0,1581,NON,0
2023-10-26 19:00:01,P-Usine_A-000628,31.2,5.9,1518,OUI,0
2023-10-26 19:03:54,P-Usine_A-000629,26.2,5.1,1512,NON,0
2023-10-26 19:02:03,P-Usine_A-000630,29.2,4.5,1534,NON,0
2023-10-26 19:01:04,P-Usine_A-000631,26.3,5.1,1565,NON,0
2023-10-26 19:07:40,P-Usine_A-000632,29.6,4.1,1510,NON,0
2023-10-26 19:07:57,P-Usine_A-000633,32.0,5.0,1533,NON,0
2023-10-26 19:09:46,P-Usine_A-000634,34.7,5.7,1587,NON,0
2023-10-26 19:08:40,P-Usine_A-000635,30.6,4.0,1515,NON,0
2023-10-26 19:07:17,P-Usine_A-000636,29.0,6.0,1547,NON,0
2023-10-26 19:11:38,P-Usine_A-000637,26.3,5.1,1575,NON,0
2023-10-26 19:09:51,P-Usine_A-000638,26.2,4.6,1549,NON,0
2023-10-26 19:12:50,P-Usine_A-000639,29.2,5.9,1523,NON,1
2023-10-26 19:20:28,P-Usine_A-000640,27.6,5.7,1504,NON,3
2023-10-26 19:13:59,P-Usine_A-000641,25.2,4.0,1536,NON,0
2023-10-26 19:18:54,P-Usine_A-000642,30.5,4.6,1504,NON,1
2023-10-26 19:17:44,P-Usine_A-000643,34.3,5.7,1501,NON,0
2023-10-26 19:15:44,P-Usine_A-000644,29.4,4.6,1595,NON,0
2023-10-26 19:19:36,P-Usine_A-000645,30.4,5.2,1564,NON,1
2023-10-26 19:18:26,P-Usine_A-000646,31.9,4.4,1586,NON,3
2023-10-26 19:19:38,P-Usine_A-000647,33.4,5.5,1539,NON,0
2023-10-26 19:28:46,P-Usine_A-000648,34.1,4.6,1560,NON,0
2023-10-26 19:23:18,P-Usine_A-000649,33.9,4.9,1578,NON,0
2023-10-26 19:28:21,P-Usine_A-000650,26.3,4.7,1595,NON,0
2023-10-26 19:27:55,P-Usine_A-000651,29.7,5.3,1546,NON,0
2023-10-26 19:24:00,P-Usine_A-000652,27.7,4.5,1585,NON,0
2023-10-26 19:27:49,P-Usine_A-000653,27.0,4.7,1578,OUI,0
2023-10-26 19:33:17,P-Usine_A-000654,32.4,4.3,1596,NON,0
2023-10-26 19:33:00,P-Usine_A-000655,31.6,5.7,1579,NON,2
2023-10-26 19:28:50,P-Usine_A-000656,33.9,4.3,1547,NON,3
2023-10-26 19:35:35,P-Usine_A-000657,33.2,4.1,1573,NON,0
2023-10-26 19:38:35,P-Usine_A-000658,32.2,4.3,1528,NON,0
2023-10-26 19:30:33,P-Usine_A-000659,33.4,4.5,1549,NON,0
2023-10-26 19:33:46,P-Usine_A-000660,31.1,4.8,1502,NON,0
2023-10-26 19:37:02,P-Usine_A-000661,30.5,4.4,1597,NON,0
2023-10-26 19:35:35,P-Usine_A-000662,28.5,5.3,1518,OUI,0
2023-10-26 19:35:26,P-Usine_A-000663,29.9,4.7,1508,NON,0
2023-10-26 19:42:44,P-Usine_A-000664,25.2,4.2,1520,NON,0
2023-10-26 19:43:56,P-Usine_A-000665,31.0,4.6,1505,NON,0
2023-10-26 19:38:08,P-Usine_A-000666,28.7,5.4,1524,NON,0
2023-10-26 19:47:43,P-Usine_A-000667,32.0,4.9,1535,NON,0
2023-10-26 19:47:17,P-Usine_A-000668,30.5,4.2,1561,NON,0
2023-10-26 19:40:42,P-Usine_A-000669,28.5,4.8,1514,NON,0
2023-10-26 19:43:39,P-Usine_A-000670,26.7,4.1,1531,NON,0
2023-10-26 19:49:24,P-Usine_A-000671,27.8,5.3,1542,NON,0
2023-10-26 19:49:19,P-Usine_A-000672,34.1,4.2,1557,NON,2
2023-10-26 19:45:06,P-Usine_A-000673,25.6,4.2,1582,NON,0
2023-10-26 19:45:35,P-Usine_A-000674,29.6,5.5,1534,NON,0
2023-10-26 19:50:31,P-Usine_A-000675,26.4,5.3,1544,NON,0
2023-10-26 19:48:44,P-Usine_A-000676,28.7,5.8,1518,NON,0
2023-10-26 19:54:25,P-Usine_A-000677,34.6,4.6,1564,OUI,0
2023-10-26 19:56:35,P-Usine_A-000678,31.1,4.3,1592,NON,0
2023-10-26 19:56:35,P-Usine_A-000678,31.1,4.3,1592,NON,0
2023-10-26 19:59:10,P-Usine_A-000679,30.2,4.6,1559,NON,0
2023-10-26 19:52:02,P-Usine_A-000680,28.1,4.2,1518,OUI,0
2023-10-26 20:00:58,P-Usine_A-000681,25.1,4.6,1577,NON,1
2023-10-26 20:00:27,P-Usine_A-000682,27.0,4.1,1531,NON,0
2023-10-26 19:56:06,P-Usine_A-000683,26.5,4.6,1508,NON,0
2023-10-26 20:02:53,P-Usine_A-000684,25.6,5.9,1554,NON,1
2023-10-26 20:03:53,P-Usine_A-000685,27.2,4.1,1592,NON,2
2023-10-26 20:06:12,P-Usine_A-000686,28.6,5.6,1501,NON,0
2023-10-26 20:04:52,P-Usine_A-000687,27.2,4.3,1538,NON,0
2023-10-26 20:00:21,P-Usine_A-000688,32.2,4.8,1583,NON,3
2023-10-26 20:02:19,P-Usine_A-000689,31.1,4.2,1526,NON,0
2023-10-26 20:08:29,P-Usine_A-000690,25.8,5.3,1531,NON,0
2023-10-26 20:06:10,P-Usine_A-000691,30.0,4.6,1599,NON,0
2023-10-26 20:05:52,P-Usine_A-000692,25.8,4.1,1507,NON,1
2023-10-26 20:10:43,P-Usine_A-000693,999.9,4.5,1577,NON,0
2023-10-26 20:14:41,P-Usine_A-000694,25.8,5.5,1573,NON,0
2023-10-26 20:08:38,P-Usine_A-000695,33.1,4.4,1528,NON,0
2023-10-26 20:15:32,P-Usine_A-000696,26.0,5.8,1556,OUI,0
2023-10-26 20:10:07,P-Usine_A-000697,25.9,4.4,1507,NON,0
2023-10-26 20:13:45,P-Usine_A-000698,33.2,4.9,1507,NON,0
2023-10-26 20:15:28,P-Usine_A-000699,29.8,4.1,1506,NON,0
2023-10-26 20:17:57,P-Usine_A-000700,34.9,5.6,1598,NON,0
2023-10-26 20:20:56,P-Usine_A-000701,26.0,5.8,1549,NON,0
2023-10-26 20:20:43,P-Usine_A-000702,31.7,5.2,1501,OUI,0
2023-10-26 20:20:46,P-Usine_A-000703,25.3,4.4,1544,NON,0
2023-10-26 20:19:20,P-Usine_A-000704,34.7,5.1,1529,NON,0
2023-10-26 20:24:16,P-Usine_A-000705,32.8,4.8,1599,NON,0
2023-10-26 20:23:23,P-Usine_A-000706,26.4,4.9,1513,NON,0
2023-10-26 20:21:59,P-Usine_A-000707,33.5,5.7,1586,NON,0
2023-10-26 20:22:24,P-Usine_A-000708,27.9,5.7,1588,NON,0
2023-10-26 20:28:23,P-Usine_A-000709,33.7,999.9,1593,NON,0
2023-10-26 20:23:06,P-Usine_A-000710,34.8,4.2,1575,NON,0
2023-10-26 20:25:26,P-Usine_A-000711,25.0,5.3,1596,NON,0
2023-10-26 20:26:08,P-Usine_A-000712,34.7,5.0,1525,NON,0
2023-10-26 20:32:37,P-Usine_A-000713,29.0,4.2,1528,NON,0
2023-10-26 20:27:45,P-Usine_A-000714,34.6,4.6,1546,NON,3
2023-10-26 20:34:42,P-Usine_A-000715,28.2,4.9,1586,NON,0
2023-10-26 20:30:21,P-Usine_A-000716,27.1,4.7,1570,NON,0
2023-10-26 20:32:25,P-Usine_A-000717,34.4,5.4,1562,OUI,0
2023-10-26 20:36:25,P-Usine_A-000718,25.6,5.4,1519,NON,3
2023-10-26 20:36:08,P-Usine_A-000719,25.2,5.5,1524,NON,0
2023-10-26 20:40:31,P-Usine_A-000720,29.8,5.7,1552,NON,0
2023-10-26 20:40:13,P-Usine_A-000721,27.6,5.3,1513,NON,0
2023-10-26 20:34:02,P-Usine_A-000722,30.9,5.4,1517,NON,0
2023-10-26 20:34:37,P-Usine_A-000723,31.9,999.9,1564,NON,0
2023-10-26 20:41:12,P-Usine_A-000724,29.9,4.8,1549,NON,0
2023-10-26 20:43:03,P-Usine_A-000725,31.2,999.9,1511,OUI,0
2023-10-26 20:45:08,P-Usine_A-000726,26.1,5.4,1501,NON,0
2023-10-26 20:44:30,P-Usine_A-000727,29.5,4.4,1514,OUI,0
2023-10-26 20:46:56,P-Usine_A-000728,28.0,4.1,1513,NON,0
2023-10-26 20:43:24,P-Usine_A-000729,26.4,6.0,1523,NON,0
2023-10-26 20:45:55,P-Usine_A-000730,27.0,5.1,1563,OUI,0
2023-10-26 20:43:56,P-Usine_A-000731,32.3,4.3,1513,NON,0
2023-10-26 20:44:33,P-Usine_A-000732,28.9,5.3,1559,NON,0
2023-10-26 20:53:54,P-Usine_A-000733,28.3,4.6,1593,NON,0
2023-10-26 20:49:50,P-Usine_A-000734,34.1,5.4,1559,OUI,0
2023-10-26 20:52:29,P-Usine_A-000735,29.9,4.9,1594,NON,0
2023-10-26 20:52:30,P-Usine_A-000736,28.7,4.1,1573,NON,1
2023-10-26 20:54:40,P-Usine_A-000737,27.4,999.9,1575,NON,0
2023-10-26 20:56:39,P-Usine_A-000738,29.3,4.8,1584,NON,3
2023-10-26 20:51:36,P-Usine_A-000739,33.1,4.6,1573,NON,0
2023-10-26 20:51:36,P-Usine_A-000739,33.1,4.6,1573,NON,0
2023-10-26 20:57:44,P-Usine_A-000740,29.7,5.7,1541,NON,0
2023-10-26 20:53:21,P-Usine_A-000741,32.0,5.6,1572,NON,0
2023-10-26 20:55:49,P-Usine_A-000742,32.8,4.6,1510,OUI,0
2023-10-26 20:55:45,P-Usine_A-000743,30.9,5.0,1590,OUI,1
2023-10-26 21:03:59,P-Usine_A-000744,28.0,4.9,1540,NON,0
2023-10-26 20:57:13,P-Usine_A-000745,25.4,4.7,1565,OUI,0
2023-10-26 21:04:09,P-Usine_A-000746,30.6,5.0,1539,NON,0
2023-10-26 21:02:19,P-Usine_A-000747,25.7,5.9,1595,NON,0
2023-10-26 21:06:02,P-Usine_A-000748,25.3,5.2,1576,NON,0
2023-10-26 21:04:11,P-Usine_A-000749,25.6,4.4,1577,NON,0
2023-10-26 21:10:50,P-Usine_A-000750,25.7,4.6,1568,NON,0
2023-10-26 21:07:18,P-Usine_A-000751,31.1,4.4,1527,OUI,2
2023-10-26 21:07:24,P-Usine_A-000752,27.8,4.1,1578,NON,0
2023-10-26 21:10:21,P-Usine_A-000753,27.7,4.3,1562,NON,0
2023-10-26 21:11:23,P-Usine_A-000754,27.1,4.6,1584,NON,0
2023-10-26 21:09:37,P-Usine_A-000755,34.2,4.7,1523,NON,1
2023-10-26 21:08:46,P-Usine_A-000756,33.2,5.1,1533,NON,0
2023-10-26 21:15:07,P-Usine_A-000757,31.8,5.2,1507,NON,0
2023-10-26 21:19:11,P-Usine_A-000758,32.2,5.8,1588,NON,0
2023-10-26 21:18:56,P-Usine_A-000759,33.7,5.4,1552,NON,0
2023-10-26 21:21:10,P-Usine_A-000760,30.4,5.5,1569,NON,0
2023-10-26 21:20:54,P-Usine_A-000761,33.3,4.3,1572,NON,1
2023-10-26 21:16:53,P-Usine_A-000762,31.0,4.2,1528,NON,0
2023-10-26 21:23:56,P-Usine_A-000763,,6.0,1553,NON,0
2023-10-26 21:16:40,P-Usine_A-000764,33.3,5.3,1541,NON,0
2023-10-26 21:25:16,P-Usine_A-000765,25.7,4.5,1551,NON,0
2023-10-26 21:23:35,P-Usine_A-000766,26.7,4.4,1533,NON,0
2023-10-26 21:23:52,P-Usine_A-000767,27.7,4.5,1512,NON,0
2023-10-26 21:19:31,P-Usine_A-000768,33.9,5.0,1512,NON,0
2023-10-26 21:23:44,P-Usine_A-000769,29.1,4.3,1582,NON,0
2023-10-26 21:25:34,P-Usine_A-000770,26.7,5.6,1571,NON,3
2023-10-26 21:25:30,P-Usine_A-000771,33.8,5.2,1595,NON,0
2023-10-26 21:31:04,P-Usine_A-000772,27.8,5.7,1528,NON,0
2023-10-26 21:26:44,P-Usine_A-000773,31.2,5.6,1580,NON,0
2023-10-26 21:33:55,P-Usine_A-000774,34.0,4.8,1523,NON,0
2023-10-26 21:28:51,P-Usine_A-000775,999.9,4.2,1512,NON,0
2023-10-26 21:35:08,P-Usine_A-000776,26.6,5.3,1509,NON,0
2023-10-26 21:27:52,P-Usine_A-000777,35.0,5.2,1552,NON,0
2023-10-26 21:33:10,P-Usine_A-000778,34.4,4.0,1528,OUI,0
2023-10-26 21:34:33,P-Usine_A-000779,29.7,5.7,1524,NON,0
2023-10-26 21:32:08,P-Usine_A-000780,29.8,5.6,1570,NON,0
2023-10-26 21:38:26,P-Usine_A-000781,33.9,5.6,1537,NON,0
2023-10-26 21:33:25,P-Usine_A-000782,32.6,5.8,1561,NON,0
2023-10-26 21:36:40,P-Usine_A-000783,33.7,5.5,1538,NON,0
2023-10-26 21:38:39,P-Usine_A-000784,30.7,5.5,1509,NON,0
2023-10-26 21:39:47,P-Usine_A-000785,34.6,5.6,1508,OUI,2
2023-10-26 21:41:26,P-Usine_A-000786,32.8,5.6,1573,NON,0
2023-10-26 21:44:11,P-Usine_A-000787,30.5,5.9,1547,NON,0
2023-10-26 21:38:37,P-Usine_A-000788,30.0,5.4,1590,NON,0
2023-10-26 21:48:13,P-Usine_A-000789,26.4,5.3,1597,OUI,0
2023-10-26 21:45:13,P-Usine_A-000790,26.0,5.6,1534,NON,0
2023-10-26 21:47:18,P-Usine_A-000791,31.5,4.3,1568,NON,0
2023-10-26 21:45:14,P-Usine_A-000792,27.6,5.8,1522,NON,0
2023-10-26 21:50:34,P-Usine_A-000793,30.4,4.2,1535,NON,0
2023-10-26 21:51:15,P-Usine_A-000794,26.3,4.8,1586,NON,3
2023-10-26 21:55:02,P-Usine_A-000795,34.8,5.4,1546,NON,0
2023-10-26 21:47:23,P-Usine_A-000796,26.7,6.0,1520,NON,0
2023-10-26 21:53:26,P-Usine_A-000797,29.5,999.9,1548,OUI,0
2023-10-26 21:54:57,P-Usine_A-000798,25.9,5.8,1532,NON,0
2023-10-26 21:50:41,P-Usine_A-000799,27.3,5.7,1513,NON,0
2023-10-26 21:56:36,P-Usine_A-000800,32.3,5.0,1567,NON,0
2023-10-26 21:52:15,P-Usine_A-000801,26.3,5.2,1521,NON,0
2023-10-26 21:56:18,P-Usine_A-000802,31.9,5.2,1584,NON,0
2023-10-26 22:03:32,P-Usine_A-000803,25.8,5.6,1514,NON,0
2023-10-26 22:01:10,P-Usine_A-000804,31.3,4.6,1508,NON,0
2023-10-26 22:04:43,P-Usine_A-000805,31.5,4.4,1590,OUI,3
2023-10-26 22:00:30,P-Usine_A-000806,28.6,4.2,1518,NON,0
2023-10-26 22:01:08,P-Usine_A-000807,27.9,5.5,1590,999.9,0
2023-10-26 22:02:20,P-Usine_A-000808,33.6,4.9,1587,NON,0
2023-10-26 22:07:55,P-Usine_A-000809,27.4,5.0,1506,NON,0
2023-10-26 22:04:23,P-Usine_A-000810,30.2,4.1,1523,NON,0
2023-10-26 22:10:18,P-Usine_A-000811,28.6,4.9,1577,NON,0
2023-10-26 22:08:35,P-Usine_A-000812,33.0,4.5,1537,NON,0
2023-10-26 22:11:10,P-Usine_A-000813,31.8,5.6,1541,NON,0
2023-10-26 22:07:07,P-Usine_A-000814,30.6,4.8,1590,NON,0
2023-10-26 22:12:35,P-Usine_A-000815,34.6,4.5,1572,NON,3
2023-10-26 22:13:26,P-Usine_A-000816,32.9,4.7,1529,NON,0
2023-10-26 22:12:12,P-Usine_A-000817,28.3,5.4,1526,NON,0
2023-10-26 22:11:41,P-Usine_A-000818,33.7,4.0,1587,NON,0
2023-10-26 22:12:48,P-Usine_A-000819,30.3,4.6,1584,NON,2
2023-10-26 22:20:23,P-Usine_A-000820,28.1,6.0,1514,NON,0
2023-10-26 22:16:47,P-Usine_A-000821,32.4,5.5,1524,NON,0
2023-10-26 22:15:23,P-Usine_A-000822,34.4,4.2,1591,NON,0
2023-10-26 22:16:06,P-Usine_A-000823,28.4,5.8,1567,OUI,0
2023-10-26 22:15:42,P-Usine_A-000824,28.5,4.6,1521,NON,0
2023-10-26 22:21:29,P-Usine_A-000825,27.0,6.0,1597,NON,0
2023-10-26 22:23:56,P-Usine_A-000826,30.0,5.3,1577,NON,0
2023-10-26 22:24:24,P-Usine_A-000827,26.2,5.2,1586,NON,0
2023-10-26 22:27:48,P-Usine_A-000828,29.2,4.3,1533,NON,0
2023-10-26 22:29:04,P-Usine_A-000829,31.4,5.5,1507,NON,0
2023-10-26 22:23:46,P-Usine_A-000830,29.4,4.8,1556,NON,3
2023-10-26 22:22:20,P-Usine_A-000831,31.2,4.7,1519,NON,0
2023-10-26 22:25:25,P-Usine_A-000832,27.1,5.6,1594,NON,0
2023-10-26 22:30:22,P-Usine_A-000833,34.0,5.9,1599,NON,0
2023-10-26 22:26:32,P-Usine_A-000834,32.4,4.2,1502,NON,0
2023-10-26 22:28:56,P-Usine_A-000835,30.1,5.0,1541,NON,2
2023-10-26 22:35:09,P-Usine_A-000836,26.8,5.6,1517,NON,0
2023-10-26 22:30:27,P-Usine_A-000837,29.8,5.7,1564,NON,3
2023-10-26 22:31:03,P-Usine_A-000838,26.1,5.8,1529,NON,0
2023-10-26 22:30:47,P-Usine_A-000839,30.0,5.8,1589,NON,0
2023-10-26 22:31:57,P-Usine_A-000840,26.8,4.8,1528,OUI,0
2023-10-26 22:34:34,P-Usine_A-000841,31.6,4.3,1505,NON,0
2023-10-26 22:31:51,P-Usine_A-000842,27.9,5.9,1509,NON,
2023-10-26 22:34:46,P-Usine_A-000843,29.1,5.8,1570,NON,0
2023-10-26 22:36:51,P-Usine_A-000844,34.3,4.5,1570,NON,0
2023-10-26 22:37:35,P-Usine_A-000845,32.1,5.6,1541,NON,0
2023-10-26 22:44:41,P-Usine_A-000846,25.3,4.8,1540,NON,0
2023-10-26 22:46:26,P-Usine_A-000847,34.2,4.7,1544,NON,0
2023-10-26 22:42:51,P-Usine_A-000848,30.0,4.6,999.9,NON,1
2023-10-26 22:46:19,P-Usine_A-000849,33.8,5.3,1554,NON,0
2023-10-26 22:46:48,P-Usine_A-000850,26.2,4.4,1524,NON,2
2023-10-26 22:44:40,P-Usine_A-000851,32.1,5.9,1581,NON,0
2023-10-26 22:49:46,P-Usine_A-000852,25.6,4.5,1595,NON,0
2023-10-26 22:48:49,P-Usine_A-000853,28.7,5.1,1501,NON,0
2023-10-26 22:47:15,P-Usine_A-000854,25.8,5.9,1567,NON,0
,P-Usine_A-000855,30.9,5.9,1503,NON,0
2023-10-26 22:53:25,P-Usine_A-000856,30.5,4.8,1542,NON,0
2023-10-26 22:54:33,P-Usine_A-000857,32.5,5.1,1531,NON,0
2023-10-26 22:51:57,P-Usine_A-000858,26.2,5.0,1563,NON,0
2023-10-26 22:50:44,P-Usine_A-000859,31.1,5.1,1517,NON,0
2023-10-26 22:54:33,P-Usine_A-000860,33.6,4.7,1505,NON,1
2023-10-26 22:52:19,P-Usine_A-000861,30.5,5.3,1514,NON,0
2023-10-26 22:56:17,P-Usine_A-000862,34.0,5.5,1559,NON,0
2023-10-26 22:52:51,P-Usine_A-000863,25.0,5.0,1517,NON,0
2023-10-26 23:03:41,P-Usine_A-000864,34.9,4.5,1520,NON,0
2023-10-26 23:03:34,P-Usine_A-000865,34.5,4.8,1553,NON,0
2023-10-26 22:58:53,P-Usine_A-000866,33.0,4.1,1563,NON,0
2023-10-26 23:05:25,P-Usine_A-000867,26.8,4.4,1552,NON,0
2023-10-26 23:01:36,P-Usine_A-000868,25.9,4.2,1554,OUI,3
2023-10-26 23:01:36,P-Usine_A-000868,25.9,4.2,1554,OUI,3
2023-10-26 23:04:01,P-Usine_A-000869,28.4,4.0,1566,NON,0
2023-10-26 23:10:09,P-Usine_A-000870,28.7,6.0,1513,NON,0
2023-10-26 23:04:13,P-Usine_A-000871,27.6,5.4,1565,NON,0
2023-10-26 23:07:57,P-Usine_A-000872,25.7,5.8,1587,NON,2
2023-10-26 23:09:11,P-Usine_A-000873,32.0,4.2,1535,,0
2023-10-26 23:07:26,P-Usine_A-000874,29.7,4.6,1537,NON,0
2023-10-26 23:10:37,P-Usine_A-000875,28.1,6.0,1533,NON,0
2023-10-26 23:14:32,P-Usine_A-000876,33.5,5.0,1511,NON,0
2023-10-26 23:15:45,P-Usine_A-000877,26.5,4.4,1535,NON,0
2023-10-26 23:12:42,P-Usine_A-000878,32.3,5.5,1568,NON,0
2023-10-26 23:12:49,P-Usine_A-000879,34.7,4.0,1583,NON,0
2023-10-26 23:15:41,P-Usine_A-000880,27.0,5.4,1559,NON,0
2023-10-26 23:16:43,P-Usine_A-000881,25.9,4.3,1524,NON,1
2023-10-26 23:20:32,P-Usine_A-000882,33.9,4.8,1549,NON,0
2023-10-26 23:21:44,P-Usine_A-000883,33.5,5.0,1576,NON,0
2023-10-26 23:16:54,P-Usine_A-000884,25.5,4.4,1566,NON,0
2023-10-26 23:18:46,P-Usine_A-000885,30.9,4.9,1581,NON,0
2023-10-26 23:21:25,P-Usine_A-000886,25.8,4.6,1516,NON,0
2023-10-26 23:19:56,P-Usine_A-000887,28.2,5.5,1585,NON,0
2023-10-26 23:27:59,P-Usine_A-000888,30.3,4.0,1570,NON,0
2023-10-26 23:28:33,P-Usine_A-000889,29.3,5.0,1513,NON,0
2023-10-26 23:26:15,P-Usine_A-000890,26.0,5.2,1525,NON,0
2023-10-26 23:21:16,P-Usine_A-000891,26.5,5.4,1547,OUI,0
2023-10-26 23:31:48,P-Usine_A-000892,25.1,4.3,1523,NON,0
2023-10-26 23:23:31,P-Usine_A-000893,30.4,5.4,1564,NON,0
2023-10-26 23:26:11,P-Usine_A-000894,33.8,4.6,1556,NON,0
2023-10-26 23:34:20,P-Usine_A-000895,33.5,4.9,1529,,0
2023-10-26 23:34:24,P-Usine_A-000896,26.1,4.3,1501,NON,0
2023-10-26 23:35:25,P-Usine_A-000897,28.6,4.4,1512,OUI,0
2023-10-26 23:30:26,P-Usine_A-000898,27.7,5.4,1513,NON,3
2023-10-26 23:36:43,P-Usine_A-000899,28.6,5.9,1553,NON,0
2023-10-26 23:31:55,P-Usine_A-000900,32.0,5.8,1583,NON,0
2023-10-26 23:38:33,P-Usine_A-000901,27.2,5.9,1548,NON,0
2023-10-26 23:36:31,P-Usine_A-000902,27.4,4.6,1504,NON,0
2023-10-26 23:33:45,P-Usine_A-000903,30.7,5.4,1588,NON,0
2023-10-26 23:33:45,P-Usine_A-000903,30.7,5.4,1588,NON,0
2023-10-26 23:41:01,P-Usine_A-000904,32.7,999.9,1595,NON,0
2023-10-26 23:37:49,P-Usine_A-000905,30.7,5.5,1556,NON,0
2023-10-26 23:43:52,P-Usine_A-000906,27.8,5.6,1589,NON,0
2023-10-26 23:47:37,P-Usine_A-000907,28.6,5.6,1579,NON,0
2023-10-26 23:46:20,P-Usine_A-000908,33.2,5.6,1577,NON,
2023-10-26 23:47:52,P-Usine_A-000909,27.4,5.7,1552,NON,0
2023-10-26 23:41:49,P-Usine_A-000910,29.8,4.5,1543,NON,0
2023-10-26 23:51:20,P-Usine_A-000911,25.6,5.1,1537,NON,0
2023-10-26 23:45:40,P-Usine_A-000912,30.1,4.8,1507,NON,0
2023-10-26 23:52:07,P-Usine_A-000913,29.4,5.6,1593,NON,0
2023-10-26 23:45:38,P-Usine_A-000914,31.6,5.9,1591,NON,0
2023-10-26 23:45:38,P-Usine_A-000915,29.3,4.7,1544,OUI,0
2023-10-26 23:54:55,P-Usine_A-000916,25.1,4.3,1515,NON,0
2023-10-26 23:53:37,P-Usine_A-000917,33.8,4.5,1555,NON,0
2023-10-26 23:53:13,P-Usine_A-000918,28.7,4.2,1572,OUI,0
2023-10-26 23:54:28,P-Usine_A-000919,34.2,5.0,1541,NON,0
2023-10-26 23:57:02,P-Usine_A-000920,999.9,4.5,1593,NON,3
2023-10-26 23:58:12,P-Usine_A-000921,28.4,999.9,1558,NON,0
2023-10-27 00:01:11,P-Usine_A-000922,26.7,4.2,1552,NON,0
,P-Usine_A-000923,34.3,4.5,1543,NON,0
2023-10-26 23:55:28,P-Usine_A-000924,26.7,4.2,1548,NON,1
2023-10-26 23:56:55,P-Usine_A-000925,29.6,4.0,1576,NON,0
2023-10-27 00:05:19,P-Usine_A-000926,28.3,4.9,1507,NON,0
2023-10-27 00:05:19,P-Usine_A-000926,28.3,4.9,1507,NON,0
2023-10-27 00:01:15,P-Usine_A-000927,29.6,4.0,1505,NON,0
2023-10-27 00:03:57,P-Usine_A-000928,28.1,4.2,1544,NON,0
2023-10-27 00:07:40,P-Usine_A-000929,26.0,5.0,1517,NON,0
2023-10-27 00:08:44,P-Usine_A-000930,25.5,5.6,1566,999.9,0
2023-10-27 00:03:12,P-Usine_A-000931,32.0,4.3,1549,NON,0
2023-10-27 00:10:24,P-Usine_A-000932,33.7,,1513,NON,0
2023-10-27 00:11:25,P-Usine_A-000933,25.8,4.6,1522,NON,0
2023-10-27 00:07:39,P-Usine_A-000934,29.1,4.4,1578,NON,0
2023-10-27 00:12:05,P-Usine_A-000935,32.8,5.3,1529,NON,3
2023-10-27 00:10:54,P-Usine_A-000936,27.0,4.2,1523,NON,0
2023-10-27 00:08:48,P-Usine_A-000937,27.5,5.3,1546,NON,0
2023-10-27 00:11:43,P-Usine_A-000938,29.3,4.2,1561,NON,0
2023-10-27 00:09:06,P-Usine_A-000939,27.6,5.7,1503,NON,0
2023-10-27 00:14:35,P-Usine_A-000940,34.5,4.2,1563,OUI,0
2023-10-27 00:12:13,P-Usine_A-000941,32.3,5.2,1589,NON,0
2023-10-27 00:21:02,P-Usine_A-000942,34.9,5.0,1595,OUI,0
2023-10-27 00:15:00,P-Usine_A-000943,27.7,5.2,1598,NON,0
2023-10-27 00:14:57,P-Usine_A-000944,28.7,4.8,1537,NON,0
2023-10-27 00:23:33,P-Usine_A-000945,28.5,5.0,1583,NON,0
2023-10-27 00:23:18,P-Usine_A-000946,30.0,4.5,1503,NON,0
2023-10-27 00:17:10,P-Usine_A-000947,,5.3,1586,NON,0
2023-10-27 00:19:21,P-Usine_A-000948,29.9,4.3,1531,NON,0
2023-10-27 00:20:25,P-Usine_A-000949,27.2,5.0,1512,NON,0
2023-10-27 00:24:33,P-Usine_A-000950,34.2,5.9,1584,NON,0
2023-10-27 00:22:15,P-Usine_A-000951,29.2,,1557,OUI,0
2023-10-27 00:23:48,P-Usine_A-000952,31.4,5.8,1520,NON,0
2023-10-27 00:26:11,P-Usine_A-000953,26.0,4.8,1502,NON,0
2023-10-27 00:24:33,P-Usine_A-000954,28.7,999.9,1586,NON,0
2023-10-27 00:28:42,P-Usine_A-000955,26.3,5.4,1515,NON,0
2023-10-27 00:29:34,P-Usine_A-000956,29.7,5.2,1510,OUI,0
2023-10-27 00:34:33,P-Usine_A-000957,27.3,4.9,1537,NON,0
2023-10-27 00:35:01,P-Usine_A-000958,31.0,4.2,1555,NON,0
2023-10-27 00:32:45,P-Usine_A-000959,28.2,5.8,1584,NON,0
2023-10-27 00:37:50,P-Usine_A-000960,27.0,5.3,1545,NON,0
2023-10-27 00:40:50,P-Usine_A-000961,30.5,4.4,1550,999.9,0
2023-10-27 00:37:03,P-Usine_A-000962,31.2,4.6,1533,NON,0
2023-10-27 00:36:26,P-Usine_A-000963,26.2,5.3,1561,NON,0
2023-10-27 00:39:07,P-Usine_A-000964,29.9,5.6,1549,NON,2
2023-10-27 00:43:16,P-Usine_A-000965,31.7,5.9,1522,NON,999.9
2023-10-27 00:38:06,P-Usine_A-000966,32.5,4.6,1551,NON,0
2023-10-27 00:46:44,P-Usine_A-000967,32.6,5.0,1568,NON,0
2023-10-27 00:45:35,P-Usine_A-000968,29.0,4.4,1525,NON,0
2023-10-27 00:48:54,P-Usine_A-000969,33.2,5.3,1519,NON,0
2023-10-27 00:50:12,P-Usine_A-000970,28.6,5.0,1529,NON,0
2023-10-27 00:49:57,P-Usine_A-000971,34.2,5.0,1555,NON,0
2023-10-27 00:49:21,P-Usine_A-000972,33.2,4.3,1529,NON,0
2023-10-27 00:47:48,P-Usine_A-000973,32.8,4.2,1595,NON,0
2023-10-27 00:51:59,P-Usine_A-000974,31.2,5.2,1503,OUI,1
2023-10-27 00:53:16,P-Usine_A-000975,28.4,4.1,1556,NON,0
2023-10-27 00:50:49,P-Usine_A-000976,30.6,5.2,1573,NON,0
2023-10-27 00:54:58,P-Usine_A-000977,32.2,4.9,1594,NON,0
2023-10-27 00:55:49,P-Usine_A-000978,34.2,5.2,1526,NON,3
2023-10-27 00:50:59,P-Usine_A-000979,28.3,4.3,1519,NON,
2023-10-27 00:56:59,P-Usine_A-000980,34.5,4.8,1513,NON,0
2023-10-27 00:53:22,P-Usine_A-000981,33.4,4.1,1527,NON,0
2023-10-27 00:53:18,P-Usine_A-000982,32.4,5.3,1550,NON,0
2023-10-27 00:55:59,P-Usine_A-000983,29.1,5.0,1515,NON,0
2023-10-27 01:03:59,P-Usine_A-000984,34.7,5.1,1572,NON,0
2023-10-27 00:58:03,P-Usine_A-000985,26.8,5.7,1544,NON,0
2023-10-27 01:00:01,P-Usine_A-000986,28.1,4.3,1516,NON,0
2023-10-27 01:04:30,P-Usine_A-000987,27.0,4.7,1586,NON,0
2023-10-27 01:05:11,P-Usine_A-000988,31.1,5.8,1542,OUI,0
2023-10-27 01:07:43,,25.1,5.6,1580,NON,0
2023-10-27 01:02:39,P-Usine_A-000990,30.5,5.5,1557,NON,0
2023-10-27 01:10:20,P-Usine_A-000991,25.2,4.2,1545,NON,0
2023-10-27 01:03:54,P-Usine_A-000992,30.7,5.3,1575,NON,0
2023-10-27 01:04:19,P-Usine_A-000993,28.8,5.7,1509,NON,0
2023-10-27 01:08:05,P-Usine_A-000994,29.6,5.0,1574,NON,0
2023-10-27 01:05:18,P-Usine_A-000995,34.1,5.5,1505,NON,1
2023-10-27 01:11:19,P-Usine_A-000996,26.0,5.2,1548,NON,2
2023-10-27 01:14:55,P-Usine_A-000997,32.7,5.7,1578,NON,0
2023-10-27 01:10:52,P-Usine_A-000998,26.3,4.5,1580,NON,0
2023-10-27 01:18:12,P-Usine_A-000999,28.7,4.6,1537,OUI,0
2023-10-27 01:19:13,P-Usine_A-001000,28.8,4.3,1525,NON,0
