timestamp,part_id,defaut_surface,microfissure,defaut_peinture,gravite_defaut,decision,photo_url
2023-10-26 08:43:03,P-Usine_A-000001,NON,NON,N/A,AUCUN,OK,
2023-10-26 08:49:12,P-Usine_A-000002,NON,NON,N/A,AUCUN,OK,
2023-10-26 08:43:25,P-Usine_A-000003,OUI,NON,N/A,MINEUR,RETOUCHE,http://internal-storage/P-Usine_A-000003_vis.jpg
2023-10-26 08:45:15,P-Usine_A-000004,OUI,NON,N/A,MAJEUR,REBUT,http://internal-storage/P-Usine_A-000004_vis.jpg
2023-10-26 08:53:57,P-Usine_A-000005,NON,NON,N/A,AUCUN,OK,
2023-10-26 08:47:38,P-Usine_A-000006,OUI,NON,N/A,MINEUR,RETOUCHE,http://internal-storage/P-Usine_A-000006_vis.jpg
2023-10-26 08:49:41,P-Usine_A-000007,NON,NON,N/A,AUCUN,OK,
2023-10-26 08:49:16,P-Usine_A-000008,NON,NON,N/A,AUCUN,OK,
2023-10-26 08:55:07,P-Usine_A-000009,NON,NON,N/A,AUCUN,OK,
2023-10-26 08:51:12,P-Usine_A-000010,NON,NON,N/A,AUCUN,OK,
2023-10-26 08:56:50,P-Usine_A-000011,NON,NON,N/A,AUCUN,OK,
2023-10-26 08:57:23,P-Usine_A-000012,NON,NON,N/A,AUCUN,OK,
2023-10-26 09:02:20,P-Usine_A-000013,NON,NON,N/A,AUCUN,OK,
2023-10-26 08:57:58,P-Usine_A-000014,NON,NON,N/A,AUCUN,OK,
2023-10-26 09:03:23,P-Usine_A-000015,OUI,NON,N/A,MINEUR,RETOUCHE,http://internal-storage/P-Usine_A-000015_vis.jpg
2023-10-26 09:00:06,P-Usine_A-000016,NON,NON,N/A,AUCUN,OK,
2023-10-26 09:05:33,P-Usine_A-000017,NON,NON,N/A,AUCUN,OK,
2023-10-26 09:03:22,P-Usine_A-000018,NON,NON,N/A,AUCUN,OK,
2023-10-26 09:01:13,P-Usine_A-000019,NON,NON,N/A,AUCUN,OK,
2023-10-26 09:00:29,P-Usine_A-000020,NON,NON,N/A,AUCUN,OK,
2023-10-26 09:02:50,P-Usine_A-000021,NON,NON,N/A,AUCUN,OK,
2023-10-26 09:09:19,P-Usine_A-000022,NON,NON,N/A,AUCUN,OK,
2023-10-26 09:07:31,P-Usine_A-000023,OUI,NON,N/A,MINEUR,RETOUCHE,http://internal-storage/P-Usine_A-000023_vis.jpg
2023-10-26 09:12:17,P-Usine_A-000024,NON,NON,N/A,AUCUN,OK,
2023-10-26 09:08:14,P-Usine_A-000025,OUI,NON,N/A,MINEUR,RETOUCHE,http://internal-storage/P-Usine_A-000025_vis.jpg
2023-10-26 09:09:27,P-Usine_A-000026,NON,OUI,N/A,AUCUN,OK,
2023-10-26 09:15:57,P-Usine_A-000027,NON,NON,N/A,AUCUN,OK,
2023-10-26 09:16:14,P-Usine_A-000028,NON,NON,N/A,AUCUN,OK,
2023-10-26 09:15:25,P-Usine_A-000029,NON,NON,N/A,AUCUN,OK,
2023-10-26 09:13:21,P-Usine_A-000030,NON,NON,N/A,AUCUN,OK,
2023-10-26 09:16:46,P-Usine_A-000031,NON,NON,N/A,AUCUN,OK,
2023-10-26 09:14:27,P-Usine_A-000032,NON,NON,N/A,AUCUN,OK,
2023-10-26 09:15:34,P-Usine_A-000033,NON,NON,N/A,AUCUN,OK,
2023-10-26 09:22:32,P-Usine_A-000034,NON,NON,N/A,AUCUN,OK,
2023-10-26 09:18:38,P-Usine_A-000035,NON,999.9,N/A,AUCUN,OK,
2023-10-26 09:16:22,P-Usine_A-000036,NON,NON,N/A,AUCUN,OK,
2023-10-26 09:19:09,P-Usine_A-000037,NON,NON,N/A,AUCUN,OK,
,P-Usine_A-000038,NON,NON,N/A,AUCUN,OK,
2023-10-26 09:26:11,P-Usine_A-000039,OUI,NON,N/A,MINEUR,RETOUCHE,http://internal-storage/P-Usine_A-000039_vis.jpg
2023-10-26 09:27:48,P-Usine_A-000040,NON,NON,N/A,AUCUN,OK,
2023-10-26 09:20:53,P-Usine_A-000041,NON,NON,N/A,AUCUN,OK,
2023-10-26 09:28:06,P-Usine_A-000042,NON,NON,N/A,AUCUN,OK,
2023-10-26 09:27:18,P-Usine_A-000043,NON,NON,N/A,AUCUN,OK,
2023-10-26 09:26:31,P-Usine_A-000044,OUI,NON,N/A,MAJEUR,REBUT,http://internal-storage/P-Usine_A-000044_vis.jpg
2023-10-26 09:25:57,P-Usine_A-000045,NON,NON,N/A,AUCUN,OK,
2023-10-26 09:32:03,P-Usine_A-000046,NON,NON,N/A,AUCUN,OK,
2023-10-26 09:32:03,P-Usine_A-000046,NON,NON,N/A,AUCUN,OK,
2023-10-26 09:31:26,P-Usine_A-000047,NON,NON,N/A,AUCUN,OK,
2023-10-26 09:31:50,P-Usine_A-000048,NON,NON,N/A,AUCUN,OK,
2023-10-26 09:31:00,P-Usine_A-000049,NON,NON,N/A,AUCUN,OK,
2023-10-26 09:33:49,P-Usine_A-000050,NON,NON,N/A,AUCUN,OK,
2023-10-26 09:39:54,P-Usine_A-000051,NON,NON,N/A,AUCUN,OK,
2023-10-26 09:32:59,P-Usine_A-000052,NON,NON,N/A,AUCUN,OK,
2023-10-26 09:36:23,P-Usine_A-000053,NON,NON,N/A,AUCUN,OK,
2023-10-26 09:39:21,P-Usine_A-000054,NON,NON,N/A,AUCUN,OK,
2023-10-26 09:37:45,P-Usine_A-000055,NON,NON,N/A,AUCUN,OK,
2023-10-26 09:40:33,P-Usine_A-000056,NON,NON,N/A,AUCUN,OK,
2023-10-26 09:36:41,P-Usine_A-000057,NON,NON,N/A,AUCUN,OK,
2023-10-26 09:43:00,P-Usine_A-000058,NON,NON,N/A,AUCUN,OK,
2023-10-26 09:41:48,P-Usine_A-000059,NON,NON,N/A,AUCUN,OK,
2023-10-26 09:39:47,P-Usine_A-000060,NON,NON,N/A,AUCUN,OK,
2023-10-26 09:41:10,P-Usine_A-000061,NON,NON,N/A,AUCUN,OK,
2023-10-26 09:45:11,P-Usine_A-000062,OUI,NON,N/A,MINEUR,RETOUCHE,http://internal-storage/P-Usine_A-000062_vis.jpg
2023-10-26 09:50:22,P-Usine_A-000063,NON,OUI,N/A,AUCUN,OK,
2023-10-26 09:49:42,P-Usine_A-000064,NON,NON,N/A,AUCUN,OK,
2023-10-26 09:46:45,P-Usine_A-000065,NON,NON,N/A,AUCUN,OK,
2023-10-26 09:51:58,P-Usine_A-000066,NON,NON,N/A,AUCUN,OK,
2023-10-26 09:47:17,P-Usine_A-000067,NON,NON,N/A,AUCUN,OK,
2023-10-26 09:47:17,P-Usine_A-000067,NON,NON,N/A,AUCUN,OK,
2023-10-26 09:55:32,P-Usine_A-000068,NON,NON,N/A,AUCUN,OK,
2023-10-26 09:58:09,P-Usine_A-000069,NON,NON,N/A,AUCUN,OK,
2023-10-26 09:50:21,P-Usine_A-000070,NON,NON,N/A,AUCUN,OK,
2023-10-26 09:58:52,P-Usine_A-000071,NON,NON,N/A,AUCUN,OK,
2023-10-26 09:55:11,P-Usine_A-000072,NON,NON,N/A,AUCUN,OK,
2023-10-26 09:56:13,P-Usine_A-000073,NON,NON,N/A,AUCUN,OK,
2023-10-26 09:56:47,P-Usine_A-000074,NON,NON,999.9,AUCUN,OK,
2023-10-26 10:02:53,P-Usine_A-000075,NON,NON,N/A,AUCUN,OK,
2023-10-26 09:59:08,P-Usine_A-000076,OUI,NON,N/A,MINEUR,RETOUCHE,http://internal-storage/P-Usine_A-000076_vis.jpg
2023-10-26 10:05:27,P-Usine_A-000077,NON,NON,N/A,AUCUN,OK,
2023-10-26 09:58:17,P-Usine_A-000078,NON,NON,N/A,AUCUN,OK,
2023-10-26 10:07:21,P-Usine_A-000079,OUI,NON,N/A,MINEUR,RETOUCHE,http://internal-storage/P-Usine_A-000079_vis.jpg
2023-10-26 10:06:41,P-Usine_A-000080,NON,NON,N/A,AUCUN,OK,
2023-10-26 10:07:13,P-Usine_A-000081,NON,NON,N/A,AUCUN,OK,
2023-10-26 10:06:32,P-Usine_A-000082,OUI,NON,N/A,MAJEUR,REBUT,http://internal-storage/P-Usine_A-000082_vis.jpg
2023-10-26 10:07:25,P-Usine_A-000083,NON,NON,N/A,AUCUN,OK,
2023-10-26 10:08:08,P-Usine_A-000084,NON,NON,N/A,AUCUN,OK,
2023-10-26 10:05:02,P-Usine_A-000085,NON,NON,N/A,AUCUN,OK,
2023-10-26 10:10:18,P-Usine_A-000086,NON,NON,N/A,AUCUN,OK,
2023-10-26 10:12:36,P-Usine_A-000087,NON,NON,N/A,AUCUN,OK,
2023-10-26 10:12:13,P-Usine_A-000088,NON,NON,N/A,AUCUN,OK,
2023-10-26 10:12:45,P-Usine_A-000089,NON,NON,N/A,AUCUN,OK,
2023-10-26 10:13:06,P-Usine_A-000090,NON,NON,N/A,AUCUN,OK,
2023-10-26 10:14:59,P-Usine_A-000091,NON,NON,N/A,AUCUN,OK,
2023-10-26 10:19:23,P-Usine_A-000092,NON,NON,N/A,AUCUN,OK,
2023-10-26 10:22:03,P-Usine_A-000093,OUI,NON,N/A,MINEUR,RETOUCHE,http://internal-storage/P-Usine_A-000093_vis.jpg
2023-10-26 10:16:24,P-Usine_A-000094,NON,NON,N/A,AUCUN,OK,
2023-10-26 10:18:28,P-Usine_A-000095,OUI,NON,N/A,MINEUR,RETOUCHE,http://internal-storage/P-Usine_A-000095_vis.jpg
2023-10-26 10:23:37,P-Usine_A-000096,NON,NON,N/A,AUCUN,OK,
2023-10-26 10:18:00,P-Usine_A-000097,NON,NON,N/A,AUCUN,OK,
2023-10-26 10:21:42,P-Usine_A-000098,NON,NON,N/A,AUCUN,OK,
2023-10-26 10:23:04,P-Usine_A-000099,NON,NON,N/A,AUCUN,OK,
2023-10-26 10:26:07,P-Usine_A-000100,NON,NON,N/A,AUCUN,OK,
2023-10-26 10:29:55,P-Usine_A-000101,NON,NON,N/A,AUCUN,OK,
2023-10-26 10:27:29,P-Usine_A-000102,NON,NON,N/A,AUCUN,OK,
2023-10-26 10:29:16,P-Usine_A-000103,OUI,NON,N/A,MINEUR,RETOUCHE,http://internal-storage/P-Usine_A-000103_vis.jpg
2023-10-26 10:28:01,P-Usine_A-000104,NON,NON,N/A,AUCUN,OK,
2023-10-26 10:29:06,P-Usine_A-000105,NON,NON,N/A,AUCUN,OK,
2023-10-26 10:33:34,P-Usine_A-000106,NON,NON,N/A,AUCUN,OK,
2023-10-26 10:34:44,P-Usine_A-000107,NON,NON,N/A,AUCUN,OK,
2023-10-26 10:34:42,P-Usine_A-000108,NON,NON,N/A,AUCUN,OK,
2023-10-26 10:38:57,P-Usine_A-000109,NON,NON,N/A,AUCUN,OK,
2023-10-26 10:32:04,P-Usine_A-000110,NON,NON,N/A,AUCUN,OK,
2023-10-26 10:32:12,P-Usine_A-000111,NON,NON,N/A,AUCUN,OK,
2023-10-26 10:38:22,P-Usine_A-000112,OUI,NON,N/A,MINEUR,RETOUCHE,http://internal-storage/P-Usine_A-000112_vis.jpg
2023-10-26 10:41:07,P-Usine_A-000113,NON,NON,N/A,AUCUN,OK,
2023-10-26 10:41:49,P-Usine_A-000114,NON,NON,N/A,AUCUN,OK,
2023-10-26 10:40:15,P-Usine_A-000115,NON,NON,N/A,AUCUN,OK,
2023-10-26 10:45:57,P-Usine_A-000116,NON,NON,N/A,AUCUN,OK,
2023-10-26 10:43:14,P-Usine_A-000117,NON,NON,N/A,AUCUN,OK,
2023-10-26 10:41:26,P-Usine_A-000118,NON,NON,N/A,AUCUN,OK,
2023-10-26 10:41:52,P-Usine_A-000119,NON,NON,N/A,AUCUN,OK,
2023-10-26 10:46:24,P-Usine_A-000120,NON,NON,N/A,AUCUN,OK,
2023-10-26 10:46:14,P-Usine_A-000121,NON,NON,N/A,AUCUN,OK,
2023-10-26 10:43:51,P-Usine_A-000122,NON,NON,N/A,AUCUN,OK,
2023-10-26 10:49:57,P-Usine_A-000123,NON,NON,N/A,AUCUN,OK,
2023-10-26 10:52:09,P-Usine_A-000124,OUI,NON,N/A,MAJEUR,REBUT,http://internal-storage/P-Usine_A-000124_vis.jpg
2023-10-26 10:50:37,P-Usine_A-000125,NON,NON,N/A,AUCUN,OK,
2023-10-26 10:48:35,P-Usine_A-000126,NON,NON,N/A,AUCUN,OK,
2023-10-26 10:53:58,P-Usine_A-000127,NON,NON,N/A,AUCUN,OK,
2023-10-26 10:49:07,P-Usine_A-000128,NON,NON,N/A,AUCUN,OK,
2023-10-26 10:54:10,P-Usine_A-000129,NON,NON,N/A,AUCUN,OK,
2023-10-26 10:51:06,P-Usine_A-000130,NON,NON,N/A,AUCUN,OK,
2023-10-26 10:53:41,P-Usine_A-000131,OUI,NON,N/A,MINEUR,RETOUCHE,http://internal-storage/P-Usine_A-000131_vis.jpg
2023-10-26 10:53:45,P-Usine_A-000132,NON,NON,N/A,AUCUN,OK,
2023-10-26 11:01:00,P-Usine_A-000133,NON,NON,N/A,AUCUN,OK,
2023-10-26 10:56:42,P-Usine_A-000134,NON,NON,N/A,AUCUN,OK,
2023-10-26 11:05:13,P-Usine_A-000135,OUI,NON,N/A,MAJEUR,REBUT,http://internal-storage/P-Usine_A-000135_vis.jpg
2023-10-26 10:57:27,P-Usine_A-000136,NON,NON,N/A,AUCUN,OK,
2023-10-26 11:02:43,P-Usine_A-000137,NON,NON,N/A,AUCUN,OK,
2023-10-26 11:02:12,P-Usine_A-000138,NON,NON,N/A,AUCUN,OK,
2023-10-26 11:04:32,P-Usine_A-000139,OUI,NON,N/A,MINEUR,RETOUCHE,http://internal-storage/P-Usine_A-000139_vis.jpg
2023-10-26 11:07:45,P-Usine_A-000140,NON,NON,N/A,AUCUN,OK,
2023-10-26 11:04:30,P-Usine_A-000141,NON,NON,N/A,AUCUN,OK,
2023-10-26 11:07:19,P-Usine_A-000142,NON,NON,N/A,AUCUN,OK,
2023-10-26 11:04:17,P-Usine_A-000143,NON,NON,N/A,AUCUN,OK,
2023-10-26 11:09:22,P-Usine_A-000144,NON,NON,999.9,AUCUN,OK,
2023-10-26 11:07:20,P-Usine_A-000145,NON,NON,N/A,AUCUN,OK,
2023-10-26 11:14:28,P-Usine_A-000146,NON,NON,N/A,AUCUN,OK,
2023-10-26 11:12:29,P-Usine_A-000147,NON,NON,N/A,AUCUN,OK,
2023-10-26 11:12:37,P-Usine_A-000148,NON,NON,N/A,AUCUN,OK,
2023-10-26 11:11:43,P-Usine_A-000149,NON,NON,N/A,AUCUN,OK,
2023-10-26 11:11:43,P-Usine_A-000149,NON,NON,N/A,AUCUN,OK,
2023-10-26 11:16:53,P-Usine_A-000150,NON,NON,N/A,AUCUN,OK,
2023-10-26 11:17:18,P-Usine_A-000151,NON,NON,N/A,AUCUN,OK,
2023-10-26 11:17:18,P-Usine_A-000151,NON,NON,N/A,AUCUN,OK,
2023-10-26 11:21:56,P-Usine_A-000152,OUI,NON,N/A,MINEUR,RETOUCHE,http://internal-storage/P-Usine_A-000152_vis.jpg
2023-10-26 11:19:53,P-Usine_A-000153,NON,NON,N/A,AUCUN,OK,
2023-10-26 11:20:56,P-Usine_A-000154,NON,NON,N/A,AUCUN,OK,
2023-10-26 11:23:54,P-Usine_A-000155,NON,NON,N/A,AUCUN,OK,
2023-10-26 11:23:02,P-Usine_A-000156,OUI,NON,N/A,MINEUR,RETOUCHE,http://internal-storage/P-Usine_A-000156_vis.jpg
2023-10-26 11:20:39,P-Usine_A-000157,OUI,NON,N/A,MINEUR,RETOUCHE,http://internal-storage/P-Usine_A-000157_vis.jpg
2023-10-26 11:18:55,P-Usine_A-000158,NON,NON,N/A,AUCUN,OK,
2023-10-26 11:26:20,P-Usine_A-000159,NON,NON,N/A,AUCUN,OK,
2023-10-26 11:27:41,P-Usine_A-000160,NON,NON,N/A,AUCUN,OK,
2023-10-26 11:21:47,P-Usine_A-000161,NON,NON,N/A,AUCUN,OK,
2023-10-26 11:29:54,P-Usine_A-000162,999.9,NON,N/A,AUCUN,OK,
2023-10-26 11:27:55,P-Usine_A-000163,OUI,NON,N/A,MINEUR,RETOUCHE,http://internal-storage/P-Usine_A-000163_vis.jpg
2023-10-26 11:28:17,P-Usine_A-000164,NON,NON,N/A,AUCUN,OK,
2023-10-26 11:32:50,P-Usine_A-000165,NON,NON,N/A,AUCUN,OK,
2023-10-26 11:28:16,P-Usine_A-000166,NON,NON,N/A,AUCUN,OK,
2023-10-26 11:34:54,P-Usine_A-000167,NON,NON,N/A,AUCUN,OK,
2023-10-26 11:36:22,P-Usine_A-000168,NON,NON,N/A,AUCUN,OK,
2023-10-26 11:36:22,P-Usine_A-000168,NON,NON,N/A,AUCUN,OK,
2023-10-26 11:33:32,P-Usine_A-000169,NON,NON,N/A,AUCUN,,
2023-10-26 11:38:30,P-Usine_A-000170,NON,NON,N/A,AUCUN,OK,
2023-10-26 11:31:28,P-Usine_A-000171,NON,NON,N/A,AUCUN,OK,
2023-10-26 11:36:04,P-Usine_A-000172,NON,NON,N/A,AUCUN,OK,
2023-10-26 11:42:11,P-Usine_A-000173,NON,NON,N/A,AUCUN,OK,
2023-10-26 11:34:33,P-Usine_A-000174,NON,NON,N/A,AUCUN,OK,
2023-10-26 11:37:56,P-Usine_A-000175,NON,NON,N/A,AUCUN,OK,
2023-10-26 11:37:56,P-Usine_A-000175,NON,NON,N/A,AUCUN,OK,
2023-10-26 11:45:23,P-Usine_A-000176,NON,NON,N/A,AUCUN,OK,
2023-10-26 11:43:36,P-Usine_A-000177,NON,NON,N/A,AUCUN,OK,
2023-10-26 11:43:36,P-Usine_A-000177,NON,NON,N/A,AUCUN,OK,
2023-10-26 11:45:48,P-Usine_A-000178,NON,NON,N/A,AUCUN,OK,
2023-10-26 11:45:15,P-Usine_A-000179,OUI,NON,N/A,MINEUR,RETOUCHE,http://internal-storage/P-Usine_A-000179_vis.jpg
2023-10-26 11:43:00,P-Usine_A-000180,NON,NON,N/A,AUCUN,OK,
2023-10-26 11:41:31,P-Usine_A-000181,OUI,NON,N/A,MINEUR,RETOUCHE,http://internal-storage/P-Usine_A-000181_vis.jpg
2023-10-26 11:44:03,P-Usine_A-000182,999.9,NON,N/A,AUCUN,OK,
2023-10-26 11:51:28,P-Usine_A-000183,OUI,NON,N/A,MINEUR,RETOUCHE,http://internal-storage/P-Usine_A-000183_vis.jpg
2023-10-26 11:50:59,,NON,NON,N/A,AUCUN,OK,
2023-10-26 11:51:01,P-Usine_A-000185,NON,NON,N/A,AUCUN,OK,
2023-10-26 11:46:25,P-Usine_A-000186,OUI,NON,N/A,MINEUR,RETOUCHE,http://internal-storage/P-Usine_A-000186_vis.jpg
2023-10-26 11:51:12,P-Usine_A-000187,NON,NON,N/A,AUCUN,OK,
2023-10-26 11:55:40,P-Usine_A-000188,NON,NON,N/A,AUCUN,OK,
2023-10-26 11:57:55,P-Usine_A-000189,NON,NON,N/A,AUCUN,OK,
2023-10-26 11:53:43,P-Usine_A-000190,NON,NON,N/A,AUCUN,OK,
2023-10-26 11:54:30,P-Usine_A-000191,NON,NON,N/A,AUCUN,OK,
2023-10-26 12:01:02,P-Usine_A-000192,NON,NON,N/A,AUCUN,OK,
2023-10-26 12:00:04,P-Usine_A-000193,NON,NON,N/A,AUCUN,OK,
2023-10-26 11:57:20,P-Usine_A-000194,NON,NON,N/A,AUCUN,OK,
2023-10-26 11:55:32,P-Usine_A-000195,NON,NON,N/A,AUCUN,OK,
2023-10-26 12:04:30,P-Usine_A-000196,NON,NON,N/A,AUCUN,OK,
2023-10-26 12:02:14,P-Usine_A-000197,NON,NON,N/A,AUCUN,OK,
2023-10-26 12:01:11,P-Usine_A-000198,NON,NON,N/A,AUCUN,OK,
2023-10-26 12:01:11,P-Usine_A-000198,NON,NON,N/A,AUCUN,OK,
2023-10-26 12:06:44,P-Usine_A-000199,OUI,NON,N/A,MAJEUR,REBUT,http://internal-storage/P-Usine_A-000199_vis.jpg
2023-10-26 12:03:09,P-Usine_A-000200,NON,NON,N/A,AUCUN,OK,
2023-10-26 12:03:47,P-Usine_A-000201,NON,NON,N/A,AUCUN,OK,
2023-10-26 12:07:05,P-Usine_A-000202,NON,NON,N/A,AUCUN,OK,999.9
2023-10-26 12:06:50,P-Usine_A-000203,NON,NON,N/A,AUCUN,OK,
2023-10-26 12:07:07,P-Usine_A-000204,NON,NON,N/A,AUCUN,OK,
2023-10-26 12:14:13,P-Usine_A-000205,NON,NON,N/A,AUCUN,OK,
2023-10-26 12:07:09,P-Usine_A-000206,NON,NON,N/A,AUCUN,OK,
2023-10-26 12:07:30,P-Usine_A-000207,NON,NON,N/A,AUCUN,OK,
2023-10-26 12:15:39,P-Usine_A-000208,NON,NON,N/A,AUCUN,OK,
2023-10-26 12:15:14,P-Usine_A-000209,NON,NON,N/A,AUCUN,OK,
2023-10-26 12:15:18,P-Usine_A-000210,NON,NON,N/A,AUCUN,OK,
2023-10-26 12:15:05,P-Usine_A-000211,OUI,NON,N/A,MINEUR,RETOUCHE,http://internal-storage/P-Usine_A-000211_vis.jpg
2023-10-26 12:20:33,P-Usine_A-000212,NON,NON,N/A,AUCUN,OK,
2023-10-26 12:16:17,P-Usine_A-000213,OUI,NON,N/A,MINEUR,RETOUCHE,http://internal-storage/P-Usine_A-000213_vis.jpg
2023-10-26 12:15:01,P-Usine_A-000214,NON,NON,N/A,AUCUN,OK,
2023-10-26 12:22:46,P-Usine_A-000215,OUI,NON,N/A,MINEUR,RETOUCHE,http://internal-storage/P-Usine_A-000215_vis.jpg
2023-10-26 12:19:38,P-Usine_A-000216,NON,NON,N/A,AUCUN,OK,
2023-10-26 12:20:10,P-Usine_A-000217,NON,NON,N/A,AUCUN,OK,
2023-10-26 12:24:04,P-Usine_A-000218,NON,NON,N/A,AUCUN,OK,
2023-10-26 12:23:58,P-Usine_A-000219,NON,NON,N/A,AUCUN,OK,
2023-10-26 12:21:09,P-Usine_A-000220,OUI,NON,N/A,MINEUR,RETOUCHE,http://internal-storage/P-Usine_A-000220_vis.jpg
2023-10-26 12:24:22,P-Usine_A-000221,NON,NON,N/A,AUCUN,OK,
2023-10-26 12:30:25,P-Usine_A-000222,NON,NON,N/A,AUCUN,OK,
2023-10-26 12:24:40,P-Usine_A-000223,NON,NON,N/A,AUCUN,OK,
2023-10-26 12:25:32,P-Usine_A-000224,NON,NON,N/A,AUCUN,OK,
2023-10-26 12:26:38,P-Usine_A-000225,NON,NON,N/A,AUCUN,OK,
2023-10-26 12:29:54,P-Usine_A-000226,NON,NON,N/A,AUCUN,OK,
2023-10-26 12:34:54,P-Usine_A-000227,NON,NON,N/A,AUCUN,OK,
2023-10-26 12:35:54,P-Usine_A-000228,NON,NON,N/A,AUCUN,OK,
2023-10-26 12:31:50,P-Usine_A-000229,OUI,NON,N/A,MINEUR,RETOUCHE,http://internal-storage/P-Usine_A-000229_vis.jpg
2023-10-26 12:29:59,P-Usine_A-000230,NON,NON,N/A,AUCUN,OK,
2023-10-26 12:29:59,P-Usine_A-000230,NON,NON,N/A,AUCUN,OK,
2023-10-26 12:32:09,P-Usine_A-000231,NON,NON,N/A,AUCUN,OK,
2023-10-26 12:36:41,P-Usine_A-000232,NON,NON,N/A,AUCUN,OK,
2023-10-26 12:34:31,P-Usine_A-000233,NON,NON,N/A,AUCUN,OK,
2023-10-26 12:37:06,P-Usine_A-000234,NON,NON,N/A,AUCUN,OK,
2023-10-26 12:42:54,P-Usine_A-000235,NON,NON,N/A,AUCUN,OK,
2023-10-26 12:35:42,P-Usine_A-000236,NON,NON,N/A,AUCUN,OK,
2023-10-26 12:37:31,P-Usine_A-000237,NON,NON,N/A,AUCUN,OK,
2023-10-26 12:44:05,P-Usine_A-000238,NON,NON,N/A,AUCUN,OK,
2023-10-26 12:39:38,P-Usine_A-000239,NON,NON,N/A,AUCUN,OK,
2023-10-26 12:41:50,P-Usine_A-000240,NON,NON,N/A,AUCUN,OK,
2023-10-26 12:42:29,P-Usine_A-000241,NON,NON,N/A,AUCUN,OK,
2023-10-26 12:43:38,P-Usine_A-000242,NON,NON,N/A,AUCUN,OK,
2023-10-26 12:43:25,P-Usine_A-000243,NON,NON,N/A,AUCUN,OK,
2023-10-26 12:50:01,P-Usine_A-000244,NON,NON,N/A,AUCUN,OK,
2023-10-26 12:50:53,P-Usine_A-000245,NON,NON,N/A,AUCUN,OK,
2023-10-26 12:52:08,P-Usine_A-000246,OUI,NON,N/A,MINEUR,RETOUCHE,http://internal-storage/P-Usine_A-000246_vis.jpg
2023-10-26 12:53:06,P-Usine_A-000247,NON,NON,N/A,AUCUN,OK,
2023-10-26 12:47:59,P-Usine_A-000248,NON,NON,N/A,AUCUN,OK,
2023-10-26 12:54:21,P-Usine_A-000249,NON,NON,N/A,AUCUN,OK,
2023-10-26 12:56:16,P-Usine_A-000250,NON,NON,,AUCUN,OK,
2023-10-26 12:54:19,P-Usine_A-000251,NON,NON,N/A,AUCUN,OK,
2023-10-26 13:01:01,P-Usine_A-000252,NON,NON,N/A,AUCUN,OK,
2023-10-26 12:55:31,P-Usine_A-000253,NON,NON,N/A,AUCUN,OK,
2023-10-26 12:55:14,P-Usine_A-000254,,NON,N/A,AUCUN,OK,
2023-10-26 12:55:06,P-Usine_A-000255,NON,NON,N/A,AUCUN,OK,
2023-10-26 13:02:34,P-Usine_A-000256,OUI,NON,N/A,999.9,REBUT,http://internal-storage/P-Usine_A-000256_vis.jpg
2023-10-26 13:00:50,P-Usine_A-000257,NON,NON,N/A,AUCUN,OK,
2023-10-26 13:06:46,P-Usine_A-000258,NON,NON,N/A,AUCUN,OK,
2023-10-26 13:02:44,P-Usine_A-000259,999.9,NON,N/A,AUCUN,OK,
2023-10-26 13:03:52,P-Usine_A-000260,NON,NON,N/A,AUCUN,OK,
2023-10-26 13:02:59,P-Usine_A-000261,NON,NON,N/A,AUCUN,OK,
2023-10-26 13:04:29,P-Usine_A-000262,NON,NON,N/A,AUCUN,OK,
2023-10-26 13:10:33,P-Usine_A-000263,NON,NON,N/A,AUCUN,OK,
2023-10-26 13:05:09,P-Usine_A-000264,NON,NON,N/A,AUCUN,OK,
2023-10-26 13:10:14,P-Usine_A-000265,NON,NON,N/A,AUCUN,OK,
2023-10-26 13:06:41,P-Usine_A-000266,NON,NON,N/A,AUCUN,OK,
2023-10-26 13:10:48,P-Usine_A-000267,OUI,NON,N/A,MINEUR,RETOUCHE,http://internal-storage/P-Usine_A-000267_vis.jpg
2023-10-26 13:15:18,P-Usine_A-000268,NON,NON,N/A,AUCUN,OK,
2023-10-26 13:12:58,P-Usine_A-000269,NON,NON,N/A,AUCUN,OK,
2023-10-26 13:09:59,P-Usine_A-000270,NON,NON,N/A,AUCUN,OK,
2023-10-26 13:11:02,P-Usine_A-000271,NON,NON,N/A,AUCUN,OK,
2023-10-26 13:14:59,P-Usine_A-000272,OUI,NON,N/A,MINEUR,RETOUCHE,http://internal-storage/P-Usine_A-000272_vis.jpg
2023-10-26 13:16:58,P-Usine_A-000273,NON,NON,,AUCUN,OK,
2023-10-26 13:16:44,P-Usine_A-000274,NON,NON,N/A,AUCUN,OK,
2023-10-26 13:20:17,P-Usine_A-000275,NON,NON,N/A,AUCUN,OK,
2023-10-26 13:19:08,P-Usine_A-000276,NON,NON,N/A,AUCUN,OK,
2023-10-26 13:23:01,P-Usine_A-000277,NON,NON,N/A,AUCUN,OK,
2023-10-26 13:18:13,P-Usine_A-000278,NON,NON,N/A,AUCUN,OK,
2023-10-26 13:21:49,P-Usine_A-000279,NON,NON,N/A,AUCUN,OK,
2023-10-26 13:26:57,P-Usine_A-000280,NON,NON,N/A,AUCUN,OK,
2023-10-26 13:24:48,P-Usine_A-000281,NON,NON,N/A,AUCUN,OK,
2023-10-26 13:28:59,P-Usine_A-000282,NON,NON,N/A,AUCUN,OK,
2023-10-26 13:24:42,P-Usine_A-000283,OUI,NON,N/A,MAJEUR,REBUT,http://internal-storage/P-Usine_A-000283_vis.jpg
2023-10-26 13:30:10,P-Usine_A-000284,NON,NON,N/A,AUCUN,OK,
2023-10-26 13:24:47,P-Usine_A-000285,NON,NON,N/A,AUCUN,OK,
2023-10-26 13:26:31,P-Usine_A-000286,OUI,NON,N/A,MINEUR,RETOUCHE,http://internal-storage/P-Usine_A-000286_vis.jpg
2023-10-26 13:34:13,P-Usine_A-000287,NON,NON,N/A,AUCUN,OK,
2023-10-26 13:36:37,P-Usine_A-000288,NON,NON,N/A,AUCUN,OK,
2023-10-26 13:35:56,P-Usine_A-000289,NON,NON,N/A,AUCUN,OK,
2023-10-26 13:32:24,P-Usine_A-000290,NON,NON,N/A,AUCUN,OK,
2023-10-26 13:34:44,P-Usine_A-000291,NON,NON,N/A,AUCUN,OK,
2023-10-26 13:39:39,P-Usine_A-000292,NON,NON,N/A,AUCUN,OK,
2023-10-26 13:32:54,P-Usine_A-000293,OUI,NON,N/A,MINEUR,RETOUCHE,http://internal-storage/P-Usine_A-000293_vis.jpg
2023-10-26 13:34:31,P-Usine_A-000294,NON,NON,N/A,AUCUN,OK,
2023-10-26 13:41:39,P-Usine_A-000295,NON,NON,N/A,AUCUN,OK,
2023-10-26 13:40:38,P-Usine_A-000296,NON,NON,N/A,AUCUN,OK,
2023-10-26 13:46:17,P-Usine_A-000297,NON,NON,N/A,AUCUN,OK,
,P-Usine_A-000298,NON,NON,N/A,AUCUN,OK,
2023-10-26 13:44:38,P-Usine_A-000299,NON,NON,N/A,AUCUN,OK,
2023-10-26 13:41:33,P-Usine_A-000300,NON,NON,N/A,AUCUN,OK,
2023-10-26 13:41:08,P-Usine_A-000301,NON,NON,N/A,AUCUN,OK,
2023-10-26 13:42:33,P-Usine_A-000302,NON,NON,N/A,AUCUN,OK,
2023-10-26 13:43:07,,NON,NON,N/A,AUCUN,OK,
2023-10-26 13:52:13,P-Usine_A-000304,NON,NON,N/A,AUCUN,OK,
2023-10-26 13:47:16,P-Usine_A-000305,OUI,NON,N/A,MINEUR,RETOUCHE,http://internal-storage/P-Usine_A-000305_vis.jpg
2023-10-26 13:48:58,P-Usine_A-000306,NON,NON,N/A,AUCUN,OK,
2023-10-26 13:55:45,P-Usine_A-000307,NON,NON,N/A,AUCUN,OK,
2023-10-26 13:53:21,P-Usine_A-000308,NON,NON,N/A,AUCUN,OK,
2023-10-26 13:50:08,P-Usine_A-000309,NON,NON,N/A,AUCUN,OK,
2023-10-26 13:51:24,P-Usine_A-000310,NON,NON,N/A,AUCUN,OK,
2023-10-26 13:51:24,P-Usine_A-000310,NON,NON,N/A,AUCUN,OK,
2023-10-26 13:56:48,P-Usine_A-000311,NON,NON,N/A,AUCUN,OK,
2023-10-26 13:54:05,P-Usine_A-000312,NON,NON,N/A,AUCUN,OK,
2023-10-26 14:00:43,P-Usine_A-000313,NON,NON,N/A,AUCUN,OK,
2023-10-26 14:00:10,P-Usine_A-000314,OUI,NON,N/A,MINEUR,RETOUCHE,http://internal-storage/P-Usine_A-000314_vis.jpg
2023-10-26 13:59:02,P-Usine_A-000315,OUI,NON,N/A,MINEUR,RETOUCHE,http://internal-storage/P-Usine_A-000315_vis.jpg
2023-10-26 13:55:49,P-Usine_A-000316,NON,NON,N/A,AUCUN,OK,
2023-10-26 14:05:00,P-Usine_A-000317,NON,NON,N/A,AUCUN,OK,
2023-10-26 14:05:59,P-Usine_A-000318,NON,NON,N/A,AUCUN,OK,
2023-10-26 13:58:59,P-Usine_A-000319,NON,NON,N/A,AUCUN,OK,
2023-10-26 14:08:57,P-Usine_A-000320,NON,OUI,N/A,AUCUN,OK,
2023-10-26 14:02:55,P-Usine_A-000321,NON,NON,N/A,AUCUN,OK,
2023-10-26 14:09:58,P-Usine_A-000322,OUI,NON,N/A,MINEUR,RETOUCHE,http://internal-storage/P-Usine_A-000322_vis.jpg
2023-10-26 14:11:47,P-Usine_A-000323,NON,NON,N/A,AUCUN,OK,
2023-10-26 14:08:19,P-Usine_A-000324,NON,NON,N/A,AUCUN,OK,
2023-10-26 14:10:30,P-Usine_A-000325,NON,NON,N/A,AUCUN,OK,
2023-10-26 14:14:36,P-Usine_A-000326,OUI,NON,N/A,MAJEUR,REBUT,http://internal-storage/P-Usine_A-000326_vis.jpg
2023-10-26 14:12:13,P-Usine_A-000327,NON,NON,N/A,AUCUN,OK,
2023-10-26 14:13:37,P-Usine_A-000328,NON,NON,N/A,AUCUN,OK,
2023-10-26 14:17:25,P-Usine_A-000329,NON,NON,N/A,AUCUN,OK,
2023-10-26 14:18:55,P-Usine_A-000330,NON,NON,N/A,AUCUN,OK,
2023-10-26 14:13:16,P-Usine_A-000331,NON,NON,N/A,AUCUN,OK,
2023-10-26 14:19:28,P-Usine_A-000332,NON,NON,N/A,AUCUN,OK,
2023-10-26 14:16:42,P-Usine_A-000333,NON,NON,N/A,AUCUN,OK,
2023-10-26 14:20:53,P-Usine_A-000334,NON,NON,N/A,AUCUN,OK,
2023-10-26 14:21:57,P-Usine_A-000335,OUI,NON,N/A,MINEUR,RETOUCHE,http://internal-storage/P-Usine_A-000335_vis.jpg
2023-10-26 14:21:08,P-Usine_A-000336,NON,NON,N/A,AUCUN,OK,
2023-10-26 14:25:41,P-Usine_A-000337,OUI,NON,N/A,MINEUR,RETOUCHE,http://internal-storage/P-Usine_A-000337_vis.jpg
2023-10-26 14:27:40,P-Usine_A-000338,NON,NON,N/A,AUCUN,OK,
2023-10-26 14:27:26,P-Usine_A-000339,OUI,NON,N/A,MINEUR,RETOUCHE,http://internal-storage/P-Usine_A-000339_vis.jpg
2023-10-26 14:28:25,P-Usine_A-000340,NON,NON,N/A,AUCUN,OK,
2023-10-26 14:22:01,P-Usine_A-000341,NON,NON,N/A,AUCUN,OK,
2023-10-26 14:26:04,P-Usine_A-000342,NON,NON,N/A,AUCUN,OK,
2023-10-26 14:26:25,P-Usine_A-000343,NON,NON,N/A,AUCUN,OK,
2023-10-26 14:28:46,P-Usine_A-000344,NON,,N/A,AUCUN,OK,
2023-10-26 14:32:32,P-Usine_A-000345,NON,NON,N/A,AUCUN,OK,
2023-10-26 14:33:46,P-Usine_A-000346,NON,OUI,N/A,AUCUN,OK,
2023-10-26 14:34:24,P-Usine_A-000347,NON,NON,N/A,AUCUN,OK,
2023-10-26 14:28:41,P-Usine_A-000348,NON,NON,N/A,AUCUN,OK,
2023-10-26 14:35:32,P-Usine_A-000349,NON,NON,N/A,AUCUN,OK,
2023-10-26 14:32:28,P-Usine_A-000350,NON,NON,N/A,AUCUN,OK,
2023-10-26 14:31:36,P-Usine_A-000351,NON,OUI,N/A,AUCUN,OK,
2023-10-26 14:31:49,P-Usine_A-000352,NON,NON,N/A,AUCUN,OK,
2023-10-26 14:34:43,P-Usine_A-000353,NON,NON,N/A,AUCUN,OK,
2023-10-26 14:35:02,P-Usine_A-000354,NON,NON,N/A,AUCUN,OK,
2023-10-26 14:36:31,P-Usine_A-000355,NON,NON,N/A,AUCUN,OK,
2023-10-26 14:39:53,P-Usine_A-000356,NON,NON,N/A,AUCUN,OK,
2023-10-26 14:46:45,P-Usine_A-000357,NON,NON,N/A,AUCUN,OK,
2023-10-26 14:41:36,P-Usine_A-000358,NON,NON,N/A,AUCUN,OK,
2023-10-26 14:43:22,P-Usine_A-000359,NON,NON,N/A,AUCUN,OK,
2023-10-26 14:48:32,P-Usine_A-000360,NON,NON,N/A,AUCUN,OK,
2023-10-26 14:48:00,P-Usine_A-000361,NON,NON,N/A,AUCUN,OK,
2023-10-26 14:46:16,P-Usine_A-000362,OUI,NON,N/A,MINEUR,RETOUCHE,http://internal-storage/P-Usine_A-000362_vis.jpg
2023-10-26 14:49:29,P-Usine_A-000363,NON,NON,N/A,AUCUN,OK,
2023-10-26 14:49:29,P-Usine_A-000363,NON,NON,N/A,AUCUN,OK,
2023-10-26 14:52:39,P-Usine_A-000364,OUI,NON,N/A,MAJEUR,REBUT,http://internal-storage/P-Usine_A-000364_vis.jpg
2023-10-26 14:53:41,P-Usine_A-000365,NON,NON,N/A,AUCUN,OK,
2023-10-26 14:53:54,P-Usine_A-000366,NON,NON,N/A,AUCUN,OK,
2023-10-26 14:52:44,P-Usine_A-000367,NON,NON,N/A,AUCUN,OK,
2023-10-26 14:54:39,P-Usine_A-000368,NON,999.9,N/A,AUCUN,OK,
2023-10-26 14:51:42,P-Usine_A-000369,NON,NON,N/A,AUCUN,OK,
2023-10-26 14:54:43,P-Usine_A-000370,NON,NON,N/A,AUCUN,OK,
2023-10-26 14:50:39,P-Usine_A-000371,NON,NON,N/A,AUCUN,OK,
2023-10-26 15:01:06,P-Usine_A-000372,NON,NON,N/A,AUCUN,OK,
2023-10-26 14:59:56,P-Usine_A-000373,NON,NON,N/A,AUCUN,OK,
2023-10-26 15:01:54,P-Usine_A-000374,NON,NON,N/A,AUCUN,OK,
2023-10-26 14:56:29,P-Usine_A-000375,NON,NON,N/A,AUCUN,OK,
2023-10-26 14:56:21,P-Usine_A-000376,NON,NON,N/A,AUCUN,OK,
2023-10-26 15:03:14,P-Usine_A-000377,OUI,NON,N/A,MAJEUR,REBUT,http://internal-storage/P-Usine_A-000377_vis.jpg
2023-10-26 15:06:43,P-Usine_A-000378,NON,NON,N/A,AUCUN,OK,
2023-10-26 15:08:27,P-Usine_A-000379,NON,NON,N/A,AUCUN,OK,
2023-10-26 15:01:04,P-Usine_A-000380,NON,NON,N/A,AUCUN,OK,
2023-10-26 15:00:57,P-Usine_A-000381,NON,NON,N/A,AUCUN,OK,
2023-10-26 15:08:27,P-Usine_A-000382,NON,NON,N/A,AUCUN,OK,
2023-10-26 15:05:22,P-Usine_A-000383,NON,NON,N/A,AUCUN,OK,
2023-10-26 15:05:22,P-Usine_A-000383,NON,NON,N/A,AUCUN,OK,
2023-10-26 15:12:35,P-Usine_A-000384,NON,NON,N/A,AUCUN,OK,
2023-10-26 15:04:43,P-Usine_A-000385,NON,NON,N/A,AUCUN,OK,
2023-10-26 15:11:27,P-Usine_A-000386,NON,NON,N/A,AUCUN,OK,
2023-10-26 15:16:07,P-Usine_A-000387,OUI,NON,N/A,MINEUR,RETOUCHE,http://internal-storage/P-Usine_A-000387_vis.jpg
2023-10-26 15:12:36,P-Usine_A-000388,OUI,NON,N/A,MINEUR,RETOUCHE,http://internal-storage/P-Usine_A-000388_vis.jpg
2023-10-26 15:14:46,P-Usine_A-000389,NON,NON,N/A,AUCUN,OK,
2023-10-26 15:16:01,P-Usine_A-000390,NON,NON,N/A,AUCUN,OK,
2023-10-26 15:14:19,P-Usine_A-000391,NON,NON,N/A,AUCUN,OK,
2023-10-26 15:17:53,P-Usine_A-000392,NON,NON,N/A,AUCUN,OK,
2023-10-26 15:20:38,P-Usine_A-000393,NON,NON,N/A,AUCUN,OK,
2023-10-26 15:21:18,P-Usine_A-000394,NON,NON,N/A,AUCUN,OK,
2023-10-26 15:23:52,P-Usine_A-000395,NON,NON,N/A,AUCUN,OK,
2023-10-26 15:17:16,P-Usine_A-000396,NON,NON,N/A,AUCUN,OK,
2023-10-26 15:24:25,P-Usine_A-000397,NON,NON,N/A,AUCUN,OK,
2023-10-26 15:19:38,P-Usine_A-000398,OUI,NON,N/A,MAJEUR,REBUT,http://internal-storage/P-Usine_A-000398_vis.jpg
2023-10-26 15:19:36,P-Usine_A-000399,NON,NON,N/A,AUCUN,OK,
2023-10-26 15:21:15,P-Usine_A-000400,NON,NON,N/A,AUCUN,OK,
2023-10-26 15:21:49,P-Usine_A-000401,999.9,NON,N/A,AUCUN,OK,
2023-10-26 15:26:09,P-Usine_A-000402,NON,NON,N/A,AUCUN,OK,
2023-10-26 15:28:55,P-Usine_A-000403,NON,NON,N/A,AUCUN,OK,
2023-10-26 15:26:55,P-Usine_A-000404,NON,NON,N/A,AUCUN,OK,
2023-10-26 15:25:00,P-Usine_A-000405,NON,NON,N/A,AUCUN,OK,
2023-10-26 15:33:38,P-Usine_A-000406,NON,NON,N/A,AUCUN,OK,
2023-10-26 15:34:05,P-Usine_A-000407,NON,NON,N/A,AUCUN,OK,
2023-10-26 15:28:39,P-Usine_A-000408,OUI,NON,N/A,MINEUR,RETOUCHE,http://internal-storage/P-Usine_A-000408_vis.jpg
2023-10-26 15:29:34,P-Usine_A-000409,NON,OUI,N/A,AUCUN,OK,
2023-10-26 15:37:36,P-Usine_A-000410,NON,NON,N/A,AUCUN,OK,
2023-10-26 15:37:02,P-Usine_A-000411,OUI,NON,N/A,MINEUR,RETOUCHE,http://internal-storage/P-Usine_A-000411_vis.jpg
2023-10-26 15:31:53,P-Usine_A-000412,NON,NON,N/A,AUCUN,OK,
2023-10-26 15:38:08,P-Usine_A-000413,NON,NON,N/A,AUCUN,OK,
2023-10-26 15:39:21,P-Usine_A-000414,NON,NON,N/A,AUCUN,OK,
2023-10-26 15:34:05,P-Usine_A-000415,NON,NON,N/A,AUCUN,OK,
2023-10-26 15:39:43,P-Usine_A-000416,NON,NON,N/A,AUCUN,OK,
2023-10-26 15:36:20,P-Usine_A-000417,NON,NON,N/A,AUCUN,OK,
2023-10-26 15:36:55,P-Usine_A-000418,NON,NON,N/A,AUCUN,OK,
2023-10-26 15:39:51,P-Usine_A-000419,NON,NON,N/A,AUCUN,OK,
2023-10-26 15:47:38,P-Usine_A-000420,NON,NON,N/A,AUCUN,OK,
2023-10-26 15:48:27,P-Usine_A-000421,NON,NON,N/A,AUCUN,OK,
2023-10-26 15:45:32,P-Usine_A-000422,OUI,NON,N/A,MINEUR,RETOUCHE,http://internal-storage/P-Usine_A-000422_vis.jpg
2023-10-26 15:45:32,P-Usine_A-000422,OUI,NON,N/A,MINEUR,RETOUCHE,http://internal-storage/P-Usine_A-000422_vis.jpg
2023-10-26 15:50:32,P-Usine_A-000423,NON,NON,N/A,AUCUN,OK,
2023-10-26 15:49:05,P-Usine_A-000424,NON,NON,N/A,AUCUN,OK,
2023-10-26 15:45:37,P-Usine_A-000425,OUI,NON,N/A,MINEUR,RETOUCHE,http://internal-storage/P-Usine_A-000425_vis.jpg
2023-10-26 15:54:08,P-Usine_A-000426,NON,NON,N/A,AUCUN,OK,
2023-10-26 15:47:57,P-Usine_A-000427,NON,NON,N/A,AUCUN,OK,
2023-10-26 15:52:38,P-Usine_A-000428,NON,NON,N/A,AUCUN,OK,
2023-10-26 15:53:32,P-Usine_A-000429,NON,NON,N/A,AUCUN,OK,
2023-10-26 15:57:33,P-Usine_A-000430,NON,NON,N/A,AUCUN,OK,
2023-10-26 15:57:33,P-Usine_A-000430,NON,NON,N/A,AUCUN,OK,
2023-10-26 15:49:56,P-Usine_A-000431,NON,NON,N/A,AUCUN,OK,
2023-10-26 15:51:55,P-Usine_A-000432,NON,NON,N/A,AUCUN,OK,
2023-10-26 15:59:30,P-Usine_A-000433,NON,NON,N/A,AUCUN,OK,
2023-10-26 15:54:39,P-Usine_A-000434,NON,NON,N/A,AUCUN,OK,
2023-10-26 15:54:27,P-Usine_A-000435,OUI,NON,N/A,MINEUR,RETOUCHE,http://internal-storage/P-Usine_A-000435_vis.jpg
2023-10-26 15:59:21,P-Usine_A-000436,NON,NON,N/A,AUCUN,OK,
2023-10-26 15:58:22,P-Usine_A-000437,NON,NON,N/A,AUCUN,OK,
2023-10-26 15:57:06,P-Usine_A-000438,NON,NON,N/A,AUCUN,OK,
2023-10-26 15:58:59,P-Usine_A-000439,NON,NON,N/A,AUCUN,OK,
2023-10-26 16:02:22,P-Usine_A-000440,NON,NON,N/A,AUCUN,OK,
2023-10-26 16:06:44,P-Usine_A-000441,NON,NON,N/A,AUCUN,OK,
2023-10-26 16:09:15,P-Usine_A-000442,NON,NON,N/A,AUCUN,OK,
2023-10-26 16:10:19,P-Usine_A-000443,OUI,NON,N/A,MINEUR,RETOUCHE,http://internal-storage/P-Usine_A-000443_vis.jpg
2023-10-26 16:03:38,P-Usine_A-000444,NON,NON,N/A,AUCUN,OK,
2023-10-26 16:13:33,P-Usine_A-000445,NON,NON,N/A,AUCUN,OK,
2023-10-26 16:06:24,P-Usine_A-000446,NON,NON,N/A,AUCUN,OK,
2023-10-26 16:07:49,P-Usine_A-000447,NON,NON,N/A,AUCUN,OK,
2023-10-26 16:15:52,P-Usine_A-000448,NON,NON,N/A,AUCUN,OK,
2023-10-26 16:09:21,P-Usine_A-000449,NON,NON,N/A,AUCUN,OK,
2023-10-26 16:12:47,P-Usine_A-000450,OUI,NON,N/A,MAJEUR,REBUT,http://internal-storage/P-Usine_A-000450_vis.jpg
2023-10-26 16:15:18,P-Usine_A-000451,OUI,NON,N/A,MINEUR,RETOUCHE,http://internal-storage/P-Usine_A-000451_vis.jpg
2023-10-26 16:14:02,P-Usine_A-000452,OUI,NON,N/A,MINEUR,RETOUCHE,http://internal-storage/P-Usine_A-000452_vis.jpg
2023-10-26 16:16:21,P-Usine_A-000453,NON,NON,N/A,AUCUN,OK,
2023-10-26 16:22:08,P-Usine_A-000454,NON,NON,N/A,AUCUN,OK,999.9
2023-10-26 16:23:50,P-Usine_A-000455,OUI,OUI,N/A,MINEUR,RETOUCHE,http://internal-storage/P-Usine_A-000455_vis.jpg
2023-10-26 16:23:29,P-Usine_A-000456,NON,NON,N/A,AUCUN,OK,
2023-10-26 16:19:04,P-Usine_A-000457,NON,NON,N/A,AUCUN,OK,
2023-10-26 16:18:15,P-Usine_A-000458,OUI,NON,N/A,MINEUR,RETOUCHE,http://internal-storage/P-Usine_A-000458_vis.jpg
2023-10-26 16:22:29,P-Usine_A-000459,OUI,NON,N/A,MINEUR,RETOUCHE,http://internal-storage/P-Usine_A-000459_vis.jpg
2023-10-26 16:20:00,P-Usine_A-000460,NON,NON,N/A,AUCUN,OK,
2023-10-26 16:20:20,P-Usine_A-000461,NON,NON,N/A,AUCUN,OK,
2023-10-26 16:30:05,P-Usine_A-000462,NON,NON,N/A,AUCUN,OK,
2023-10-26 16:30:14,P-Usine_A-000463,NON,,N/A,AUCUN,OK,
2023-10-26 16:24:17,P-Usine_A-000464,NON,NON,N/A,AUCUN,OK,
2023-10-26 16:24:11,P-Usine_A-000465,NON,NON,N/A,AUCUN,OK,
2023-10-26 16:31:09,P-Usine_A-000466,OUI,NON,N/A,MAJEUR,REBUT,http://internal-storage/P-Usine_A-000466_vis.jpg
2023-10-26 16:31:15,P-Usine_A-000467,NON,NON,N/A,AUCUN,OK,
2023-10-26 16:33:48,P-Usine_A-000468,NON,NON,N/A,AUCUN,OK,
2023-10-26 16:33:10,P-Usine_A-000469,NON,NON,N/A,AUCUN,OK,
2023-10-26 16:29:53,P-Usine_A-000470,NON,NON,N/A,AUCUN,OK,
2023-10-26 16:35:01,P-Usine_A-000471,NON,NON,N/A,AUCUN,OK,
2023-10-26 16:35:53,P-Usine_A-000472,OUI,NON,N/A,MAJEUR,REBUT,http://internal-storage/P-Usine_A-000472_vis.jpg
2023-10-26 16:33:43,P-Usine_A-000473,NON,NON,N/A,AUCUN,OK,
2023-10-26 16:35:40,P-Usine_A-000474,NON,NON,N/A,AUCUN,OK,
2023-10-26 16:40:42,P-Usine_A-000475,NON,NON,N/A,AUCUN,OK,
2023-10-26 16:38:24,P-Usine_A-000476,NON,NON,N/A,AUCUN,OK,
2023-10-26 16:44:08,P-Usine_A-000477,NON,NON,N/A,AUCUN,OK,
2023-10-26 16:38:37,P-Usine_A-000478,OUI,NON,N/A,MINEUR,RETOUCHE,http://internal-storage/P-Usine_A-000478_vis.jpg
2023-10-26 16:46:23,P-Usine_A-000479,NON,NON,N/A,AUCUN,OK,
2023-10-26 16:39:09,P-Usine_A-000480,NON,NON,N/A,AUCUN,OK,
2023-10-26 16:39:09,P-Usine_A-000480,NON,NON,N/A,AUCUN,OK,
2023-10-26 16:41:41,P-Usine_A-000481,NON,NON,N/A,AUCUN,OK,
2023-10-26 16:42:38,P-Usine_A-000482,NON,NON,N/A,AUCUN,OK,
2023-10-26 16:50:41,P-Usine_A-000483,NON,NON,N/A,AUCUN,OK,
2023-10-26 16:47:08,P-Usine_A-000484,NON,NON,N/A,AUCUN,OK,
2023-10-26 16:53:15,P-Usine_A-000485,NON,NON,N/A,AUCUN,OK,
2023-10-26 16:48:39,P-Usine_A-000486,NON,NON,N/A,AUCUN,OK,
2023-10-26 16:53:27,P-Usine_A-000487,NON,NON,N/A,AUCUN,OK,
2023-10-26 16:53:59,P-Usine_A-000488,NON,NON,N/A,AUCUN,OK,
2023-10-26 16:53:59,P-Usine_A-000488,NON,NON,N/A,AUCUN,OK,
2023-10-26 16:50:02,P-Usine_A-000489,NON,NON,N/A,AUCUN,OK,
2023-10-26 16:58:03,P-Usine_A-000490,NON,NON,N/A,AUCUN,OK,
2023-10-26 16:50:43,P-Usine_A-000491,NON,NON,N/A,AUCUN,OK,
2023-10-26 16:59:11,P-Usine_A-000492,NON,NON,N/A,AUCUN,OK,
2023-10-26 16:59:51,P-Usine_A-000493,NON,NON,N/A,AUCUN,OK,
2023-10-26 17:01:08,P-Usine_A-000494,NON,NON,N/A,AUCUN,OK,
2023-10-26 16:58:45,P-Usine_A-000495,NON,NON,N/A,AUCUN,OK,
2023-10-26 16:57:28,P-Usine_A-000496,NON,OUI,N/A,AUCUN,OK,
2023-10-26 16:57:28,P-Usine_A-000496,NON,OUI,N/A,AUCUN,OK,
2023-10-26 17:03:54,P-Usine_A-000497,NON,NON,N/A,AUCUN,OK,
2023-10-26 17:00:56,P-Usine_A-000498,NON,NON,N/A,AUCUN,OK,
2023-10-26 17:06:29,P-Usine_A-000499,NON,NON,N/A,AUCUN,OK,
2023-10-26 17:06:05,P-Usine_A-000500,NON,NON,N/A,AUCUN,OK,
2023-10-26 17:00:29,P-Usine_A-000501,NON,NON,N/A,AUCUN,OK,
2023-10-26 17:01:30,P-Usine_A-000502,NON,NON,N/A,AUCUN,OK,
2023-10-26 17:08:44,P-Usine_A-000503,NON,NON,N/A,AUCUN,OK,
2023-10-26 17:04:08,P-Usine_A-000504,NON,NON,N/A,AUCUN,OK,
2023-10-26 17:12:41,P-Usine_A-000505,OUI,NON,N/A,MINEUR,RETOUCHE,http://internal-storage/P-Usine_A-000505_vis.jpg
2023-10-26 17:09:13,P-Usine_A-000506,NON,NON,N/A,AUCUN,OK,
2023-10-26 17:07:09,P-Usine_A-000507,NON,NON,N/A,AUCUN,OK,
2023-10-26 17:11:52,P-Usine_A-000508,NON,NON,N/A,AUCUN,OK,
2023-10-26 17:12:35,P-Usine_A-000509,OUI,NON,N/A,MINEUR,RETOUCHE,http://internal-storage/P-Usine_A-000509_vis.jpg
2023-10-26 17:11:08,P-Usine_A-000510,NON,NON,N/A,AUCUN,OK,
2023-10-26 17:20:10,P-Usine_A-000511,NON,NON,N/A,AUCUN,OK,
2023-10-26 17:17:53,P-Usine_A-000512,NON,NON,N/A,AUCUN,OK,
2023-10-26 17:13:37,P-Usine_A-000513,NON,NON,N/A,AUCUN,OK,
2023-10-26 17:19:05,P-Usine_A-000514,NON,NON,N/A,AUCUN,OK,
2023-10-26 17:23:57,P-Usine_A-000515,NON,NON,N/A,AUCUN,OK,
2023-10-26 17:24:05,P-Usine_A-000516,NON,NON,N/A,AUCUN,OK,
2023-10-26 17:19:30,P-Usine_A-000517,NON,NON,N/A,AUCUN,OK,
2023-10-26 17:26:38,P-Usine_A-000518,NON,NON,N/A,AUCUN,OK,
2023-10-26 17:28:23,P-Usine_A-000519,NON,NON,N/A,AUCUN,OK,
2023-10-26 17:21:54,P-Usine_A-000520,NON,NON,N/A,AUCUN,OK,
2023-10-26 17:27:07,P-Usine_A-000521,NON,NON,N/A,AUCUN,OK,
2023-10-26 17:30:11,P-Usine_A-000522,NON,NON,N/A,AUCUN,OK,
2023-10-26 17:27:13,P-Usine_A-000523,NON,NON,N/A,AUCUN,OK,
2023-10-26 17:33:38,P-Usine_A-000524,NON,NON,N/A,AUCUN,OK,
2023-10-26 17:27:55,P-Usine_A-000525,NON,NON,N/A,AUCUN,OK,
2023-10-26 17:34:45,P-Usine_A-000526,NON,NON,N/A,AUCUN,OK,
2023-10-26 17:32:45,P-Usine_A-000527,,NON,N/A,AUCUN,OK,
2023-10-26 17:28:02,P-Usine_A-000528,NON,NON,N/A,AUCUN,OK,
2023-10-26 17:34:16,P-Usine_A-000529,NON,NON,N/A,AUCUN,OK,
2023-10-26 17:34:36,P-Usine_A-000530,NON,NON,N/A,AUCUN,OK,
2023-10-26 17:38:59,P-Usine_A-000531,NON,NON,N/A,AUCUN,OK,
2023-10-26 17:39:57,P-Usine_A-000532,NON,NON,N/A,AUCUN,OK,
2023-10-26 17:39:20,P-Usine_A-000533,NON,OUI,N/A,AUCUN,OK,
2023-10-26 17:40:13,P-Usine_A-000534,NON,NON,N/A,AUCUN,OK,
2023-10-26 17:40:34,P-Usine_A-000535,NON,NON,N/A,AUCUN,OK,
2023-10-26 17:36:06,P-Usine_A-000536,OUI,NON,N/A,MINEUR,RETOUCHE,http://internal-storage/P-Usine_A-000536_vis.jpg
2023-10-26 17:43:02,P-Usine_A-000537,NON,NON,N/A,AUCUN,OK,
2023-10-26 17:46:09,P-Usine_A-000538,NON,NON,N/A,AUCUN,OK,
2023-10-26 17:42:39,P-Usine_A-000539,NON,NON,N/A,AUCUN,OK,
2023-10-26 17:43:12,P-Usine_A-000540,NON,NON,N/A,AUCUN,OK,
2023-10-26 17:47:41,P-Usine_A-000541,NON,NON,N/A,AUCUN,OK,
2023-10-26 17:43:59,P-Usine_A-000542,NON,NON,N/A,AUCUN,OK,
2023-10-26 17:47:16,P-Usine_A-000543,NON,NON,N/A,AUCUN,OK,
2023-10-26 17:48:21,P-Usine_A-000544,OUI,NON,N/A,MINEUR,RETOUCHE,http://internal-storage/P-Usine_A-000544_vis.jpg
2023-10-26 17:50:15,P-Usine_A-000545,NON,NON,N/A,AUCUN,OK,
2023-10-26 17:47:45,P-Usine_A-000546,NON,NON,N/A,AUCUN,OK,
2023-10-26 17:49:36,P-Usine_A-000547,NON,NON,N/A,AUCUN,OK,
2023-10-26 17:49:02,P-Usine_A-000548,OUI,NON,N/A,MINEUR,RETOUCHE,http://internal-storage/P-Usine_A-000548_vis.jpg
2023-10-26 17:55:49,P-Usine_A-000549,NON,NON,N/A,AUCUN,OK,
2023-10-26 17:57:08,P-Usine_A-000550,NON,NON,N/A,AUCUN,OK,
2023-10-26 17:50:47,P-Usine_A-000551,NON,NON,N/A,AUCUN,OK,
2023-10-26 17:56:15,P-Usine_A-000552,NON,NON,N/A,AUCUN,OK,
2023-10-26 17:53:33,P-Usine_A-000553,NON,NON,N/A,AUCUN,OK,
2023-10-26 18:03:00,P-Usine_A-000554,NON,NON,999.9,AUCUN,OK,
2023-10-26 17:57:26,P-Usine_A-000555,NON,NON,N/A,AUCUN,OK,
2023-10-26 18:01:26,P-Usine_A-000556,NON,NON,N/A,AUCUN,OK,
2023-10-26 17:57:39,P-Usine_A-000557,NON,NON,N/A,AUCUN,,
2023-10-26 17:57:15,P-Usine_A-000558,NON,NON,N/A,AUCUN,OK,
2023-10-26 17:59:03,P-Usine_A-000559,NON,NON,N/A,AUCUN,OK,
2023-10-26 18:02:34,P-Usine_A-000560,NON,NON,N/A,AUCUN,OK,
2023-10-26 18:05:52,P-Usine_A-000561,NON,NON,N/A,AUCUN,OK,
2023-10-26 18:11:15,P-Usine_A-000562,NON,NON,N/A,AUCUN,OK,
2023-10-26 18:05:07,P-Usine_A-000563,NON,NON,N/A,AUCUN,OK,
2023-10-26 18:04:49,P-Usine_A-000564,NON,NON,N/A,AUCUN,OK,
2023-10-26 18:14:13,P-Usine_A-000565,OUI,NON,N/A,MAJEUR,REBUT,http://internal-storage/P-Usine_A-000565_vis.jpg
2023-10-26 18:09:31,P-Usine_A-000566,NON,999.9,N/A,AUCUN,OK,
2023-10-26 18:15:44,P-Usine_A-000567,NON,NON,N/A,AUCUN,OK,
2023-10-26 18:17:10,P-Usine_A-000568,OUI,NON,N/A,MAJEUR,REBUT,http://internal-storage/P-Usine_A-000568_vis.jpg
2023-10-26 18:14:44,P-Usine_A-000569,OUI,NON,N/A,MINEUR,RETOUCHE,http://internal-storage/P-Usine_A-000569_vis.jpg
2023-10-26 18:14:33,P-Usine_A-000570,OUI,NON,N/A,MAJEUR,REBUT,http://internal-storage/P-Usine_A-000570_vis.jpg
2023-10-26 18:16:34,P-Usine_A-000571,NON,NON,N/A,AUCUN,OK,
2023-10-26 18:18:34,P-Usine_A-000572,OUI,NON,N/A,MAJEUR,REBUT,http://internal-storage/P-Usine_A-000572_vis.jpg
2023-10-26 18:15:30,P-Usine_A-000573,OUI,NON,N/A,MAJEUR,REBUT,http://internal-storage/P-Usine_A-000573_vis.jpg
2023-10-26 18:23:20,P-Usine_A-000574,NON,NON,N/A,999.9,OK,
2023-10-26 18:16:26,P-Usine_A-000575,NON,NON,N/A,AUCUN,OK,
2023-10-26 18:21:09,P-Usine_A-000576,NON,NON,N/A,AUCUN,OK,
2023-10-26 18:24:43,P-Usine_A-000577,NON,NON,N/A,AUCUN,OK,
2023-10-26 18:23:14,P-Usine_A-000578,NON,NON,N/A,AUCUN,OK,
2023-10-26 18:18:45,P-Usine_A-000579,NON,NON,N/A,AUCUN,OK,
2023-10-26 18:23:55,P-Usine_A-000580,NON,NON,N/A,AUCUN,OK,
2023-10-26 18:28:42,P-Usine_A-000581,NON,NON,N/A,AUCUN,OK,
2023-10-26 18:25:32,P-Usine_A-000582,NON,NON,N/A,AUCUN,OK,
2023-10-26 18:25:40,P-Usine_A-000583,NON,NON,N/A,AUCUN,OK,
2023-10-26 18:23:43,P-Usine_A-000584,NON,NON,N/A,AUCUN,OK,
2023-10-26 18:23:43,P-Usine_A-000584,NON,NON,N/A,AUCUN,OK,
2023-10-26 18:25:20,P-Usine_A-000585,NON,NON,N/A,AUCUN,OK,
2023-10-26 18:29:30,P-Usine_A-000586,NON,NON,N/A,AUCUN,OK,
2023-10-26 18:33:28,P-Usine_A-000587,NON,NON,N/A,AUCUN,OK,
2023-10-26 18:33:28,P-Usine_A-000587,NON,NON,N/A,AUCUN,OK,
2023-10-26 18:28:12,P-Usine_A-000588,NON,NON,N/A,AUCUN,OK,
2023-10-26 18:32:39,P-Usine_A-000589,NON,NON,N/A,AUCUN,OK,
2023-10-26 18:31:56,P-Usine_A-000590,NON,NON,N/A,AUCUN,OK,
2023-10-26 18:31:40,P-Usine_A-000591,OUI,NON,N/A,MINEUR,RETOUCHE,http://internal-storage/P-Usine_A-000591_vis.jpg
2023-10-26 18:35:42,P-Usine_A-000592,OUI,NON,N/A,MAJEUR,REBUT,http://internal-storage/P-Usine_A-000592_vis.jpg
2023-10-26 18:36:14,P-Usine_A-000593,NON,NON,N/A,AUCUN,OK,
2023-10-26 18:37:13,P-Usine_A-000594,NON,NON,N/A,AUCUN,OK,
2023-10-26 18:43:33,P-Usine_A-000595,NON,NON,N/A,AUCUN,OK,
2023-10-26 18:35:37,P-Usine_A-000596,NON,NON,N/A,AUCUN,OK,
2023-10-26 18:42:45,P-Usine_A-000597,NON,NON,N/A,AUCUN,OK,
2023-10-26 18:42:25,P-Usine_A-000598,NON,NON,N/A,AUCUN,OK,
2023-10-26 18:47:01,P-Usine_A-000599,NON,NON,N/A,AUCUN,OK,
2023-10-26 18:47:57,P-Usine_A-000600,NON,NON,N/A,AUCUN,OK,
2023-10-26 18:45:07,P-Usine_A-000601,OUI,NON,N/A,MAJEUR,REBUT,http://internal-storage/P-Usine_A-000601_vis.jpg
2023-10-26 18:47:15,,NON,NON,N/A,AUCUN,OK,
2023-10-26 18:50:11,P-Usine_A-000603,NON,NON,N/A,AUCUN,OK,
2023-10-26 18:53:42,P-Usine_A-000604,NON,NON,N/A,AUCUN,OK,
2023-10-26 18:53:36,P-Usine_A-000605,NON,NON,N/A,AUCUN,OK,
2023-10-26 18:51:35,P-Usine_A-000606,NON,NON,N/A,AUCUN,OK,
2023-10-26 18:47:34,P-Usine_A-000607,NON,NON,N/A,AUCUN,OK,
2023-10-26 18:57:04,P-Usine_A-000608,NON,NON,N/A,AUCUN,OK,
2023-10-26 18:53:23,P-Usine_A-000609,OUI,NON,N/A,MINEUR,RETOUCHE,http://internal-storage/P-Usine_A-000609_vis.jpg
2023-10-26 18:52:15,P-Usine_A-000610,NON,NON,N/A,AUCUN,OK,
2023-10-26 18:56:25,P-Usine_A-000611,NON,NON,N/A,AUCUN,OK,
2023-10-26 18:57:00,P-Usine_A-000612,NON,NON,N/A,AUCUN,OK,
2023-10-26 18:55:35,P-Usine_A-000613,NON,NON,N/A,AUCUN,OK,
2023-10-26 18:57:54,P-Usine_A-000614,NON,NON,N/A,AUCUN,OK,
2023-10-26 18:57:28,P-Usine_A-000615,NON,NON,N/A,AUCUN,,
2023-10-26 19:00:00,P-Usine_A-000616,NON,NON,N/A,AUCUN,OK,
2023-10-26 19:03:58,P-Usine_A-000617,NON,NON,N/A,AUCUN,,
2023-10-26 19:03:26,P-Usine_A-000618,OUI,NON,N/A,MINEUR,RETOUCHE,http://internal-storage/P-Usine_A-000618_vis.jpg
2023-10-26 19:01:10,P-Usine_A-000619,NON,NON,N/A,AUCUN,OK,
2023-10-26 19:08:13,P-Usine_A-000620,NON,NON,N/A,AUCUN,OK,
2023-10-26 19:06:57,P-Usine_A-000621,NON,NON,N/A,AUCUN,OK,
2023-10-26 19:05:11,P-Usine_A-000622,NON,NON,N/A,AUCUN,OK,
2023-10-26 19:08:10,P-Usine_A-000623,NON,NON,N/A,AUCUN,999.9,
2023-10-26 19:05:19,P-Usine_A-000624,NON,NON,N/A,AUCUN,OK,
2023-10-26 19:07:52,P-Usine_A-000625,NON,NON,N/A,AUCUN,OK,
2023-10-26 19:11:23,P-Usine_A-000626,NON,NON,N/A,AUCUN,OK,
2023-10-26 19:16:13,P-Usine_A-000627,NON,NON,N/A,AUCUN,OK,
2023-10-26 19:11:24,P-Usine_A-000628,NON,NON,N/A,AUCUN,OK,
2023-10-26 19:17:37,P-Usine_A-000629,NON,NON,N/A,AUCUN,OK,
2023-10-26 19:18:02,P-Usine_A-000630,NON,NON,N/A,AUCUN,OK,
2023-10-26 19:14:19,P-Usine_A-000631,NON,,N/A,AUCUN,OK,
2023-10-26 19:13:25,P-Usine_A-000632,NON,NON,N/A,AUCUN,999.9,
2023-10-26 19:20:59,P-Usine_A-000633,NON,NON,N/A,AUCUN,OK,
2023-10-26 19:15:07,P-Usine_A-000634,NON,NON,N/A,AUCUN,OK,
2023-10-26 19:17:14,P-Usine_A-000635,NON,OUI,N/A,AUCUN,OK,
2023-10-26 19:20:10,P-Usine_A-000636,NON,NON,N/A,AUCUN,OK,
2023-10-26 19:24:53,P-Usine_A-000637,NON,NON,N/A,AUCUN,OK,
2023-10-26 19:19:57,P-Usine_A-000638,NON,NON,N/A,AUCUN,OK,
2023-10-26 19:20:44,P-Usine_A-000639,OUI,NON,N/A,MINEUR,RETOUCHE,http://internal-storage/P-Usine_A-000639_vis.jpg
2023-10-26 19:27:41,P-Usine_A-000640,OUI,NON,N/A,MINEUR,RETOUCHE,http://internal-storage/P-Usine_A-000640_vis.jpg
2023-10-26 19:27:34,P-Usine_A-000641,NON,NON,N/A,AUCUN,OK,
2023-10-26 19:26:42,P-Usine_A-000642,OUI,NON,N/A,MINEUR,RETOUCHE,http://internal-storage/P-Usine_A-000642_vis.jpg
2023-10-26 19:26:45,P-Usine_A-000643,NON,NON,N/A,AUCUN,OK,
2023-10-26 19:25:25,P-Usine_A-000644,NON,NON,N/A,AUCUN,OK,
2023-10-26 19:31:42,P-Usine_A-000645,OUI,NON,N/A,MAJEUR,REBUT,http://internal-storage/P-Usine_A-000645_vis.jpg
2023-10-26 19:34:13,P-Usine_A-000646,OUI,NON,N/A,MAJEUR,REBUT,http://internal-storage/P-Usine_A-000646_vis.jpg
2023-10-26 19:34:15,P-Usine_A-000647,NON,NON,N/A,AUCUN,OK,
2023-10-26 19:29:05,P-Usine_A-000648,NON,NON,N/A,AUCUN,OK,
2023-10-26 19:36:49,P-Usine_A-000649,NON,NON,N/A,AUCUN,OK,
2023-10-26 19:34:46,P-Usine_A-000650,NON,NON,N/A,AUCUN,OK,
2023-10-26 19:38:12,P-Usine_A-000651,NON,NON,N/A,AUCUN,OK,
2023-10-26 19:38:12,P-Usine_A-000651,NON,NON,N/A,AUCUN,OK,
2023-10-26 19:38:21,P-Usine_A-000652,OUI,NON,N/A,MINEUR,RETOUCHE,http://internal-storage/P-Usine_A-000652_vis.jpg
2023-10-26 19:34:28,P-Usine_A-000653,NON,NON,N/A,AUCUN,OK,
2023-10-26 19:36:41,P-Usine_A-000654,NON,NON,N/A,,OK,
2023-10-26 19:43:21,P-Usine_A-000655,OUI,NON,N/A,MAJEUR,REBUT,http://internal-storage/P-Usine_A-000655_vis.jpg
2023-10-26 19:39:12,P-Usine_A-000656,OUI,NON,N/A,MINEUR,RETOUCHE,http://internal-storage/P-Usine_A-000656_vis.jpg
2023-10-26 19:46:31,P-Usine_A-000657,NON,NON,N/A,AUCUN,OK,
2023-10-26 19:40:38,,NON,NON,N/A,AUCUN,OK,
2023-10-26 19:43:03,P-Usine_A-000659,NON,NON,N/A,AUCUN,OK,
2023-10-26 19:50:07,P-Usine_A-000660,NON,NON,N/A,AUCUN,OK,
2023-10-26 19:51:17,P-Usine_A-000661,NON,NON,N/A,AUCUN,OK,
2023-10-26 19:50:27,P-Usine_A-000662,NON,NON,N/A,AUCUN,OK,
2023-10-26 19:45:55,P-Usine_A-000663,NON,OUI,N/A,AUCUN,OK,
2023-10-26 19:48:43,P-Usine_A-000664,NON,NON,N/A,AUCUN,OK,
2023-10-26 19:52:00,P-Usine_A-000665,NON,NON,N/A,AUCUN,OK,
2023-10-26 19:50:58,P-Usine_A-000666,NON,NON,N/A,AUCUN,OK,
2023-10-26 19:52:01,P-Usine_A-000667,NON,NON,N/A,AUCUN,OK,
2023-10-26 19:50:26,P-Usine_A-000668,NON,NON,N/A,AUCUN,OK,
2023-10-26 19:51:33,P-Usine_A-000669,NON,NON,N/A,AUCUN,OK,
2023-10-26 19:54:40,P-Usine_A-000670,NON,NON,N/A,AUCUN,OK,
2023-10-26 19:55:49,P-Usine_A-000671,OUI,NON,N/A,MAJEUR,REBUT,http://internal-storage/P-Usine_A-000671_vis.jpg
2023-10-26 19:58:41,P-Usine_A-000672,OUI,NON,N/A,MINEUR,RETOUCHE,http://internal-storage/P-Usine_A-000672_vis.jpg
2023-10-26 20:03:00,P-Usine_A-000673,NON,NON,N/A,AUCUN,OK,
2023-10-26 19:56:57,P-Usine_A-000674,NON,NON,N/A,AUCUN,OK,
2023-10-26 20:00:47,P-Usine_A-000675,NON,NON,N/A,AUCUN,OK,
2023-10-26 20:01:55,P-Usine_A-000676,NON,NON,N/A,AUCUN,OK,
2023-10-26 19:59:39,P-Usine_A-000677,OUI,NON,N/A,MINEUR,RETOUCHE,http://internal-storage/P-Usine_A-000677_vis.jpg
2023-10-26 20:02:43,P-Usine_A-000678,NON,NON,N/A,AUCUN,OK,
2023-10-26 20:01:32,P-Usine_A-000679,NON,NON,N/A,AUCUN,999.9,
2023-10-26 20:01:48,P-Usine_A-000680,NON,NON,N/A,AUCUN,OK,
2023-10-26 20:02:24,P-Usine_A-000681,OUI,NON,N/A,MAJEUR,REBUT,http://internal-storage/P-Usine_A-000681_vis.jpg
2023-10-26 20:11:24,P-Usine_A-000682,NON,NON,N/A,AUCUN,OK,
2023-10-26 20:07:01,P-Usine_A-000683,NON,NON,N/A,AUCUN,OK,
2023-10-26 20:07:53,P-Usine_A-000684,OUI,NON,N/A,MAJEUR,REBUT,http://internal-storage/P-Usine_A-000684_vis.jpg
2023-10-26 20:12:54,P-Usine_A-000685,OUI,NON,N/A,MINEUR,RETOUCHE,http://internal-storage/P-Usine_A-000685_vis.jpg
2023-10-26 20:13:35,P-Usine_A-000686,NON,NON,N/A,AUCUN,OK,
2023-10-26 20:15:38,P-Usine_A-000687,NON,NON,N/A,AUCUN,OK,
2023-10-26 20:09:29,P-Usine_A-000688,OUI,NON,N/A,MINEUR,RETOUCHE,http://internal-storage/P-Usine_A-000688_vis.jpg
2023-10-26 20:12:38,P-Usine_A-000689,NON,NON,N/A,AUCUN,OK,
2023-10-26 20:12:38,P-Usine_A-000689,NON,NON,N/A,AUCUN,OK,
2023-10-26 20:17:43,P-Usine_A-000690,NON,NON,N/A,AUCUN,OK,
2023-10-26 20:14:55,P-Usine_A-000691,NON,NON,N/A,AUCUN,OK,
2023-10-26 20:21:23,P-Usine_A-000692,OUI,NON,N/A,MINEUR,RETOUCHE,http://internal-storage/P-Usine_A-000692_vis.jpg
2023-10-26 20:21:17,P-Usine_A-000693,NON,NON,N/A,AUCUN,OK,
2023-10-26 20:22:14,P-Usine_A-000694,NON,NON,N/A,AUCUN,OK,
2023-10-26 20:21:26,P-Usine_A-000695,NON,NON,N/A,AUCUN,OK,
2023-10-26 20:26:23,P-Usine_A-000696,NON,NON,N/A,AUCUN,OK,
2023-10-26 20:18:15,P-Usine_A-000697,NON,NON,N/A,AUCUN,OK,
2023-10-26 20:18:15,P-Usine_A-000697,NON,NON,N/A,AUCUN,OK,
2023-10-26 20:27:13,P-Usine_A-000698,NON,NON,N/A,AUCUN,OK,
2023-10-26 20:29:20,P-Usine_A-000699,NON,NON,N/A,AUCUN,OK,
2023-10-26 20:21:54,P-Usine_A-000700,NON,NON,N/A,AUCUN,OK,
2023-10-26 20:25:06,P-Usine_A-000701,NON,NON,999.9,AUCUN,OK,
2023-10-26 20:31:26,P-Usine_A-000702,NON,NON,N/A,AUCUN,OK,
2023-10-26 20:24:15,P-Usine_A-000703,NON,NON,N/A,AUCUN,OK,
2023-10-26 20:25:32,P-Usine_A-000704,NON,NON,N/A,AUCUN,OK,
2023-10-26 20:28:29,P-Usine_A-000705,NON,NON,N/A,AUCUN,OK,
2023-10-26 20:27:15,P-Usine_A-000706,NON,NON,N/A,AUCUN,OK,
2023-10-26 20:37:48,P-Usine_A-000707,NON,NON,N/A,AUCUN,OK,
2023-10-26 20:32:26,P-Usine_A-000708,NON,NON,N/A,AUCUN,OK,
2023-10-26 20:34:39,P-Usine_A-000709,NON,NON,N/A,AUCUN,OK,999.9
2023-10-26 20:31:11,P-Usine_A-000710,NON,NON,N/A,AUCUN,OK,
2023-10-26 20:40:00,P-Usine_A-000711,NON,NON,N/A,AUCUN,OK,
2023-10-26 20:34:49,P-Usine_A-000712,NON,NON,N/A,AUCUN,OK,
2023-10-26 20:35:38,P-Usine_A-000713,NON,NON,N/A,AUCUN,OK,
2023-10-26 20:43:21,P-Usine_A-000714,OUI,NON,N/A,MINEUR,RETOUCHE,http://internal-storage/P-Usine_A-000714_vis.jpg
2023-10-26 20:44:12,P-Usine_A-000715,NON,NON,N/A,AUCUN,OK,
2023-10-26 20:44:34,P-Usine_A-000716,NON,NON,N/A,AUCUN,OK,
,P-Usine_A-000717,NON,NON,N/A,AUCUN,OK,
2023-10-26 20:40:39,P-Usine_A-000718,OUI,NON,N/A,MAJEUR,REBUT,http://internal-storage/P-Usine_A-000718_vis.jpg
2023-10-26 20:43:17,P-Usine_A-000719,NON,NON,N/A,AUCUN,OK,
2023-10-26 20:43:17,P-Usine_A-000719,NON,NON,N/A,AUCUN,OK,
2023-10-26 20:45:55,P-Usine_A-000720,NON,NON,N/A,AUCUN,OK,
2023-10-26 20:50:33,P-Usine_A-000721,NON,NON,N/A,AUCUN,OK,
2023-10-26 20:49:40,P-Usine_A-000722,NON,NON,N/A,AUCUN,OK,
2023-10-26 20:52:24,P-Usine_A-000723,NON,NON,N/A,AUCUN,OK,
2023-10-26 20:53:04,P-Usine_A-000724,NON,NON,N/A,AUCUN,OK,
2023-10-26 20:54:02,P-Usine_A-000725,NON,NON,N/A,AUCUN,OK,
2023-10-26 20:52:08,P-Usine_A-000726,NON,NON,N/A,AUCUN,999.9,
2023-10-26 20:57:11,P-Usine_A-000727,NON,NON,N/A,AUCUN,OK,
2023-10-26 20:49:45,P-Usine_A-000728,NON,NON,N/A,AUCUN,OK,
2023-10-26 20:54:15,P-Usine_A-000729,NON,NON,N/A,AUCUN,OK,
2023-10-26 20:54:15,P-Usine_A-000729,NON,NON,N/A,AUCUN,OK,
2023-10-26 20:52:14,P-Usine_A-000730,NON,OUI,N/A,AUCUN,OK,
2023-10-26 20:55:21,P-Usine_A-000731,OUI,NON,N/A,MINEUR,,http://internal-storage/P-Usine_A-000731_vis.jpg
2023-10-26 20:58:12,P-Usine_A-000732,NON,NON,N/A,AUCUN,OK,
2023-10-26 21:01:10,P-Usine_A-000733,NON,NON,N/A,AUCUN,OK,
2023-10-26 20:56:21,P-Usine_A-000734,NON,NON,N/A,AUCUN,OK,
2023-10-26 21:01:40,P-Usine_A-000735,NON,NON,N/A,AUCUN,OK,
2023-10-26 21:02:30,P-Usine_A-000736,OUI,NON,N/A,MINEUR,RETOUCHE,http://internal-storage/P-Usine_A-000736_vis.jpg
2023-10-26 21:03:32,P-Usine_A-000737,NON,NON,N/A,AUCUN,OK,
2023-10-26 20:59:38,P-Usine_A-000738,OUI,NON,N/A,MINEUR,RETOUCHE,http://internal-storage/P-Usine_A-000738_vis.jpg
2023-10-26 20:59:38,P-Usine_A-000738,OUI,NON,N/A,MINEUR,RETOUCHE,http://internal-storage/P-Usine_A-000738_vis.jpg
2023-10-26 21:05:27,P-Usine_A-000739,OUI,NON,N/A,MINEUR,RETOUCHE,http://internal-storage/P-Usine_A-000739_vis.jpg
2023-10-26 21:05:27,P-Usine_A-000739,OUI,NON,N/A,MINEUR,RETOUCHE,http://internal-storage/P-Usine_A-000739_vis.jpg
2023-10-26 21:09:36,P-Usine_A-000740,NON,NON,N/A,AUCUN,OK,
2023-10-26 21:03:08,P-Usine_A-000741,NON,NON,999.9,AUCUN,OK,
2023-10-26 21:04:34,P-Usine_A-000742,NON,NON,N/A,AUCUN,OK,
2023-10-26 21:11:23,P-Usine_A-000743,OUI,NON,N/A,MINEUR,RETOUCHE,http://internal-storage/P-Usine_A-000743_vis.jpg
2023-10-26 21:07:00,P-Usine_A-000744,NON,NON,N/A,AUCUN,OK,
2023-10-26 21:13:30,P-Usine_A-000745,NON,NON,N/A,AUCUN,OK,
2023-10-26 21:15:04,P-Usine_A-000746,NON,NON,N/A,AUCUN,OK,
2023-10-26 21:15:48,P-Usine_A-000747,NON,NON,N/A,AUCUN,OK,
2023-10-26 21:19:06,P-Usine_A-000748,NON,NON,N/A,AUCUN,OK,
2023-10-26 21:15:27,P-Usine_A-000749,NON,NON,N/A,AUCUN,OK,
2023-10-26 21:20:42,P-Usine_A-000750,NON,NON,N/A,AUCUN,OK,
2023-10-26 21:19:36,P-Usine_A-000751,OUI,NON,N/A,MINEUR,RETOUCHE,http://internal-storage/P-Usine_A-000751_vis.jpg
2023-10-26 21:21:53,P-Usine_A-000752,NON,NON,N/A,AUCUN,OK,
2023-10-26 21:17:54,P-Usine_A-000753,NON,NON,N/A,AUCUN,OK,
2023-10-26 21:17:50,P-Usine_A-000754,NON,NON,999.9,AUCUN,OK,
2023-10-26 21:19:04,P-Usine_A-000755,OUI,NON,N/A,MINEUR,RETOUCHE,http://internal-storage/P-Usine_A-000755_vis.jpg
2023-10-26 21:26:30,P-Usine_A-000756,OUI,NON,N/A,MAJEUR,REBUT,http://internal-storage/P-Usine_A-000756_vis.jpg
2023-10-26 21:19:27,P-Usine_A-000757,NON,NON,N/A,AUCUN,OK,
2023-10-26 21:26:41,P-Usine_A-000758,NON,NON,N/A,AUCUN,OK,
2023-10-26 21:20:36,P-Usine_A-000759,NON,NON,N/A,AUCUN,OK,
2023-10-26 21:21:21,P-Usine_A-000760,NON,NON,N/A,AUCUN,OK,
2023-10-26 21:29:07,P-Usine_A-000761,OUI,NON,N/A,MINEUR,RETOUCHE,http://internal-storage/P-Usine_A-000761_vis.jpg
2023-10-26 21:29:19,P-Usine_A-000762,NON,NON,N/A,AUCUN,OK,
2023-10-26 21:27:05,P-Usine_A-000763,NON,NON,N/A,AUCUN,OK,
2023-10-26 21:32:09,P-Usine_A-000764,NON,NON,N/A,AUCUN,OK,
2023-10-26 21:32:54,P-Usine_A-000765,NON,NON,N/A,AUCUN,OK,
2023-10-26 21:34:52,P-Usine_A-000766,NON,NON,N/A,AUCUN,OK,
2023-10-26 21:31:39,P-Usine_A-000767,NON,NON,N/A,AUCUN,OK,
2023-10-26 21:32:31,P-Usine_A-000768,NON,NON,N/A,AUCUN,OK,
2023-10-26 21:35:38,P-Usine_A-000769,NON,NON,N/A,AUCUN,OK,
2023-10-26 21:32:34,P-Usine_A-000770,OUI,NON,N/A,MAJEUR,REBUT,http://internal-storage/P-Usine_A-000770_vis.jpg
2023-10-26 21:33:18,P-Usine_A-000771,NON,NON,N/A,AUCUN,OK,
2023-10-26 21:39:54,P-Usine_A-000772,OUI,NON,N/A,MINEUR,RETOUCHE,http://internal-storage/P-Usine_A-000772_vis.jpg
2023-10-26 21:40:29,P-Usine_A-000773,NON,NON,N/A,AUCUN,OK,
2023-10-26 21:42:54,P-Usine_A-000774,NON,NON,N/A,AUCUN,OK,
2023-10-26 21:42:12,P-Usine_A-000775,NON,NON,N/A,AUCUN,OK,
2023-10-26 21:42:55,P-Usine_A-000776,NON,NON,N/A,AUCUN,OK,
2023-10-26 21:45:22,P-Usine_A-000777,OUI,NON,N/A,MINEUR,RETOUCHE,http://internal-storage/P-Usine_A-000777_vis.jpg
2023-10-26 21:48:50,P-Usine_A-000778,NON,NON,N/A,AUCUN,OK,
2023-10-26 21:44:13,P-Usine_A-000779,NON,NON,N/A,AUCUN,OK,
2023-10-26 21:42:30,P-Usine_A-000780,NON,NON,N/A,AUCUN,OK,
2023-10-26 21:46:07,P-Usine_A-000781,NON,NON,N/A,AUCUN,OK,
2023-10-26 21:43:15,P-Usine_A-000782,NON,NON,N/A,AUCUN,OK,
2023-10-26 21:52:17,P-Usine_A-000783,NON,NON,N/A,AUCUN,OK,
2023-10-26 21:50:20,P-Usine_A-000784,NON,NON,N/A,AUCUN,OK,
2023-10-26 21:53:28,P-Usine_A-000785,OUI,NON,N/A,MINEUR,RETOUCHE,http://internal-storage/P-Usine_A-000785_vis.jpg
2023-10-26 21:54:41,P-Usine_A-000786,NON,NON,N/A,AUCUN,OK,
2023-10-26 21:50:43,P-Usine_A-000787,NON,NON,N/A,AUCUN,OK,
2023-10-26 21:56:51,P-Usine_A-000788,NON,NON,N/A,AUCUN,OK,
2023-10-26 21:54:01,P-Usine_A-000789,NON,NON,N/A,AUCUN,OK,
2023-10-26 21:54:01,P-Usine_A-000789,NON,NON,N/A,AUCUN,OK,
2023-10-26 21:51:13,P-Usine_A-000790,NON,NON,N/A,AUCUN,OK,
2023-10-26 21:54:44,P-Usine_A-000791,NON,NON,N/A,AUCUN,OK,
2023-10-26 21:57:27,P-Usine_A-000792,NON,NON,N/A,AUCUN,OK,
2023-10-26 22:00:51,P-Usine_A-000793,NON,NON,N/A,AUCUN,OK,
2023-10-26 22:00:30,P-Usine_A-000794,OUI,NON,N/A,MINEUR,RETOUCHE,http://internal-storage/P-Usine_A-000794_vis.jpg
2023-10-26 22:03:51,P-Usine_A-000795,NON,NON,N/A,AUCUN,OK,
2023-10-26 22:00:41,P-Usine_A-000796,NON,NON,N/A,AUCUN,OK,
2023-10-26 22:04:02,P-Usine_A-000797,NON,NON,N/A,AUCUN,OK,
2023-10-26 22:05:02,P-Usine_A-000798,NON,999.9,N/A,AUCUN,OK,
2023-10-26 22:05:36,P-Usine_A-000799,NON,NON,N/A,AUCUN,OK,
2023-10-26 22:05:04,P-Usine_A-000800,NON,NON,N/A,AUCUN,OK,
2023-10-26 22:05:10,P-Usine_A-000801,NON,NON,N/A,AUCUN,OK,
2023-10-26 22:05:10,P-Usine_A-000801,NON,NON,N/A,AUCUN,OK,
2023-10-26 22:08:55,P-Usine_A-000802,NON,NON,N/A,AUCUN,OK,
2023-10-26 22:13:17,P-Usine_A-000803,NON,NON,N/A,AUCUN,OK,
2023-10-26 22:05:20,P-Usine_A-000804,NON,NON,N/A,AUCUN,OK,
2023-10-26 22:09:19,P-Usine_A-000805,OUI,NON,N/A,MINEUR,RETOUCHE,http://internal-storage/P-Usine_A-000805_vis.jpg
2023-10-26 22:11:08,P-Usine_A-000806,NON,NON,N/A,AUCUN,OK,
2023-10-26 22:08:39,P-Usine_A-000807,NON,NON,N/A,AUCUN,OK,
2023-10-26 22:10:29,P-Usine_A-000808,NON,NON,N/A,AUCUN,OK,
2023-10-26 22:18:05,P-Usine_A-000809,NON,NON,N/A,AUCUN,OK,
2023-10-26 22:17:31,P-Usine_A-000810,NON,NON,N/A,AUCUN,OK,
2023-10-26 22:20:36,P-Usine_A-000811,NON,NON,N/A,AUCUN,OK,
2023-10-26 22:15:54,P-Usine_A-000812,OUI,NON,N/A,MINEUR,RETOUCHE,http://internal-storage/P-Usine_A-000812_vis.jpg
2023-10-26 22:21:03,P-Usine_A-000813,NON,NON,N/A,AUCUN,OK,
2023-10-26 22:19:27,P-Usine_A-000814,NON,NON,N/A,AUCUN,OK,
2023-10-26 22:23:06,P-Usine_A-000815,OUI,NON,N/A,MINEUR,RETOUCHE,http://internal-storage/P-Usine_A-000815_vis.jpg
2023-10-26 22:26:32,P-Usine_A-000816,NON,NON,N/A,AUCUN,OK,
2023-10-26 22:23:58,P-Usine_A-000817,OUI,NON,N/A,MINEUR,RETOUCHE,http://internal-storage/P-Usine_A-000817_vis.jpg
2023-10-26 22:28:10,P-Usine_A-000818,NON,NON,N/A,AUCUN,OK,
2023-10-26 22:25:26,P-Usine_A-000819,OUI,NON,N/A,MAJEUR,REBUT,http://internal-storage/P-Usine_A-000819_vis.jpg
2023-10-26 22:29:17,P-Usine_A-000820,NON,NON,N/A,AUCUN,OK,
2023-10-26 22:26:13,P-Usine_A-000821,NON,NON,N/A,AUCUN,OK,
2023-10-26 22:31:06,P-Usine_A-000822,NON,NON,N/A,AUCUN,OK,
2023-10-26 22:26:13,P-Usine_A-000823,NON,NON,N/A,AUCUN,OK,
2023-10-26 22:30:11,P-Usine_A-000824,NON,NON,N/A,AUCUN,OK,
2023-10-26 22:25:36,P-Usine_A-000825,NON,NON,N/A,AUCUN,OK,
2023-10-26 22:31:38,P-Usine_A-000826,,NON,N/A,AUCUN,OK,
2023-10-26 22:27:30,P-Usine_A-000827,NON,NON,N/A,AUCUN,OK,
2023-10-26 22:36:31,P-Usine_A-000828,NON,NON,N/A,AUCUN,OK,
2023-10-26 22:33:08,P-Usine_A-000829,NON,NON,N/A,AUCUN,OK,
2023-10-26 22:31:44,P-Usine_A-000830,OUI,NON,N/A,MINEUR,RETOUCHE,http://internal-storage/P-Usine_A-000830_vis.jpg
2023-10-26 22:40:13,P-Usine_A-000831,NON,NON,,AUCUN,OK,
2023-10-26 22:34:06,P-Usine_A-000832,NON,NON,N/A,AUCUN,OK,
2023-10-26 22:35:26,P-Usine_A-000833,NON,NON,N/A,AUCUN,OK,
2023-10-26 22:43:33,P-Usine_A-000834,NON,NON,N/A,AUCUN,OK,
2023-10-26 22:35:36,P-Usine_A-000835,OUI,NON,N/A,MAJEUR,REBUT,http://internal-storage/P-Usine_A-000835_vis.jpg
2023-10-26 22:44:56,P-Usine_A-000836,NON,NON,N/A,AUCUN,OK,
2023-10-26 22:46:50,P-Usine_A-000837,OUI,NON,N/A,MINEUR,RETOUCHE,http://internal-storage/P-Usine_A-000837_vis.jpg
2023-10-26 22:45:31,P-Usine_A-000838,NON,NON,N/A,AUCUN,OK,
2023-10-26 22:45:50,P-Usine_A-000839,NON,NON,N/A,AUCUN,OK,
2023-10-26 22:42:46,P-Usine_A-000840,OUI,NON,N/A,MINEUR,RETOUCHE,http://internal-storage/P-Usine_A-000840_vis.jpg
2023-10-26 22:46:40,P-Usine_A-000841,NON,NON,N/A,AUCUN,OK,
2023-10-26 22:42:45,P-Usine_A-000842,NON,NON,999.9,AUCUN,OK,
2023-10-26 22:50:20,P-Usine_A-000843,NON,NON,N/A,AUCUN,OK,
2023-10-26 22:52:17,P-Usine_A-000844,NON,NON,N/A,AUCUN,OK,
2023-10-26 22:48:05,P-Usine_A-000845,NON,NON,N/A,AUCUN,OK,
2023-10-26 22:55:00,P-Usine_A-000846,NON,NON,N/A,AUCUN,OK,
2023-10-26 22:56:42,P-Usine_A-000847,NON,NON,N/A,AUCUN,OK,
2023-10-26 22:52:32,P-Usine_A-000848,OUI,NON,N/A,MINEUR,RETOUCHE,http://internal-storage/P-Usine_A-000848_vis.jpg
2023-10-26 22:52:27,P-Usine_A-000849,NON,NON,N/A,AUCUN,OK,
2023-10-26 22:54:15,P-Usine_A-000850,OUI,NON,N/A,MINEUR,RETOUCHE,http://internal-storage/P-Usine_A-000850_vis.jpg
2023-10-26 22:56:16,P-Usine_A-000851,NON,NON,N/A,AUCUN,OK,
2023-10-26 22:59:06,P-Usine_A-000852,NON,NON,N/A,AUCUN,OK,
2023-10-26 22:59:22,P-Usine_A-000853,NON,NON,N/A,AUCUN,OK,
2023-10-26 23:00:57,P-Usine_A-000854,NON,NON,N/A,AUCUN,OK,
2023-10-26 23:02:09,P-Usine_A-000855,NON,NON,N/A,AUCUN,OK,
2023-10-26 23:05:43,P-Usine_A-000856,NON,NON,N/A,AUCUN,OK,
2023-10-26 23:02:23,P-Usine_A-000857,NON,NON,N/A,AUCUN,OK,
2023-10-26 23:02:12,P-Usine_A-000858,NON,NON,N/A,AUCUN,OK,
2023-10-26 23:05:24,P-Usine_A-000859,NON,NON,N/A,AUCUN,OK,
2023-10-26 23:04:01,P-Usine_A-000860,OUI,NON,N/A,MAJEUR,REBUT,http://internal-storage/P-Usine_A-000860_vis.jpg
2023-10-26 23:04:52,P-Usine_A-000861,NON,NON,N/A,AUCUN,OK,
2023-10-26 23:06:59,P-Usine_A-000862,OUI,NON,N/A,MINEUR,RETOUCHE,http://internal-storage/P-Usine_A-000862_vis.jpg
2023-10-26 23:11:30,P-Usine_A-000863,NON,NON,N/A,AUCUN,OK,
2023-10-26 23:05:04,P-Usine_A-000864,NON,NON,N/A,AUCUN,OK,
2023-10-26 23:13:50,P-Usine_A-000865,NON,NON,N/A,AUCUN,999.9,
2023-10-26 23:15:09,P-Usine_A-000866,NON,NON,N/A,AUCUN,OK,
2023-10-26 23:15:48,P-Usine_A-000867,NON,NON,N/A,AUCUN,OK,
2023-10-26 23:08:37,P-Usine_A-000868,OUI,NON,N/A,MAJEUR,REBUT,http://internal-storage/P-Usine_A-000868_vis.jpg
2023-10-26 23:18:29,P-Usine_A-000869,NON,NON,N/A,AUCUN,OK,
2023-10-26 23:20:10,P-Usine_A-000870,NON,NON,N/A,AUCUN,OK,
2023-10-26 23:16:32,P-Usine_A-000871,NON,NON,N/A,AUCUN,OK,
2023-10-26 23:18:30,P-Usine_A-000872,OUI,NON,N/A,MINEUR,RETOUCHE,http://internal-storage/P-Usine_A-000872_vis.jpg
2023-10-26 23:19:19,P-Usine_A-000873,NON,NON,N/A,AUCUN,OK,
2023-10-26 23:18:22,P-Usine_A-000874,999.9,NON,N/A,AUCUN,OK,
2023-10-26 23:20:32,P-Usine_A-000875,NON,NON,N/A,AUCUN,OK,
2023-10-26 23:18:26,P-Usine_A-000876,NON,NON,N/A,AUCUN,OK,
2023-10-26 23:26:34,P-Usine_A-000877,NON,NON,N/A,AUCUN,OK,
2023-10-26 23:22:57,P-Usine_A-000878,OUI,NON,N/A,MINEUR,RETOUCHE,http://internal-storage/P-Usine_A-000878_vis.jpg
2023-10-26 23:22:12,P-Usine_A-000879,OUI,NON,N/A,MINEUR,RETOUCHE,http://internal-storage/P-Usine_A-000879_vis.jpg
2023-10-26 23:22:12,P-Usine_A-000879,OUI,NON,N/A,MINEUR,RETOUCHE,http://internal-storage/P-Usine_A-000879_vis.jpg
2023-10-26 23:27:21,P-Usine_A-000880,NON,NON,N/A,AUCUN,OK,
2023-10-26 23:28:54,P-Usine_A-000881,OUI,NON,N/A,MINEUR,RETOUCHE,http://internal-storage/P-Usine_A-000881_vis.jpg
2023-10-26 23:30:27,P-Usine_A-000882,NON,NON,N/A,AUCUN,OK,
2023-10-26 23:27:21,P-Usine_A-000883,NON,NON,N/A,AUCUN,OK,
2023-10-26 23:33:52,P-Usine_A-000884,NON,NON,N/A,AUCUN,OK,
2023-10-26 23:25:51,P-Usine_A-000885,NON,NON,N/A,AUCUN,OK,
2023-10-26 23:35:01,P-Usine_A-000886,NON,NON,N/A,AUCUN,OK,
2023-10-26 23:27:45,P-Usine_A-000887,NON,NON,N/A,AUCUN,OK,
2023-10-26 23:30:34,P-Usine_A-000888,NON,NON,N/A,AUCUN,OK,
2023-10-26 23:33:55,P-Usine_A-000889,NON,NON,N/A,AUCUN,OK,
2023-10-26 23:36:52,P-Usine_A-000890,NON,NON,N/A,AUCUN,OK,
2023-10-26 23:38:30,P-Usine_A-000891,NON,NON,N/A,AUCUN,OK,
2023-10-26 23:33:50,P-Usine_A-000892,NON,NON,N/A,AUCUN,OK,
2023-10-26 23:42:15,P-Usine_A-000893,NON,NON,N/A,AUCUN,OK,
2023-10-26 23:43:03,P-Usine_A-000894,NON,NON,N/A,AUCUN,OK,
2023-10-26 23:44:45,P-Usine_A-000895,NON,NON,N/A,AUCUN,OK,
2023-10-26 23:45:03,P-Usine_A-000896,NON,NON,N/A,AUCUN,OK,
2023-10-26 23:41:25,P-Usine_A-000897,NON,NON,N/A,AUCUN,OK,
2023-10-26 23:42:08,P-Usine_A-000898,OUI,NON,N/A,MINEUR,RETOUCHE,http://internal-storage/P-Usine_A-000898_vis.jpg
2023-10-26 23:41:17,P-Usine_A-000899,NON,NON,N/A,AUCUN,OK,
2023-10-26 23:49:58,P-Usine_A-000900,NON,NON,N/A,AUCUN,OK,
2023-10-26 23:49:56,P-Usine_A-000901,NON,NON,N/A,AUCUN,OK,
2023-10-26 23:48:27,P-Usine_A-000902,NON,NON,N/A,AUCUN,OK,
2023-10-26 23:46:19,P-Usine_A-000903,NON,NON,N/A,AUCUN,OK,
2023-10-26 23:53:52,P-Usine_A-000904,NON,NON,N/A,AUCUN,OK,
2023-10-26 23:53:31,P-Usine_A-000905,NON,NON,N/A,AUCUN,OK,
2023-10-26 23:53:53,P-Usine_A-000906,NON,NON,N/A,AUCUN,OK,
2023-10-26 23:57:15,P-Usine_A-000907,NON,NON,N/A,AUCUN,OK,
2023-10-26 23:48:58,P-Usine_A-000908,NON,NON,N/A,AUCUN,OK,
2023-10-26 23:56:28,P-Usine_A-000909,NON,NON,N/A,AUCUN,OK,
2023-10-26 23:52:47,P-Usine_A-000910,NON,NON,N/A,AUCUN,OK,
2023-10-26 23:53:15,P-Usine_A-000911,NON,NON,N/A,AUCUN,OK,
2023-10-27 00:00:25,P-Usine_A-000912,,NON,N/A,AUCUN,OK,
2023-10-26 23:59:46,P-Usine_A-000913,NON,NON,N/A,AUCUN,OK,
2023-10-26 23:59:46,P-Usine_A-000913,NON,NON,N/A,AUCUN,OK,
2023-10-27 00:02:12,P-Usine_A-000914,NON,NON,N/A,AUCUN,OK,
2023-10-26 23:55:37,P-Usine_A-000915,NON,NON,N/A,AUCUN,OK,
2023-10-26 23:57:01,P-Usine_A-000916,NON,NON,N/A,AUCUN,OK,
2023-10-27 00:04:15,P-Usine_A-000917,NON,NON,N/A,AUCUN,OK,
2023-10-27 00:01:04,P-Usine_A-000918,NON,NON,N/A,AUCUN,OK,
2023-10-27 00:02:56,P-Usine_A-000919,NON,NON,N/A,AUCUN,OK,
2023-10-27 00:06:02,P-Usine_A-000920,OUI,NON,N/A,MINEUR,RETOUCHE,http://internal-storage/P-Usine_A-000920_vis.jpg
2023-10-27 00:10:10,P-Usine_A-000921,,NON,N/A,AUCUN,OK,
2023-10-27 00:03:20,P-Usine_A-000922,NON,NON,N/A,AUCUN,OK,
2023-10-27 00:03:20,P-Usine_A-000923,NON,NON,N/A,AUCUN,OK,
2023-10-27 00:05:36,P-Usine_A-000924,OUI,NON,N/A,MINEUR,RETOUCHE,http://internal-storage/P-Usine_A-000924_vis.jpg
2023-10-27 00:05:36,P-Usine_A-000924,OUI,NON,N/A,MINEUR,RETOUCHE,http://internal-storage/P-Usine_A-000924_vis.jpg
2023-10-27 00:13:04,P-Usine_A-000925,NON,NON,N/A,AUCUN,OK,
2023-10-27 00:15:06,P-Usine_A-000926,NON,NON,N/A,AUCUN,OK,
2023-10-27 00:10:34,P-Usine_A-000927,NON,NON,N/A,999.9,OK,
2023-10-27 00:09:53,P-Usine_A-000928,NON,NON,N/A,AUCUN,OK,
2023-10-27 00:14:26,P-Usine_A-000929,NON,NON,N/A,AUCUN,OK,
2023-10-27 00:12:03,P-Usine_A-000930,NON,NON,N/A,AUCUN,OK,
2023-10-27 00:14:30,P-Usine_A-000931,NON,NON,N/A,AUCUN,OK,
2023-10-27 00:13:53,P-Usine_A-000932,NON,NON,N/A,AUCUN,OK,
2023-10-27 00:13:53,P-Usine_A-000932,NON,NON,N/A,AUCUN,OK,
2023-10-27 00:13:40,P-Usine_A-000933,NON,NON,N/A,AUCUN,OK,
2023-10-27 00:19:57,P-Usine_A-000934,NON,NON,N/A,AUCUN,OK,
2023-10-27 00:20:29,P-Usine_A-000935,OUI,NON,N/A,MINEUR,RETOUCHE,http://internal-storage/P-Usine_A-000935_vis.jpg
2023-10-27 00:19:52,P-Usine_A-000936,NON,NON,N/A,AUCUN,OK,
2023-10-27 00:18:24,P-Usine_A-000937,NON,NON,N/A,AUCUN,OK,
2023-10-27 00:18:24,P-Usine_A-000937,NON,NON,N/A,AUCUN,OK,
2023-10-27 00:24:47,P-Usine_A-000938,NON,NON,N/A,AUCUN,OK,
2023-10-27 00:23:58,P-Usine_A-000939,NON,NON,N/A,AUCUN,OK,
2023-10-27 00:22:12,P-Usine_A-000940,NON,NON,N/A,AUCUN,OK,
2023-10-27 00:23:56,P-Usine_A-000941,NON,NON,N/A,AUCUN,OK,
2023-10-27 00:24:10,P-Usine_A-000942,NON,NON,N/A,AUCUN,OK,
2023-10-27 00:24:48,P-Usine_A-000943,NON,NON,N/A,AUCUN,OK,
2023-10-27 00:30:32,P-Usine_A-000944,NON,NON,N/A,AUCUN,OK,
2023-10-27 00:27:18,P-Usine_A-000945,NON,NON,N/A,AUCUN,OK,
2023-10-27 00:32:38,P-Usine_A-000946,NON,NON,N/A,AUCUN,OK,
2023-10-27 00:27:55,P-Usine_A-000947,NON,NON,N/A,AUCUN,OK,
2023-10-27 00:30:58,P-Usine_A-000948,NON,NON,N/A,AUCUN,OK,
2023-10-27 00:35:25,P-Usine_A-000949,NON,NON,N/A,AUCUN,OK,
2023-10-27 00:31:02,P-Usine_A-000950,NON,NON,N/A,AUCUN,OK,
2023-10-27 00:35:13,P-Usine_A-000951,NON,NON,N/A,AUCUN,OK,
2023-10-27 00:41:27,P-Usine_A-000952,NON,NON,N/A,AUCUN,OK,
2023-10-27 00:40:06,P-Usine_A-000953,NON,NON,N/A,AUCUN,OK,
2023-10-27 00:35:54,P-Usine_A-000954,NON,NON,N/A,AUCUN,OK,
2023-10-27 00:42:06,P-Usine_A-000955,NON,NON,N/A,AUCUN,OK,
2023-10-27 00:40:14,P-Usine_A-000956,NON,NON,N/A,AUCUN,OK,
2023-10-27 00:44:59,P-Usine_A-000957,NON,NON,N/A,AUCUN,OK,
2023-10-27 00:41:52,P-Usine_A-000958,NON,NON,N/A,AUCUN,OK,
2023-10-27 00:43:26,P-Usine_A-000959,NON,NON,N/A,AUCUN,OK,
2023-10-27 00:44:58,P-Usine_A-000960,NON,NON,N/A,AUCUN,OK,
2023-10-27 00:41:53,P-Usine_A-000961,OUI,NON,N/A,MINEUR,RETOUCHE,http://internal-storage/P-Usine_A-000961_vis.jpg
2023-10-27 00:52:01,P-Usine_A-000962,NON,NON,N/A,AUCUN,OK,
2023-10-27 00:48:19,P-Usine_A-000963,NON,NON,N/A,AUCUN,OK,
2023-10-27 00:46:57,P-Usine_A-000964,OUI,NON,N/A,MINEUR,RETOUCHE,http://internal-storage/P-Usine_A-000964_vis.jpg
2023-10-27 00:50:28,P-Usine_A-000965,NON,NON,N/A,AUCUN,OK,
2023-10-27 00:49:11,P-Usine_A-000966,NON,NON,N/A,AUCUN,OK,
2023-10-27 00:56:19,P-Usine_A-000967,OUI,NON,N/A,MINEUR,RETOUCHE,
2023-10-27 00:48:42,P-Usine_A-000968,NON,NON,N/A,AUCUN,OK,
2023-10-27 00:57:03,P-Usine_A-000969,NON,NON,N/A,AUCUN,OK,
2023-10-27 00:56:09,P-Usine_A-000970,NON,NON,N/A,AUCUN,OK,
2023-10-27 00:53:46,P-Usine_A-000971,NON,NON,N/A,AUCUN,OK,
2023-10-27 00:57:51,P-Usine_A-000972,NON,NON,N/A,AUCUN,OK,
2023-10-27 01:02:06,P-Usine_A-000973,NON,NON,N/A,AUCUN,OK,
2023-10-27 00:56:51,P-Usine_A-000974,OUI,NON,N/A,MINEUR,RETOUCHE,http://internal-storage/P-Usine_A-000974_vis.jpg
2023-10-27 01:05:21,P-Usine_A-000975,NON,NON,N/A,AUCUN,OK,
2023-10-27 00:56:29,P-Usine_A-000976,NON,NON,N/A,AUCUN,OK,
2023-10-27 01:06:22,P-Usine_A-000977,NON,NON,N/A,AUCUN,OK,
2023-10-27 00:59:22,P-Usine_A-000978,OUI,NON,N/A,MINEUR,RETOUCHE,http://internal-storage/P-Usine_A-000978_vis.jpg
2023-10-27 01:00:51,P-Usine_A-000979,NON,NON,N/A,AUCUN,OK,
2023-10-27 01:02:54,P-Usine_A-000980,NON,NON,N/A,AUCUN,OK,
2023-10-27 01:04:17,P-Usine_A-000981,NON,NON,N/A,AUCUN,OK,
2023-10-27 01:06:59,P-Usine_A-000982,NON,NON,N/A,AUCUN,OK,
2023-10-27 01:09:02,P-Usine_A-000983,NON,NON,N/A,AUCUN,OK,
2023-10-27 01:05:27,P-Usine_A-000984,NON,NON,N/A,AUCUN,OK,
2023-10-27 01:08:26,P-Usine_A-000985,NON,NON,N/A,AUCUN,OK,
2023-10-27 01:12:21,P-Usine_A-000986,OUI,NON,N/A,MINEUR,RETOUCHE,http://internal-storage/P-Usine_A-000986_vis.jpg
2023-10-27 01:15:17,P-Usine_A-000987,NON,NON,N/A,AUCUN,OK,
2023-10-27 01:15:17,P-Usine_A-000987,NON,NON,N/A,AUCUN,OK,
2023-10-27 01:15:08,P-Usine_A-000988,NON,NON,N/A,AUCUN,OK,
2023-10-27 01:11:28,P-Usine_A-000989,NON,NON,N/A,AUCUN,OK,999.9
2023-10-27 01:15:49,P-Usine_A-000990,NON,NON,,AUCUN,OK,
2023-10-27 01:17:08,P-Usine_A-000991,NON,NON,N/A,AUCUN,OK,
2023-10-27 01:14:19,P-Usine_A-000992,NON,NON,N/A,AUCUN,OK,
2023-10-27 01:15:38,P-Usine_A-000993,NON,NON,N/A,AUCUN,OK,
2023-10-27 01:19:38,P-Usine_A-000994,NON,NON,N/A,AUCUN,OK,
2023-10-27 01:18:38,P-Usine_A-000995,OUI,NON,N/A,MAJEUR,REBUT,http://internal-storage/P-Usine_A-000995_vis.jpg
2023-10-27 01:23:08,P-Usine_A-000996,OUI,NON,N/A,MINEUR,RETOUCHE,http://internal-storage/P-Usine_A-000996_vis.jpg
2023-10-27 01:21:27,P-Usine_A-000997,NON,NON,N/A,AUCUN,OK,
2023-10-27 01:27:12,P-Usine_A-000998,NON,NON,N/A,AUCUN,OK,
2023-10-27 01:19:11,P-Usine_A-000999,NON,NON,N/A,AUCUN,OK,
2023-10-27 01:19:11,P-Usine_A-000999,NON,NON,N/A,AUCUN,OK,
2023-10-27 01:20:30,P-Usine_A-001000,NON,NON,N/A,AUCUN,OK,
